row_id,date_time,p_date,version,pid,p_num,p_main_desc,p_form_1_name,p_form_2_name,p_form_3_name,p_form_1_desc,p_form_2_desc,p_form_3_desc,p_type,p_status,p_comm_name,p_comments,p_map_a3
1,"2017-04-18 23:21:24",20170415,1,H001,12,"From the confluence of the River Ribble and the River Calder at Hacking Hall, by River Ribble to its confluence with the brook between Shuttleworth Farm and ‘Fishes and Peggy Hill’. SE  in a straight line (excluding Standen Hey Farm but including Barrow Gardens) to the junction of  Whalley Road with the A671 and the A59. SE by a straight line to the trigonometry pillar 315m  near Jeppe Knave Grave, SW to the road at Wiswell Moor Houses and by this road to the track to Lower Clerk Hill Farm, SE  along Sabden Brook  to Read Old Bridge crossing Old Roman Roadand to Read New Bridge crossing A671 to its confluence with the River Calder. From Cock Bridge  crossing A680 downstream to its confluence with Dean Brook NW by Heys Farm and Berrys Lane to Shawcliffe Lane. From the boundary stone on Shawcliffe Lane  to the lane from Whalley Old Rd and to the junction of Elker Lane and Whalley New road (Pasturelands Drive being in English Martyrs) to the bridge over the A59, thence by a bee-line N to the weir opposite the sewage works on the River Calder. By this to its confluence with the River Ribble.",,,,,,,LP,draft,,,a3/H001_20170415_A3.pdf
2,"2017-04-18 23:21:24",20170415,1,H002,3,"From the roundabout at Junction 6, along the slip road to and S along the M65 Motorway to Lower Spew Spout Farm then by the Hyndburn  - Blackburn with Darwen District Boundary S to and by Elton Rd A6177 W by Belthorn Road (but excluding Belthorn Village) to the bend at Tower View W by a straight line passing north of Bank Fold Farm  and N of New Waterside Paper Mill and by the stream to Davy Field Bridge at the M65, and by Roman Road to its junction Blackamoor Road north by Roman Road to Brandy House Brow and west by Park Lee Road Lyndhurst Road Pritchard St and Longshaw Lane to and along Bolton Road and north by the railway line to the Railway Station to Cicily Lane and Cicily Street to the Leeds and Liverpool Canal. By the canal to Hardwood Street to its junction with Stanley Street. Then by a straight beeline to and along the railway to Whitebirk Drive, S to the roundabout at Junction 6 of the M65 Motorway.",,,,,,,LP,draft,,,a3/H002_20170415_A3.pdf
3,"2017-04-18 23:21:24",20170415,1,H003,2,"By Lammack Road north crossing Ramsgreave Drive A6119, and Barker Lane to the junction with Zechariah Brow and Higher Ramsgreave Road, N by Saccary La. and Anderton House, NW by Showley Brook and footpath S of Clayton Hey Farm, SE by Ribchester Rd., crossing Whalley Road A666 by Hollowhead Lane, Rishton Road, Blackburn Old Road to the Hyndburn – Blackburn with Darwen Boundary, and E by a footpath running parallel to and between Whalley Old Road and Cunliffe Road, N by Brownhill Drive, W by Clarendon Road, Whalley New Road, then W by a line behind 96 Openshaw Drive and by the Openshaw Drive, Pleck Farm Avenue, and across the playing fields of the new estate to Lammack Road.",,,,,,,LP,draft,,,a3/H003_20170415_A3.pdf
4,"2017-04-18 23:21:24",20170415,1,H004,10,"WITHIN THE DIOCESE OF SALFORD.
From Middleforth Hall on Factory Lane at the Diocesan Boundary E by the public footpath to and along the old tram road to and S by Todd Lane North to Todd Lane South to Stone Bridge over the River Lostock and W by the river Lostock to the Diocesan boundary.

WITHIN THE ARCHDIOCESE OF LIVERPOOL.
From Middleforth Hall on Factory Lane E to the Old Tram Road and S along its course to Todd Lane North then S to Todd Lane South to the River Lostock at Stone Bridge then by the River Lostock W to Fowler Lane Bridge then NW by Church Lane to its junction with Coote Lane then SW in a straight line to Naptha Cottage then NW to the junction of Chain House Lane and Newgate Lane then NE to Crooks Farm on Bee Lane then E by this to the railway line and by this N to Middleforth Hall on Factory Lane.",,,,,,,LP,draft,"Parish is served by a Benedictine Community.",,a3/H004_20170415_A3.pdf
5,"2017-04-18 23:21:24",20170415,1,H005,11,"From the point where Beeston Brook crosses Quaker Brook Lane, by  Alum House Brook  SW to  Quaker Brook Lane crossing Hoghton Lane A675 to junction 9 of motorway M65 / M61 then N to junction 30 of motorway M6 / M61 and  W by Cottage Lane and N by Charnley Fold Lane to the point where this turns W and from this point by a beeline to cross London Way A6 at Limekiln Cottage to cross Todd Lane then E and turning N by the old Tram Road to the River Ribble and E by the Preston – South Ribble civil boundaryback to Brockholes Bridge, junction 31 of the motorway M6, and by a beeline to and along Potter Lane, crossing Cuerdale Lane, then by Beeston Brook, to the point where it crosses Quaker Brook Lane.",,,,,,,LP,draft,,,a3/H005_20170415_A3.pdf
6,"2017-04-18 23:21:24",20170415,1,H006,3,"From the junction of Roman Road and Stopes Brow, W by Stopes Brow, Rakes Bridge, Fore Street to River Darwen. Then N by River Darwen, to Bolton Road, and N along Bolton Road, then S E (after bent) by Longshaw Lane, Pritchard Street, Lyndhurst Road, Park Lee Road, and S by Roman Road to its junction with Stopes Brow.",,,,,,,LP,draft,,,a3/H006_20170415_A3.pdf
7,"2017-04-18 23:21:24",20170415,1,H007,7,"From Smithies Bridge on the A59 N by the River Ribble N to Skirden Beck to Grunsagill OS782543 N by the Ribble Valley - Craven Civil boundary to Tosside OS770560 N then W to Ravens Castle or Crowd Stones on Great Harlow Fell OS694613 W and S by the Ribble Valley - Lancaster Civil boundary over Hawthorntwaite Fell to the Ribble Valley - Wyre Civil boundary OS575505 SE to the cairn on Fair Snape Fell W by the Civil boundary with Bowland-with-Leagram to Burholme Bridge OS657479 S by the River Hodder to River Ribble N by the Ribble to its confluence with Smithies Brook and to Smithies Bridge on the A59.",,,,,,,LP,draft,,,a3/H007_20170415_A3.pdf
8,"2017-04-18 23:21:24",20170415,1,H008,1,"From the point where Ribble Valley – Blackburn District boundary crosses Lammack Road, S along Lammack Road,  to the bend in Lammack Road near West Leigh Road, and by a beeline to and along Paignton Road, W along Revidge Road and S along Brantfell Road, SW along East Park Road, W along Preston New Road, SW along Crosshill Road and by a bee-line to the junction of Wensley Road and Buncer Lane, then N along Buncer Lane to its junction with Billinge Avenue (both sides in Sacred Heart parish) and SW by a beeline to south end of Lawley Road (both sides in Sacred Heart parish). N by Lawley Road, W by Under Billinge Lane and N following W boundary of Billinge Wood to and along Killiard Lane and Billinge End Road. Then by a beeline N to and along western boundary of Westholme Senior School and Sixth Form (but excluding the schools), continuing N to and E along Ribble Valley - Blackburn District boundary (near, but excluding Arley Farm) to its crossing with Lammack Road.",,,,,,,LP,draft,,,a3/H008_20170415_A3.pdf
9,"2017-04-18 23:21:24",20170415,1,H009,5,"From the Diocesan Boundary E by the M65 Motorway to Bolton Road and NE along Sandy Lane (both sides in the Sacred Heart and St Edward Parish, Darwen) to the River Darwen and along Fore Street, Rakes Bridge and Stopes Brow to Roman Road and S to Davy Field Bridge. From Davy Field Bridge on the M65 at Roman Road to and along Dandy Row to and along Pot House Lane, Holden Fold to the Office public house, southwest by the public footpath, across Ivinson Road between Number 34 and Number 32, past and to the W of St James’ Church to the Punch Bowl public house, by the Chapels and S by Chapels Brow, Quaker Lane, Cotton Hall Street, under the railway and by the public footpath crossing open land and across the river bridge to Charles Street, across the A666 to and by Vale Street and Tockholes Road (both sides in the Sacred Heart and St Edwards parish), then by footpaths to Ryal Fold and the other Tockholes Road, then by the footpath to the bridge over the River Roddlesworth, and then by the diocesan boundary to its crossing with M65 Motorway.",,,,,,,LP,draft,,,a3/H009_20170415_A3.pdf
10,"2017-04-18 23:21:24",20170415,1,H010,11,"From Brockholes Bridge, junction 31 of the motorway M6 E  by the River Ribble and the Preston - South Ribble civil boundary to Spring Wood then S by the Ribble Valley – South Ribble civil boundary to Myerscough Smithy crossing  Whalley Road A59 then by a straight line SE across Salmesbury Aerodrome crossing Preston New Road A677 at  the west end of Higher Barn (presently KFC) by a bee-line S to meet the Ribble Valley – South Ribble civil boundary at Hoolster Hill along which by  Alum House Brook  SW to  Quaker Brook Lane, then by  Beeston Brook NW River Darwen to Carver Bridge NW along Potter Lane  crossing Cuerdale Lane and by a bee-line to Brockholes Bridge junction 31 of M6.",,,,,,,LP,draft,,,a3/H010_20170415_A3.pdf
11,"2017-04-18 23:21:24",20170415,1,H011,6,"From Duddel Brook passing Dean Brown, E along Dean Brown then, Starling Brook and W along River Ribble, then SW to Salesbury Hall and in a straight line to Salloms OS665342, NW to Catterall and Lower Madgell Bank, W by River Ribble to and along diocesan boundary to Spade Mill Reservoir, then W along Lower Rd, Clitheroe Rd and Dean Brown to its crossing with Duddel Brook.",,,,,,,LP,draft,,,a3/H011_20170415_A3.pdf
12,"2017-04-18 23:21:24",20170415,1,H012,2,"From Blackburn Railway Station, along Railway Road, Ainsworth Street, Barbara Castle Way, Preston New Road, East Park Road, Brantfell Road and via the steps to and along Revidge Road,  Paignton Road and by a beeline to Lammack Road, from Lammack Road SE across the playing fields to the new estate, including Swallowfields and Curlew Close but excluding Kingfisher Close and Aspinall Fold and by the footpath south of 53 Pleckgate Road to Pleckgate Road and by Pleck Farm Avenue and Openshaw Drive to the “circle” and then by a line behind 96 Openshaw Drive to Whalley New Road by the Skew Bridge, including Sycamore Road and Sycamore Close but excluding Briar Road and Rosewood Avenue, and by Clarendon Road to and along Brownhill Drive to and along the footpath running parallel to and between Whalley Old Road and Cunliffe Road, S along this boundary to the Leeds and Liverpool Canal and by the canal to the railway line and by the railway line to a point opposite Harwood Street, then by Harwood Street to and along the Liverpool and Leeds Canal to Cicely Street and by Cicely Lane to and along the railway to Blackburn Railway Station.",,,,,,,LP,draft,,,a3/H012_20170415_A3.pdf
13,"2017-04-18 23:21:24",20170415,1,H013,1,"From the junction of East Park Road and Preston New Road, E along Preston New Road and Barbara Castle Way. By a beeline S to and along Ainsworth Street, then W along Church Street, Higher Church Street, SW along Astley Gate, King Street, Whalley Banks and Bank Top. Then N along Garden Street, W along Wensley Road. Then by a bee-line NE to and along Crosshill Road, and E along Preston New Road.",,,,,,,LP,draft,,,a3/H013_20170415_A3.pdf
14,"2017-04-18 23:21:24",20170415,1,H014,5,"From Davy Field Bridge on the M65 at Roman Road passing N of New Waterside Paper Mill and Bank Fold Farm, excluding Belthorn to and along Belthorn Road, Elton Road, then W by Rossendale - Hyndburn district boundary, and S by Blackburn – Rossendale district boundary and W along the north boundary of North Turton civil parish, to and N along diocesan boundary  to the bridge over the River Roddlesworth.",,,,,,,LP,draft,,,a3/H014_20170415_A3.pdf
15,"2017-04-18 23:21:24",20170415,1,H015,4,"M65 Motorway and westerly by the motorway to the Diocesan boundary which follows the River Roddlesworth to its confluence with the River Darwen and upstream along the River Darwen to its confluence with the Alum House Brook and along this brook and Arley Brook to but excluding Arley Farm and southward by the tracks passing by but including Westholme School and across Meins Road to Billinge End Road. Eastwards along Billinge End Road to and along Killards Lane and the track to Under Billinge Lane and by this lane, Lawley Road and Billinge Avenue (both ofwhich are wholly in the parish of the Sacred Heart and St Anne) to and along Buncer Lane to its junction with Wensley Road. From the junction of Wensley Road and Buncer Lane, by a straight line across Witton Park to the Feniscliffe bridge where Preston Old Road crosses the River Darwen. Along Preston Old Road and St Francis Road (both sides) to its junction with Feniscliffe Drive, then by the track south-easterly crossing over the railway to the Leeds and Liverpool Canal. Then westerly by the canal to the bridge between Cherry Tree Lane and Beechwood Drive, and by Beechwood Drive (both sides) to Livesey Branch Road. Then by a straight line from between 531 and 533 Livesey Branch Road to the junction of Horden Rake and Brokenstone Road, excluding Horden Farm, and along the track via Fowler Fold but excluding Lower Whitehalgh Farm to Stockclough Lane and southerly by this lane to the M65 Motorway.",,,,,,,LP,draft,,,a3/H015_20170415_A3.pdf
16,"2017-04-18 23:21:24",20170415,1,H016,9,"From Kittlingbourne Bridge over the M6 at junction 30 at Prospect Hill, S by M61 to junction 9 at a point adjacent to the junction of Clayton Brook Road and Great Green Lane, NW crossing the A6 following the River Lostock on the N side of Riverside and Holme Road, SW crossing A6 to Stone Bridge, N at Todd Lane South to Todd Lane North at Limekiln Cottage, E to corner of Charnley Fold and Cottage Lane to Kittlingbourne Bridge at Prospect Hill.",,,,,,,LP,draft,"Area served from Liverpool Archdiocese","NW along the ‘greenway corridor’ (which marks the Salford Diocese – Liverpool Archdiocese boundary,  formerly the Hundred of Blackburnshire) and which separates the following streets in Salford Diocese: Great Green Lane, Tunley Holme, School Field, Clayton Brook and most of Daisy Meadow, from the following streets in Liverpool Archdiocese: The Heathers, Well Orchard and part of Daisy Meadow, to a point where it meets Preston Road A6 at Clayton Brook SW by this brook and the Ribble-Chorley civic boundary to the River Lostock and NW across the complex junction of M6 and M65.",a3/H016_20170415_A3.pdf
17,"2017-04-18 23:21:24",20170415,1,H017,6,"From the Longridge Fell  Trigonometric Point at Spire Hill on Longridge Fell OS658411 by the tract to but excluding Barracks, then north-westerly to and by the stream by but excluding Wallbanks to its confluence with the River Hodder, upstream by the River Hodder by Doeford Bridge to the confluence with Red Syke Brook just south of Burholme Bridge and by the civil parish boundary  to the cairn (OS597473) on Fair Snape Fell and southwards by the diocesan boundary across Parlick to the road at Loud Higher Bridge and by the road, Height Lane, Mill Lane, Hesketh Lane  and Forty Acre Lane by Jeffrey Hill, then by a track north-easterly via Spire Hill towards Hare Hill, then by a bee-line and track northwards to the road, turning left by the road to the Longridge Fell  Trigonometric Point at Spire Hill on Longridge Fell OS658411.",,,,,,,LP,draft,,,a3/H017_20170415_A3.pdf
18,"2017-04-18 23:21:24",20170415,1,H018,12,"From the boundary stone on Shawcliffe Lane SW  along the Ribble Valley / Hyndburn civil boundary, to  York Road,  Rishton Road and N along Hollowhead Lane, crossing Whalley New Road A666 then along  Ribchester Road B6245 and W along River Ribble.",,,,,,,LP,draft,,,a3/H018_20170415_A3.pdf
19,"2017-04-18 23:21:24",20170415,1,H019,12,"SW at Clayton Hey Farm and by the footpath W of the Sewerage Works. W by Showley Brook to and S by Saccary Lane, Zechariah Brow  and Barker Lane. W by Arley Brook and the Ribble Valley - Blackburn with Darwen civil boundary crossing Preston New Road A677 just north of Yew Tree Drive A6119 to the Ribble Valley - Blackburn with Darwen civil boundary then to the Ribble Valley - South Ribble civil boundary to where it crosses Further Lane near Alum Scar Lane then by a  straight line north to Higher Barn Farm (presently KFC takeaway) crossing Preston New Road by a straight line NW  across Samlesbury airfield to meet the Ribble Valley - South Ribble civil boundary  at Myerscough Smithy on the A59, then by Ribble Valley - South Ribble civil boundary to the River Ribble at Spring Wood along River Ribble to Waterside Farm, and by a beeline to and along Ribchester Road to  Clayton Hey Farm.",,,,,,,LP,draft,,,a3/H019_20170415_A3.pdf
20,"2017-04-18 23:21:24",20170415,1,H020,7,"NE from Apronfull Hill OS778394 by the civil parish boundary to Ogden Clough, and along it to and along the Ribble Valley and Pendle District Boundary over Pendle Hill, by a straight line from crossing of Ribble Valley - Pendle District boundary and Ogden Clough to 376670,438451 near Wymondhouses Farm (315 trig point near Jeppe Knave Grave OS762380). Then SE by the edge of the wood to and along the track and road past Wiswell Moor Houses to the track at Lower Clerk Farm OS751364, then by the stream to its confluence with Sabden Brook and by Sabden Brook to Old Read Bridge OS752354, then E along Old Roman Road, Back Lane and Stump Hall Road and Haddings Lane past Haddings Head, and right along the unnamed road and track to Spenbrook Road OS822383 and NW by tracks via Bull Hole to Well Head OS816393 on Well Head Road, then by straight lines to Driver Height, Spence Moor and Apronfull Hill.",,,,,,,LP,draft,,,a3/H020_20170415_A3.pdf
21,"2017-04-18 23:21:24",20170415,1,H021,7,"From the point where Ogden Clough meets Ribble Valley and Pendle District boundary, N by that boundary to the diocesan boundary at Helliwell Wood OS833428 NW by the diocesan boundary across Twiston Moor to the start of Ings Brook W by this brook via Clough Head, Ings End OS815447 to its confluence with Swanside Beck OS785454 and by Smithies Brook to Smithies Bridge on the A59. (former boundary between St Hubert and St Michael and St John: by river Ribble point opposite the confluence of Pig Hill Brook OS723394 SE by a straight line to the junction of the A671 and the A59T and by a second straight line to the 315 trig point near Jeppe Knave Grave OS762380 and by a straight line  the point where Ogden Clough meets Ribble Valley and Pendle District boundary.",,,,,,,LP,draft,,,a3/H021_20170415_A3.pdf
22,"2017-04-18 23:21:24",20170415,1,H022,8,"From the Craven Heifer by the track to and including Barracks, then north-westerly to and by the stream by and including Wallbanks to its confluence with the River Hodder, then downstream along the River Hodder to its confluence with the River Ribble, then downstream by the River Ribble to its confluence with Starling Book, and upstream by Starling Brook to a bridge north of Grindlestone House, then westerly by a bee-line passing south of Grimshaw House to the Duddel Brook, and upstream under Dean Brow to a bridge then southward by a path to Huntington Hall Road continuing by a bee-line to a track junction with Old Clitheroe Road and northwards by this track and footpath to the watershed of Longridge Fell and along the watershed via Spire Hill towards Harehill, then by a bee-line and track northwards to the road, turning left by the road to the Craven Heifer.",,,,,,,LP,draft,,,a3/H022_20170415_A3.pdf
23,"2017-04-18 23:21:24",20170415,1,H023,4,"From the junction of Wensley Road and Buncer Lane, along Wensley Road, Garden Street, Bank Top, Whalley Banks, King Street, Astley Gate, Church Street and Railway Street to Blackburn Station; then south easterly by the railway line to Darwen Bridge and along Great Bolton Street and Bolton Road to its junction with and N along Aqueduct Road, then W along Leeds and Liverpool Canal (opposite Amberwood Drive), then N to and along St Francis Road, Preston Old Road to its junction with an unnamed road N of river Darwen, and by a beeline to the junction of Buncer Lane and Wensley Road.",,,,,,,LP,draft,,,a3/H023_20170415_A3.pdf
24,"2017-04-18 23:21:24",20170415,1,H024,4,"From the crossing of Leeds Liverpool Canal and Aqueduct Road, through Bolton Road to and S along River Darwen, then W along Sandy Lane to M65 Motorway, to and N along Stockclough Lane, and along a track via Fowler Fold, but excluding Lower Whitehalgh Farm to the junction of Horden Rake and Brokenstone Road, excluding Horden Farm and by a straight line to between 531 and 533 Livesey Branch Road, then by a beeline to and along Beechwood Drive and Leeds and Liverpool Canal to the point opposite Amberwood Drive.",,,,,,,LP,draft,,,a3/H024_20170415_A3.pdf
25,"2017-04-18 23:21:24",20170415,1,H025,6,"From and E along Loud Bridge Rd near Fairclough Farm, Height Ln, Hesketh Ln, Rock Brow, Forty Acre Ln, then E onto unnamed road near Cardwell House to its bend, and then along track to Longridge Fell  Trigonometric Point at Spire Hill on Longridge Fell OS658411. S passing between Lennox Farm and Plantation farm the Goodshaw House passing to the E of Dutton Manor to Dean Brow on the B6243. Then E along Dean Brown, Clitheroe Rd, Lower Rd to and west, then north along diocesan boundary to the Loud Bridge Rd.",,,,,,,LP,draft,,,a3/H025_20170415_A3.pdf
26,"2017-04-18 23:21:24",20170415,1,H026,1,"From the point where Ribble Valley – Blackburn District boundary crosses Lammack Road, S along Lammack Road,  to the bend in Lammack Road near West Leigh Road, and by a beeline to and along Paignton Road, W along Revidge Road and S along Brantfell Road, SW along East Park Road. East along Preston New Road and Barbara Castle Way. By a beeline S to and along Ainsworth Street, then W along Church Street, Higher Church Street, SW along Astley Gate, King Street, Whalley Banks and Bank Top. Then N along Garden Street, W along Wensley Road, to its junction with Buncer Lane, then N along Buncer Lane to its junction with Billinge Avenue (both sides in Sacred Heart & St Anne parish) and SW by a beeline to south end of Lawley Road (both sides in Sacred Heart & St Anne parish). N by Lawley Road, W by Under Billinge Lane and N following W boundary of Billinge Wood to and along Killiard Lane and Billinge End Road. Then by a beeline N to and along W boundary of Westholme Senior School and Sixth Form, continuing N to and E along Ribble Valley - Blackburn District boundary (near, but excluding Arley Farm) to its crossing with Lammack Road.","Former boundary between Sacred Heart and St Anne",,,"West along Preston New Road, SW along Crosshill Road and by a bee-line to the junction of Wensley Road and Buncer Lane.",,,PA,draft,,,a3/H008H013_20170415_A3.pdf
27,"2017-04-18 23:21:24",20170415,1,H027,2,"From Blackburn Railway Station, along Railway Road, Ainsworth Street, Barbara Castle Way, Preston New Road, East Park Road, Brantfell Road and via the steps to and along Revidge Road,  Paignton Road and by a beeline to and N along Lammack Road, crossing Ramsgreave Drive A6119 and Barker Lane to the junction with Zechariah Brow and Higher Ramsgreave Road, N by Saccary Lane and Anderton House, NW by Showley Brook and footpath S of Clayton Hey Farm, SE by Ribchester Road, crossing Whalley Road A666 by Hollowhead Lane, Rishton Road, Blackburn Old Road to the Hyndburn – Blackburn with Darwen Boundary, S along this boundary to the Leeds and Liverpool Canal and by the canal to the railway line and by the railway line to a point opposite Harwood Street, then by Harwood Street to and along the Liverpool and Leeds Canal to Cicely Street and by Cicely Lane to and along the railway to Blackburn Railway Station.","Former boundary between St Alban and Holy Souls",,,"From Lammack Road SE across the playing fields to the new estate, including Swallowfields and Curlew Close but excluding Kingfisher Close and Aspinall Fold and by the footpath south of 53 Pleckgate Road to Pleckgate Road and by Pleck Farm Avenue and Openshaw Drive to the “circle” and then by a line behind 96 Openshaw Drive to Whalley New Road by the Skew Bridge, including Sycamore Road and Sycamore Close but excluding Briar Road and Rosewood Avenue, and by Clarendon Road to and along Brownhill Drive to and along the footpath running parallel to and between Whalley Old Road and Cunliffe Road",,,AA,draft,,,a3/H003H012_20170415_A3.pdf
28,"2017-04-18 23:21:24",20170415,1,H028,3,"From the roundabout at Junction 6, along the slip road to and S along the M65 Motorway to Lower Spew Spout Farm, then by the Hyndburn  - Blackburn with Darwen District Boundary S to and by Elton Rd A6177, W by Belthorn Road (but excluding Belthorn Village) to the bend at Tower View W by a straight line passing north of Bank Fold Farm  and N of New Waterside Paper Mill and by the stream to Davy Field Bridge at the M65,N along Roman Road west along Stopes Brow, Rakes Bridge, Fore Street, by the River Darwen to Bolton Road and north by the railway line to the Railway Station to Cicily Lane and Cicily Street to the Leeds and Liverpool Canal. By the canal to Hardwood Street to its junction with Stanley Street. 
Then by a straight beeline to and along the railway to Whitebirk Drive, S to the roundabout at Junction 6 of the M65 Motorway.","Former boundary between Holy Family and Our Lady of Perpetual Succour",,,"From the junction with Blackamoor Road north by Roman Road to Brandy House Brow and west by Park Lee Road Lyndhurst Road Pritchard St and Longshaw Lane to Ewood Bridge.",,,PA,draft,,,a3/H002H006_20170415_A3.pdf
29,"2017-04-18 23:21:24",20170415,1,H029,4,"M65 Motorway and westerly by the motorway to the Diocesan boundary which follows the River Roddlesworth to its confluence with the River Darwen and upstream along the River Darwen to its confluence with the Alum House Brook and along this brook and  Arley Brook to but excluding Arley Farm and southward by the tracks passing by but including Westholme School and across Meins Road to Billinge End Road. Eastwards along Billinge End Road to and along Killards Lane and the track to Under Billinge Lane and by this lane, Lawley Road and Billinge Avenue (both of which are wholly in the parish of the Sacred Heart and St Anne) to and along Buncer Lane to its junction with Wensley Road then along Wensley Road, Garden Street, Bank Top, Whalley Banks, King Street, Astley Gate, Church Street and Railway Street to Blackburn Station; then south easterly by the railway line to Darwen Bridge and along Great Bolton Street and Bolton Road to the River Darwen
From the River Darwen along Sandy Lane (both sides in the Sacred Heart and St Joseph parish Darwen) to Bolton Road and westerly by the M65 to the Diocesan boundary.","Former boundary between St John Vianney and St Peter in Chains","Former boundary between St Peter and SS Mary and John","Former boundary between St John Vianney and Ss Mary and John","From crossing of M65 Motorway and Stockclough Lane, along Stockclough Lane and  a track via Fowler Fold, but excluding Lower Whitehalgh Farm to the junction of Horden Rake and Brokenstone Road, excluding Horden Farm and by a straight line to between 531 and 533 Livesey Branch Road, then by a beeline to and along Beechwood Drive and Leeds and Liverpool Canal to the point opposite Amberwood Drive.","From Leeds and Liverpool Canal (opposite Amberwood Drive), then N to and along St Francis Road, Preston Old Road to its junction with an unnamed road N of river Darwen, and by a beeline to the junction of Buncer Lane and Wensley Road.","From Bolton Road junction with Longshaw Lane, along Bolton Road to its junction with and N along Aqueduct Road, then W along Leeds and Liverpool Canal (opposite Amberwood Drive).",PA,draft,,,a3/H015H023H024_20170415_A3.pdf
30,"2017-04-18 23:21:24",20170415,1,H030,5,"From the Diocesan Boundary E by the M65 Motorway to Bolton Road and NE along Sandy Lane (both sides in the Sacred Heart and St Edward Parish, Darwen) to the River Darwen and along Fore Street, Rakes Bridge and Stopes Brow to Roman Road and S to Davy Field Bridge, passing N of New Waterside Paper Mill and Bank Fold Farm, excluding Belthorn to and along Belthorn Road, Elton Road, then W by Rossendale - Hyndburn district boundary, and S by Blackburn – Rossendale district boundary and W along the north boundary of North Turton civil parish, to and N along diocesan boundary to its crossing with M65 Motorway.","Sacred Heart with St Edward and St Joseph, Darwen",,,"From Davy Field Bridge on the M65 at Roman Road to and along Dandy Row to and along Pot House Lane, Holden Fold to the Office public house, southwest by the public footpath, across Ivinson Road between Number 34 and Number 32, past and to the W of St James’ Church to the Punch Bowl public house, by the Chapels and S by Chapels Brow, Quaker Lane, Cotton Hall Street, under the railway and by the public footpath crossing open land and across the river bridge to Charles Street,across the A666 to and by Vale Street and Tockholes Road (both sides in the Sacred Heart and St Edwards parish), then by footpaths to Ryal Fold and the other Tockholes Road, then by the footpath to the bridge over the River Roddlesworth to the diocesan boundary.",,,PA,draft,,,a3/H009H014_20170415_A3.pdf
31,"2017-04-18 23:21:24",20170415,1,H031,6,"From Fair Snape Fell cairn OS 598472, E to Red Syke stream to Burholme Bridge OS658479, S by River Hodder to Armrydding OS675428, SW by the stream to Wallbanks and Barracks to the Trigonometric Point at Spire Hill on Longridge Fell OS658411, S passing between Lennox Farm and Plantation farm the Goodshaw House passing to the E of Dutton Manor to Dean Brow on the B6243, E to Starling Bridge and SE by Strarling Brook to the River Ribble, SW to Salesbury Hall and in a straight line to Salloms OS665342, NW to Catterall and Lower Madgell Bank, W by River Ribble to confluence of stream by Red Bank, NW by this stream (ie. along the Diocesan Boundary = the Hundred of Blackburn boundary) by Parsonage Wood, N to Eastoughs Farm, Falicon farm and Simmy Nook to a boundary stone at Page Brook and the SE corner of Spade Hill reservoir OS622373, W along Knowle Green Road to junction of Dilworth Land and Lower Lane, W in a straight line to junction of King St. and Berry Lane, W in a straight line along Fleet Street and Alexandra Road, to W side of Windsor Road, N in a straight line to junction of Inglewhite Road and Chipping Lane, to NW corner of the Cricket Ground OS591391, NE to river Loud at Gill Bridge, N to Loud Higher Bridge, Lodge Bridge, Brown Brook Farm, watery Gate, NE near Higher Brock Mill, over Parlick moor, to Fair Snape Fell cairn OS 598472.","Former boundary between St Mary, Chipping and St Wilfrid","Former boundary between St Wilfrid and Ss Peter and Paul",,"From the crossing of River Loud and Loud Bridge Road, Height Lane, Mill Lane, Hesketh Lane  and Forty Acre Lane by Jeffrey Hill, then by a track north-easterly via Spire Hill towards Hare Hill, then by a bee-line and track northwards along track to Longridge Fell  Trigonometric Point at Spire Hill on Longridge Fell OS658411","From diocesan boundary at Spade Mill Reservoir, then W along Lower Rd, Clitheroe Rd and Dean Brown to its crossing with Duddel Brook.",,PA,draft,,,a3/H025H011H017_20170415_A3.pdf
32,"2017-04-18 23:21:24",20170415,1,H032,7,"NE from Apronfull Hill OS778394 by the civil parish boundary to Ogden Clough, and along it to and along the Ribble Valley and Pendle District Boundary over Pendle Hill to the diocesan boundary at Helliwell Wood OS833428. NW by the diocesan boundary across Twiston Moor to the start of Ings Brook W by this brook via Clough Head, Ings End OS815447 to its confluence with Swanside Beck OS785454 and by Smithies Brook to Smithies Bridge on the A59. N by the River Ribble N to Skirden Beck to Grunsagill OS782543. N by the Ribble Valley – Craven Civil boundary to Tosside OS770560 N then W to Ravens Castle or Crowd Stones on Great Harlow Fell OS694613 W and S by the Ribble Valley – Lancaster Civil boundary over Hawthorntwaite Fell to the Ribble Valley – Wyre Civil boundary OS575505 SE to the cairn on Fair Snape Fell W by the Civil boundary with Bowland-with-Leagram to Burholme Bridge OS657479 S by the River Hodder to River Ribble N by the Ribble to a point opposite the confluence of Pig Hill Brook OS723394 SE by a straight line to the junction of the A671 and the A59T and by a second straight line to the 315 trig point near Jeppe Knave Grave OS762380,  then SE by the edge of the wood to and along the track and road past Wiswell Moor Houses to the track at Lower Clerk Farm OS751364, then by the stream to its confluence with Sabden Brook and by Sabden Brook to Old Read Bridge OS752354, then E along Old Roman Road, Back Lane and Stump Hall Road and Haddings Lane past Haddings Head, and right along the unnamed road and track to Spenbrook Road OS822383 and NW by tracks via Bull Hole to Well Head OS816393 on Well Head Road, then by straight lines to Driver Height, Spence Moor and Apronfull Hill.","Former boundary between St Michael with St John and St Mary, Sabden","Former boundary between St Michael with St John and St Hubert",,"By a straight line from crossing of Ribble Valley - Pendle District boundary and Ogden Clough to 376670,438451 near Wymondhouses Farm.","by a straight line from crossing of Ribble Valley - Pendle District boundary and Ogden Clough to 376670,438451 near Wymondhouses Farm.",,PA,draft,,,a3/H007H020H021_20170415_A3.pdf
33,"2017-04-18 23:21:24",20170415,1,H033,11,"From Brockholes Bridge, junction 31 of the motorway M6  E  by the River Ribble and the Preston - South Ribble civil boundary to Spring Wood then S by the Ribble Valley – South Ribble civil boundary to Myerscough Smithy crossing  Whalley Road A59 then by a straight line SE across Salmesbury Aerodrome crossing Preston New Road A677 at  the west end of Higher Barn (presently KFC) by a bee-line S to meet the Ribble Valley – South Ribble civil boundary at Hoolster Hill along which by  Alum House Brook  SW to  Quaker Brook Lane crossing Hoghton Lane A675 to junction 9 of motorway M65 / M61 then N to junction 30 of motorway M6 / M61 then W by Cottage Lane and N by Charnley Fold Lane to the point where this turns W and from this point by a beeline to cross London Way A6 at Limekiln Cottage to cross Todd Lane then E and turning N by the old Tram Road to the River Ribble and E by the Preston – South Ribble civil boundary back to Brockholes Bridge, junction 31 of the motorway M6.","Former boundary between Our Lady and St Patrick and Ss Mary and John Southworth",,,"By Beeston Brook NW River Darwen to Carver Bridge NW along Potter Lane crossing Cuerdale Lane and by a bee-line to Brockholes Bridge junction 31 of M6.",,,PA,draft,,,a3/H005H010_20170415_A3.pdf
34,"2017-04-18 23:21:24",20170415,1,H034,12,"From the confluence of the River Ribble and the River Calder at Hacking Hall, by River Ribble to its confluence with the brook between Shuttleworth Farm and ‘Fishes and Peggy Hill’. SE  in a straight line (excluding Standen Hey Farm but including Barrow Gardens) to the junction of  Whalley Road with the A671 and the A59. SE by a straight line to the trigonometry pillar 315m  near Jeppe Knave Grave,  SW to the road at Wiswell Moor Houses  and by this road to the track to Lower Clerk Hill Farm, 
SE  along Sabden Brook  to Read Old Bridge crossing Old Roman Road and to Read New Bridge crossing A671 to its confluence with the River Calder. From Cock Bridge  crossing A680 downstream to its confluence with Dean Brook  NW by Heys Farm and Berrys Lane to Shawcliffe Lane. SW  along the Ribble Valley / Hyndburn civil boundary, to  York Road,  Rishton Road and N along Hollowhead Lane,  crossing Whalley New Road A666 then along  Ribchester Road B6245. SW at Clayton Hey Farm and by the footpath W of the Sewerage Works. W by Showley Brook to and S by Saccary Lane, Zechariah Brow  and Barker Lane. W by Arley Brook and the Ribble Valley - Blackburn with Darwen civil boundary  crossing Preston New Road A677 just north of Yew Tree Drive A6119  to the Ribble Valley - Blackburn with Darwen civil boundary then to the Ribble Valley - South Ribble civil boundary to where it crosses Further Lane near Alum Scar Lane then by a  straight line north to Higher Barn Farm (presently KFC takeaway) crossing Preston New Road by a straight line NW  across Samlesbury airfield to meet the Ribble Valley - South Ribble civil boundary  at Myerscough Smithy on the A59, then by Ribble Valley - South Ribble civil boundary to the River Ribble at Spring Wood upsteam to the confluence with the River Calder at Hacking Hall.","Former boundary between English Martyrs and St Mary, Langho","Former boundary between  St Mary, Langho and St Mary Osbaldeston",,"From the boundary stone on Shawcliffe Lane  to the lane from Whalley Old Rd and to the junction of Elker Lane and Whalley New road (Pasturelands Drive being in English Martyrs) to the bridge over the A59,thence by a bee-line N to the weir opposite the sewage works on the River Calder. By this to its confluence with the River Ribble","Ribchester Road B6245",,PA,draft,,,a3/H001H018H019_20170415_A3.pdf
58,"2017-04-21 15:55:31",20170415,1,G001,1,"From the junction of Moss Bridge Road and Kingsway, E along A6193, to junction 21 on M62 Motorway, S by Newhey Road, Shaw Road, Milnrow Road to the point where it meets Shaw and Crompton and Newhey railway. By a beeline to and W along Mossgate Road to the point opposite Higher Rise (road), then by a beeline excluding all of Greenhill Avenue, crossing Rochdale Road and Castleton Road (near Gravel Hole Methodist Church, Pit Lane), to and W along Thornham Lane, to its junction with Oldham Way, and then following Oldham – Rochdale District boundary and by a bee-line to M62 junction 20 , N along the motorway to and E along Rochdale Canal Greenfield Lane, Queensway, Kingsway to the junction of Moss Bridge Road and Kingsway.",,,,,,,LP,draft,,,a3/G001_20170415_a3.pdf
59,"2017-04-21 15:55:31",20170415,1,G002,4,"From the point where Bury, Rossendale and Rochdale District boundaries meet, near Birtle Edge Farm, along Rossendale – Rochdale boundary to Cheesden Brook, E through Cleggs Wood and Black Dad Wood, by a beeline to the junction of Ashworth Road and School Lane,S along Ashworth Road, E along Bury and Rochdale Old Road and S along Queen’s Park Road to River Roch to the point opposite Matthew Moss High School on Bolton Road (A58), and by a bee-line to and SW along Bolton Road, then by a footpath going through Francil, Heys Farm to the Heywood railway, E by that railway to, and W along the M62 Motorway to Whittle Brook, then by that brook and Bury – Rochdale District boundary N to M66 Motorway junction 3. N by the motorway to junction 2 and by Bury – Rochdale District boundary W, NW to the point where it meets Rossendale District boundary.",,,,,,,LP,draft,,,a3/G002_20170415_a3.pdf
60,"2017-04-21 15:55:31",20170415,1,G003,12,"From the junction of Bury New Road and St Mary’s Road, W along St Mary’s Road,  Rectory Lane, Whittaker Lane, Bent Lane, Ostrich Lane. Then N along Bury Old Road, Singleton Road, Park Lane, Bury New Road to the point opposite its junction with Broom Lane. Then W by a bee-line to and NW along River Irwell to the point opposite Kingsley Avenue and by a straight line to the junction of Kingsley Avenue, South Radford Streey and Monsal Avenue by a bee-line to the River Irwell to the point opposite Grundy Avenue and E to the junction of Grundy Avenue and Cawley Avenue. Then E along Cawley Avenue, Lowther Road, Shrewsbury Road, Butterstile Lane and N along Bury New Road to its junction with St Mary’s Road.",,,,,,,LP,draft,,,a3/G003_20170415_a3.pdf
61,"2017-04-21 15:55:31",20170415,1,G004,7,"From the junction of Bentley Hall Road and High Street, N along High Street, then W along Walshaw Road,  then S along Crostons Road and W along Bolton Road to its crossing with River Irwell S along the river to the point where Manchester Bury and Bolton Canal starts. Then by a bee line W Hinds Lane and SW through the middle of Elton Reservoir and by a bee line  NW to junction of Bolton Road and Watling Street, including Spen Fold, but excluding Higher Spenmoor Farm. West along Bury and Bolton Road (A58) to Bolton-Bury District boundary and along that boundary to its crossing with up to the Old Holts Farm, then by a beeline  to and E along Bentley Hall Road to its crossing with High Street.",,,,,,,LP,draft,,,a3/G004_20170415_a3.pdf
62,"2017-04-21 15:55:31",20170415,1,G005,11,"From the crossing of Prestwich – Whitefield railway and Moss Lane, S to M60 Motorway and E along the Motorway to the crossing with Egypt Lane (near Egypt Farm) and by a beeline E to the junction of Heywood Old Road and unnamed road south of Simon Lane, then by a beeline to the junction of Sheepfoot Lane (A6044) and Meade Hill Road, and W along Sheepfoot Lane and N along Bury Old Road to its junction with Ostrich Lane, Bent Lane Whittaker Lane, Rectory Lane, St Mary’s Road and then S by Bury New Road and W by Butterstile Lane, Shrewsbury Road, Lowther Road, Cawley Avenue to its junction with Grundy Avenue and by a bee-line to River Irwell. N along River Irwell, to M60 Motorway, and E along the Motorway to the point opposite Hill Crest Farm. Then by a beeline to Phillips Park Road West,  Park Lane, Pinfold Lane, and Moss Lane to its crossing with  Prestwich – Whitefield railway.",,,,,,,LP,draft,,,a3/G005_20170415_a3.pdf
63,"2017-04-21 15:55:31",20170415,1,G006,6,"From the crossing of Mills Hill – Castleton railway and M62 motorway, S along railway to the point where it crosses a river, near Scowcroft Farm. Then west by a bee-line to and along river Irk, Park Rd, Middleton Rd (A576), Manchester Old Rd. N by Parkfield Dr, to the NW corner of Leisure Park, and W by a beeline across golf club grounds to the junction of Heywood Old Rd and unnamed road near Virgin Active Lancashire (including all properties along Rowrah Cres), then by a beeline to M62 opposite Egypt Farm and E by M62 to the railway.",,,,,,,CP,draft,"Boundary between Our Lady of the Assumption and St Agnes and St John Fisher","There is currently no information available about the boundary between these two parishes.",a3/G006_20170415_a3.pdf
64,"2017-04-21 15:55:31",20170415,1,G007,1,"From Smithy Bridge Railway station, E along Smithy Bridge Road and in a straight line across Hollingworth Lake to M62 Motorway near Lower Booth Hollins Farm. Then E along M62 Rochdale – Calderdale District boundary. Then S by the diocesan boundary to the junction of Ripponden Road (A672) and Buckstones Road (B6197) at Grains Bar. NW along Buckstones Road to Brunchapel Farm, then N by a beeline  to the W boundary of the Brushes Clough Reservoir and by a stream following into it from the west to the point opposite Golden Street, then by a bee-line to the junction of Dunwoods Park Courst and Milnrow Road, N along Milnrow Road (Shaw Road, NewHey Road, Elizabethan Way to M62 junction 21, and W along the Motorway and Road A6193 to its junction with Kingsway), the N along Moss Bridge Road,  Channing Street, Church Road, to the Rochdale – Smithy Bridge railway and E along that railway to Smithy Bridge station.",,,,,,,LP,draft,,,a3/G007_20170415_a3.pdf
65,"2017-04-21 15:55:31",20170415,1,G008,13,"From the point opposite Woodtop Avenue on River Roch (near Bury Road in Broadhalgh), E along River Roch to the point opposite Brigdefield Street, NW to Bury Road, then E by Mellor Street to its junction with Norman Road, and by a bee-line N to the junction of Spotland Road and Mount Street. Then E along Spotland Road to its junction with St Mary’s Gate (A58) and S by a beeline to the roundabout at South Parade. E along South Parade to River Roch. E by the River Roch, to the point opposite Trafalgar Street then S by a beeline to and along Church Road, E by Channing street, S by Moss Bridge Road to Kingsway. The S by Kingsway to and N along Greenfield Lane and W along Rochdale Canal and A627(M) to and S along Rochdale – Oldham District boundary to the Mills Hill – Castleton railway. N along that railway to the Heywood branch, and W along that railway branch, Roeacre Brook and footpath going through Heys Farm, Francil, by the SW boundary of Matthew Mills High School to Rochdale Road East, Bolton Road  by a beeline to the River Roch opposite Woodtop Avenue.",,,,,,,LP,draft,,,a3/G008_20170415_a3.pdf
66,"2017-04-21 15:55:31",20170415,1,G009,7,"From the crossing of Walmersley Road (A56) and Bass Lane by a bee-line SW to the point opposite Ashborne Drive (including Highbank farm and both side of the Ashborne Drive) then by a bee-line to and S along River Irwell. From the crossing of River Irwell and Bolton Road, W along Bolton Road, then N along Helmshore Rd (B6214) and W along Walshaw Road, High Street, Bentley Hall Road and in a straight line to the Bolton-Bury District Boundary and along that boundary to the point where it touches Ramsbottom Road near The Red Lion Hotel. Then E along Ramsbottom Road, Bolton Road to the brook flowing through Broad Hey Wood (near Bolton Road junction with Longsight Road) and by that brook to Bass Lane and its junction with  Walmersley Road (A56).",,,,,,,LP,draft,,,a3/G009_20170415_a3.pdf
67,"2017-04-21 15:55:31",20170415,1,G010,8,"From the point where Blackburn with Darwen, Rossendale and Bury District boundaries meet, E along Rossendale – Bury District Boundary  to Bull Hill and by a beeline to the junction of Moor Road and Helmshore Road then by a track to Broadacres, Kenyon Clough, Irwell Vale to the River Irwell and N by it to the railway bridge opposite Fish Rake Lane. S along A56 to its crossing with Blackburn Road and then E by a bee-line to the end of the Sand Beds Lane and by Rossendale Way track to Grain Brook (near Coal Road and Turf Moor) by Grain Brook, Cheesden Brook, to its crossing with Edenfield Road, then in a straight line to Closes Farm and N by Croston Close Road, Buckhurst Road, then by a line following the road leading to Ridshaw Farm and Kirkbys Farm (including both farms) to Bury Old Road, then in a straight line to Bass Lane (crossing M66 Motorway). W Along Bass Lane to the end of the road and then N by a bee-line to River Irwell, and W along the River Irwell to its confluence with a stream going through Broad Hey Wood and along the stream to and then W along Bolton Road (A676) to the point where it meets Blackburn with Darwen – Bury District boundary, N along that boundary to the point where it meets Rossendale District boundary.",,,,,,,LP,draft,,,a3/G010_20170415_a3.pdf
68,"2017-04-21 15:55:31",20170415,1,G011,9,"From the Summerseat railway station, E to the junction of Manchester Road (A56) and Bass Lane, excluding Ashborne Drive and including Bassfield Farm, crossing M66 and by a line following the brook and then an unnamed road, crossing Bury Old Road, excluding Bast House Farm, Ridshaw Farm and Plant Close Farm, but including Nangreaves and Whitewall Farm, to Buckhurst Road, N along Croston Close Road to its junction with unnamed road leading to Closes Farm then by a bee-line to Rossendale – Rochdale District boundary and Bury – Rochdale District boundary to its crossing with Bury New Road (A58) near M66 Motorway junction 2, then S along the motorway to junction 3 and W by a bee-line to Bury-Rochdale District boundary to and NW along Whittle Brook, including Pilsworth Cottages but excluding Castle House. Crossing M66 Motorway S of Aviation Road and following Hollins Brook to its confluence with River Roch. Then S along River Roch to its confluence with River Irwell and N along River Irwell to Summerseat railway station.",,,,,,,LP,draft,,,a3/G011_20170415_a3.pdf
69,"2017-04-21 15:55:31",20170415,1,G012,10,"From the point where Bolton-Bury District boundary crosses Bury New Road, E along Bury New Road, and Bury and Bolton Road to its junction with Watling Street, then SE by a beeline  through Elton Reservoir, including Higher Spenmoor Farm, but excluding Cygnet Hospital (Bury), then NE to Hinds Lane and E by a beeline to and S along River Irwell, past its confluence with River Roch and by a beeline to Radcliffe New Road, crossing the railway and through Hollinhurst Playing Fields, including Jubilee Ave, Oak Street and Beech Street to the junction of Stand Lane and Chapelfield and by the N and W boundaries of Stand Golf Course to and W along Ringley Road and Ringley Road West to 353 Ringley Rd W, N by a beeline to Manchester Bury and Bolton Canal, including all Mount Sion Road, W along the canal to and N along Bolton – Bury District Boundary to its crossing with Bury New Road.",,,,,,,LP,draft,,,a3/G012_20170415_a3.pdf
70,"2017-04-21 15:55:31",20170415,1,G013,2,"From the Rochdale - Rossendale District boundary near Brownhouse Wham Reservoir, N along that boundary to Hades Hill and then along Rochdale - Calderdale District boundary, across Warland Reservoir, crossing Turvin Road (B6138) and Halifax Road (A58) to M62 Motorway near junction 22. Then W along the motorway to Lower Booth Hollins Farm and by a bee-line across Hollingworth Lake to Smithy Bridge Road past the Smithy Bridge Railway Station to New Road, Halifax Road, Union Road. Then W by a beeline to the junction of Thimble Close and Birch Road, N along Birch Road to its junction with Ramsden Road and W by a beeline to Rochdale – Rossendale District boundary. ",,,,,,,LP,draft,,,a3/G013_20170415_a3.pdf
71,"2017-04-21 15:55:31",20170415,1,G014,10,"From the junction of Ringley Road and Wood Street, E along Ringely Road (A667) to and along W and then N boundary of a Stand Golf Course, to Chapelfield and by the N and W boundaries of Stand Golf Course to and W along Ringley Road to its junction with Wood Street and across Hollinhurst Playing Fields, excluding Oak Street and Beech Street to Radcliffe New Road and by a bee line to River Irwell and N to its confluence with River Roch, N by River Roch to its confluence with and E along Hollins Brook, crossing Croft Lane and M66 Motorway, then along Whittle Brook  to M62 Motorway and S to junction 18, then along M60  to the railway just before Junction 17. N along the railway, then W along Moss Lane, Pinfold Lane, Park Lane Philips Park Road West to its end at Hill Crest and by a beeline to and along M60 Motorway to and N along Salford-Bury District Boundary and Bolton-Bury District Boundary to its crossing with Rigley Road (A667).",,,,,,,LP,draft,,,a3/G014_20170415_a3.pdf
72,"2017-04-21 15:55:31",20170415,1,G015,2,"From the Smithy Bridge Railway Station, SW along the railway to the point it crosses Newbold railway branch. Then N by a bee-line to River Roch and W along it to South Parade. Then W to the roundabout and by a bee-line N to Spotland Road (A680) and its junction with Mount Street.  Then by a bee-line S to the junction of Norman Road and Mellor Street. W and then N along Mellor Street and River Spodden to the Rochdale – Rossendale boundary and along that boundary to the point near Brownhouse Wham Reservoir, then continuing by a bee-line E to the junction of Ramsden Road and Birch Road to its junction with Thimble Close. Then E by a bee-line to Union Road, Halifax Road, New Road and Smithy Bridge Road to the Smithy Bridge Railway Station.",,,,,,,LP,draft,,,a3/G015_20170415_a3.pdf
73,"2017-04-21 15:55:31",20170415,1,G016,5,"From the junction of Parkfield Drive and Manchester Old Road, E along Manchester Old Road, Middleton Way, Barton Road, Park Road to and E along River Irk, to the point opposite Whitby Street. Then by a beeline NE along, but excluding Gleenwood Drive to the point where Rochdale Canal meets Rochdale – Oldham District boundary. Then S by that boundary to Middleton Road, to and S along Rochdale Canal to junction 21 on M60 Motorway.  Then W along the M60 Motorway to Rochdale – Oldham boundary and along that boundary N to the crossing of Green gate and Wince Brook. W along Wince Brook, Round Thorn Road, Mount Road, Manchester New Road, Alkrington Hall Road North, Hall Drive , by a beeline to Wince Brook opposite Greenson Drive and W by the brook to the point where it meets Rochdale – Manchester District boundary.",,,,,,,LP,draft,,,a3/G016_20170415_a3.pdf
74,"2017-04-21 15:55:31",20170415,1,G017,5,"From the point where Rochdale – Manchester District boundary meets Wince Brook, E along the Wince Brook to the point opposite Greenson Drive on River Irk, by a bee-line to Hall Driver, Alkrington Hall Road North, Manchester New Road (A664),  E along Mount Road, and along Round Thorn Road in a straight line to and S along Wince Brook to  and S along Rochdale – Oldham District boundary and then Rochdale – Manchester District boundary to where it meets Wince Brook.",,,,,,,LP,draft,,,a3/G017_20170415_a3.pdf
75,"2017-04-21 15:55:31",20170415,1,G018,3,"From the bend on the Rossendale Way near Grain Book, by a bee-line to Rossendale – Rochdale District boundary near Higher hill, then E and SE along that boundary to River Spodden, and S along River Spodden to College Road. S along College Road and Bury Road (B6222) to the point opposite Bridgefield Street, then E by a beeline to and S along River Roch to and N along Queen’s Park Road, Bury and Rochdale Old Road, then N along Ashworth Road to its junction with School Lane and W by a bee-line to and W along Cheesden Brook to Rossendale -Rochdale District boundary, to the point near Deeply Vale, and by a beeline to include Closes Farm. N by a beeline  to the junction of Croston Close Road and Rochdale Road (A680), then in a straight line, following Cheesden Brook, to the bend on the Rossendale Way near Grain Brook.",,,,,,,LP,draft,,,a3/G018_20170415_a3.pdf
76,"2017-04-21 15:55:31",20170415,1,G019,1,"From Smithy Bridge Railway station, E along Smithy Bridge Road and in a straight line across Hollingworth Lake to M62 Motorway near Lower Booth Hollins Farm. Then E along M62 Rochdale – Calderdale District boundary. Then S by the diocesan boundary to the junction of Ripponden Road (A672) and Buckstones Road (B6197) at Grains Bar. NW along Buckstones Road to Brunchapel Farm, then N by a beeline  to the W boundary of the Brushes Clough Reservoir and by a stream following into it from the west to the point opposite Golden Street, then by a bee-line to the junction of Dunwoods Park Courst and Milnrow Road, N along Milnrow Road to the point where it meets Shaw and Crompton and Newhey railway. By a beeline to and W along Mossgate Road to the point opposite Higher Rise (road), then by a beeline excluding all of Greenhill Avenue, crossing Rochdale Road and Castleton Road (near Gravel Hole Methodist Church, Pit Lane), to and W along Thornham Lane, to its junction with Oldham Way, and then following Oldham – Rochdale District boundary and by a bee-line to M62 junction 20 , N along the motorway to and E along Rochdale Canal Greenfield Lane, Queensway, Kingsway to the junction of Moss Bridge Road and Kingsway. Then N along Moss Bridge Road,  Channing Street, Church Road, to the Rochdale – Smithy Bridge railway and E along that railway to Smithy Bridge station.","Former boundary between Sacred Heart and Holy Family",,,"From the junction of Milnrow Road and Shaw Road, W along Shaw Road, NewHey Road, Elizabethan Way to M62 junction 21, and W along the Motorway and Road A6193 to its junction with Kingsway.",,,PA,draft,,,a3/G001G007_20170415_a3.pdf
77,"2017-04-21 15:55:31",20170415,1,G020,2,"From the Rochdale - Rossendale District boundary near Brownhouse Wham Reservoir, N along that boundary to Hades Hill and then along Rochdale - Calderdale District boundary, across Warland Reservoir, crossing Turvin Road (B6138) and Halifax Road (A58) to M62 Motorway near junction 22. Then W along the motorway to Lower Booth Hollins Farm and by a bee-line across Hollingworth Lake to Smithy Bridge Road and railway station. Then SW along the railway to the point it crosses Newbold railway branch. Then N by a bee-line to River Roch and W along it to South Parade. Then W to the roundabout and by a bee-line N to Spotland Road (A680) and its junction with Mount Street.  Then by a bee-line S to the junction of Norman Road and Mellor Street. W and then N along Mellor Street and River Spodden to the Rochdale – Rossendale boundary and along that boundary to the point near Brownhouse Wham Reservoir","Former boundary between St Mary and St Patrick",,,"From the Smithy Bridge Railway Station to New Road, Halifax Road, Union Road. Then W by a beeline to the junction of Thimble Close and Birch Road, N along Birch Road to its junction with Ramsden Road and W by a beeline to Rochdale – Rossendale District boundary.",,,PA,draft,,,a3/G013G015_20170415_a3.pdf
78,"2017-04-21 15:55:31",20170415,1,G021,5,"From the junction of Parkfield Drive and Manchester Old Road, E along Manchester Old Road, Middleton Way, Barton Road, Park Road to and E along River Irk, to the point opposite Whitby Street. Then by a beeline NE along, but excluding Gleenwood Drive to the point where Rochdale Canal meets Rochdale – Oldham District boundary. Then S by that boundary to Middleton Road, to and S along Rochdale Canal to junction 21 on M60 Motorway.  Then W along the M60 Motorway and Rochdale – Manchester District boundary to the point where it meets Wince Brook. E by the Brook to the point opposite Parkfiled Drive and by a beeline to the Parkfield Drive.","Former boundary between St Peter and St Thomas More",,,"From the point opposite to Parkfield Drive on Wince Brook to the pint opposite Greenson Drive on Wince Brook, by a bee-line to Hall Driver, Alkrington Hall Road North, Manchester New Road (A664),  E along Mount Road, and along Round Thorn Road in a straight line to and S along Wince Brook to Rochdale – Oldham District boundary. Then by that boundary to M60 Motorway.",,,PA,draft,,,a3/G016G017_20170415_a3.pdf
79,"2017-04-21 15:55:31",20170415,1,G022,7,"From the crossing of Walmersley Road (A56) and Bass Lane by a bee-line SW to the point opposite Ashborne Drive (including Highbank farm and both side of the Ashborne Drive) then by a bee-line to and S along River Irwell to the point where Manchester Bury and Bolton Canal starts. Then by a bee line W Hinds Lane and SW through the middle of Elton Reservoir and by a bee line  NW to junction of Bolton Road and Watling Street, including Spen Fold, but excluding Higher Spenmoor Farm. West along Bury and Bolton Road (A58) to Bolton-Bury District boundary and along that boundary to the point where it touches Ramsbottom Road near The Red Lion Hotel. Then E along Ramsbottom Road, Bolton Road to the brook flowing through Broad Hey Wood (near Bolton Road junction with Longsight Road) and by that brook to Bass Lane and its junction with  Walmersley Road (A56).","Former boundary between Guardian Angels and St Hilda",,,"From the crossing of River Irwell and Bolton Road, W along Bolton Road, then N along Helmshore Rd (B6214) and W along Walshaw Road, High Street, Bentley Hall Road and in a straight line to the Bolton-Bury District Boundary.",,,PA,draft,,,a3/G004G009_20170415_a3.pdf
80,"2017-04-21 15:55:31",20170415,1,G023,10,"From the point where Bolton-Bury District boundary crosses Bury New Road, E along Bury New Road, and Bury and Bolton Road to its junction with Watling Street, then SE by a beeline  through Elton Reservoir, including Higher Spenmoor Farm, but excluding Cygnet Hospital (Bury), then NE to Hinds Lane and E by a beeline to and S along River Irwell, to its confluence with River Roch. N by River Roch to its confluence with and E along Hollins Brook, crossing Croft Lane and M66 Motorway, then along Whittle Brook to M62 Motorway and S to junction 18, then along M60  to the railway just before Junction 17. N along the railway, then W along Moss Lane, Pinfold Lane, Park Lane Philips Park Road West to its end at Hill Crest and by a beeline to and along M60 Motorway to and N along Salford-Bury District Boundary and Bolton-Bury District Boundary to 353 Ringley Rd W, N by a bee-line to Manchester Bury and Bolton Canal, including all Mount Sion Road, W along the canal to and N along Bolton – Bury District Boundary to its crossing with Bury New Road.","Former boundary between St Mary with St Philip Neri and St Michael with St Bernadette",,,"From the confluence of River Irwell and River Roch, S by River Irwell and by a beeline to Radcliffe New Road, crossing the railway and through Hollinhurst Playing Fields, including Jubilee Ave, Oak Street and Beech Street to the junction of Stand Lane and Chapelfield and by the N and W boundaries of Stand Golf Course to and W along Ringley Road and Ringley Road West to its junction with Wood Street.",,,PA,draft,,,a3/G012G014_20170415_a3.pdf
146,"2017-04-26 22:17:49",20170415,1,D001,7,"Along the M65 Motorway from the point where it crosses Green Brook to where it crosses the River Calder, then by the River Calder to Ashfield Road, along Ashfield Road, Westgate, Queen's Lancashire Way, Hammerton Street and Finsley Gate to the canal bridge, then by a bee-line through the junction of Marlborough Street and Springfield Road and passing between Rumley Road (Christ the King parish) and Brunswick Street (St Mary's parish) to the railway underbridge at Kirkgate, then by the railway to the tunnel entrance south of Priory Court and by a south-westerly bee-line to the Burnley Rossendale District boundary at Limy Water near Clowbridge Reservoir; by this boundary to the junction of the Burnley, Rossendale and Hyndburn boundaries at Higher Moor and then by a north easterly bee-line to the Green Brook at the western end of Burnley Cemetery by Billington Road and by this brook to the M65 Motorway.",,,,,,,CP,draft,,,a3/D001_20170415_a3.pdf
147,"2017-04-26 22:17:49",20170415,1,D002,11,"From junction of Blackburn Old Road and Wilpshire Road,  N along Wiplshire Road, York Road to and E along Ribble Valley – Hyndburn District boundary bend on Shawcliffe Lane near  Hill Side,  then by a beeline to and SE along River Calder crossing A680 Whalley Road, to its confluence with Hyndburn Brook, and SW along the that brook to the point opposite Barons Way, then W by Norden Brook, Lee Lane, N by Wilpshire Road to its junction with Blackburn Old Road.",,,,,,,LP,draft,,,a3/D002_20170415_a3.pdf
148,"2017-04-26 22:17:49",20170415,1,D003,4,"From the M65 Motorway junction with the A6185 Dunkenhalgh Way, by a beeline to the junction of Dill Hall Lane and First Avenue, then by First Avenue (both sides in St Mary''s Parish, Clayton le Moors) to and by Whalley Road to and along Haworth Street, then by a beeline to the bend in Whinney Hill Road via but excluding Sankey House Farm Caravan Site and by Whinney Hill Road and Clough Brook to the M65 Motorway, then eastwards by the Motorway to its junction with the A56(T) Hyndburn Road (A679) and Dunkenhalgh Way to its junction with the M65 Motorway.",,,,,,,LP,draft,,,a3/D003_20170415_a3.pdf
149,"2017-04-26 22:17:49",20170415,1,D004,11,"From the point where Hyndburn Brook crosses M65 Motorway, near junction 7. W along the M65 Motorway to junction 6 Whitebirk roundabout N along Whitebirk Drive A6119 to and by the Leeds and Liverpool Canal N to Side Beat Bridge N by the Hyndburn – Blackburn with Darwen civil boundary to and by Whalley Old Road, Then E by Wilpshire Road, Lee Lane, Norden Brook to the point opposite Barons Way, and by a beeline to and E along Hyndburn Brook to its confluence with River Calder.",,,,,,,LP,draft,,,a3/D004_20170415_a3.pdf
150,"2017-04-26 22:17:49",20170415,1,D005,2,"From the junction of the Hyndburn, Rossendale and Burnley District Boundaries at Higher Moor, (to the E of Accrington) E by the Rossendale - Burnley District boundary to the inflow into Clowbridge Reservoir at Limy Water, S in a straight line to Edge Lane, Dobbin Lane and Peel Street crossing Bacup, Road A681 and S from the junction with Hill End Lane to Cowpe Lowe to meet the end of Sand Beds Lane. W in a straight line to the boundary stone on Burnley Road, continuing in a straight line to and N along the A56(T) by-pass to the roundabout connecting the A56(T), the A680 and the B6527, N by a straight line crossing Haslingdon Road A681 to the junction of Kirkhill Road and Haslingden Old Road at Height End, N by Laund Lane to Cribden End Lane and N by the track to Cribden Side and N by the King’s Highway to and along the Rossendale - Hyndburn District Boundary to Higher Moor where the boundaries of Hyndburn, Rossendale and Burnley Districts meet.",,,,,,,CP,draft,,,a3/D005_20170415_a3.pdf
151,"2017-04-26 22:17:49",20170415,1,D006,9,"From Junction 13 of the M65 Motorway, along Scotland Road, Holme Street, Sagar Street, Netherfield Road, Barkerhouse Lane, Southfield Lane, Delves Lane and Back Lane to the Pendle and Burnley District Boundary at Upper Coldwell Reservoir. Then by this boundary to Barden Lane. By Barden Lane to New in Pendle Bridge and by Pendle Water to the Pendle and Burnley Districk boundary so as to include the whole of the Healeywood Drive Estate in the parish of St John, Burnley. Then by the Pendle and Burnley District Boundary by the River Calder and Moor Isles Clough to Barrowford Road, along Guide Lane past Haddings Head and right along the unnamed road to the start of the path, along the path past Rigg of England to Spen Height, diagonally by the footpath to Spen End, by the path south east of Spen End to the track to wards the White Swan Hotel on Wheatley Lane Road. Then north easterly along Wheatley Lane Road to the Catholic Cemetery and then south easterly by the path passing but excluding Laund Farm to Borrowford Road and by Barrowford Road to Junction 13 of the M65 Motorway.",,,,,,,LP,draft,,,a3/D006_20170415_a3.pdf
152,"2017-04-26 22:17:49",20170415,1,D007,8,"S from Barrowford Road via Moor Isles Clough to its confluence with the River Calder. W by River Calder to its confluence with Whittaker Clough and by a straight line S to the junction of Padiham Road (A671) and Kiddrow Lane (A646) W along Padiham Road to and S along Cowley Crescent, Scott Street, Knotts Lane (both sides of all these three streets  in St Mary Magdalene''s parish) to and S along Green Brook and to M65 Motorway. S by the brook to the W end of Burnley Cemetery, then by a straight line to Higher Moor and by the Hyndburn - Burnley boundary to Burnley Road (A679) N by the A56(T) to the M65 Motorway W by the M65 to Shorten Brook and by Shorten Brook to its confluence with the River Calder by Altham Bridge, by the River Calder to Sabden Brook and by Sabden Brook to Read Old Bridge E by Old Roman Road, Back Lane and Stump Hall Road to the junction with Guide Lane at Haddings Head, S by Guide Lane to Barrowford Road.",,,,,,,LP,draft,,,a3/D007_20170415_a3.pdf
153,"2017-04-26 22:17:49",20170415,1,D008,7,"From the River Calder by the Burnley - Pendle District Boundary across the M65 Motorway to Pendle Water, by Pendle Water to New in Pendle Bridge and by Barden Lane back to the Burnley - Pendle District Boundary so that the whole of the Healdwood Drive Estate lies within St John''s parish, then by the Burnley - Pendle District Boundary to Back Lane by Upper Coldwell Reservoir and by this same boundary to the Diocesan (Lancashire - Yorkshire) Boundary. Then South East and South by this boundary to the boundary stone near Birkin Clough and then by a bee-line to Swinden Water. By Swinden Water and the River Brun to the Leeds and Liverpool Canal and by the Canal to Colne Road and by the path to Burnley Central Station and by the railway to where it crosses the River Calder and then by the River Calder to the Burnley - Pendle District Boundary.",,,,,,,CP,draft,,,a3/D008_20170415_a3.pdf
154,"2017-04-26 22:17:49",20170415,1,D009,2,"From the inflow into Clowbridge Reservoir at Limy Water (Rossendale – Burnley District boundary). SE by the Rossendale - Burnley District boundary to the E side of Clough Bottom Reservoir, S by a straight line to Newchurch Old Road at its junction with the footpath then by a line drawn between the Fernhill estate (Rawtenstall and Newchurch parish) and the Rockcliffe Estate (Bacup and Whitworth parish) to the steps on Anvil Street, W along Anvil Street, Rushton St, crossing Newchurch Road, Glen Street and Lee Road to the SE corner of the cemetery, S by a straight line to the civil parish boundary stone at Jackson’s Moor. S to the boundary stone at Old Slink Slack and W by the Rossendale - Rochdale District boundary to and along the track (Rossendale Way) passing S of Cowpe Lowe, to Higher Mount Pleasant.  Then N crossing Hill End Lane, and Bacup Road (A681), then N by Peel Street, Dobbin Lane, Edge Lane and by a bee-line to the inflow into Clowbridge Reservoir at Limy Water.",,,,,,,CP,draft,,,a3/D009_20170415_a3.pdf
155,"2017-04-26 22:17:49",20170415,1,D010,4,"From the M65 Motorway junction with the A6185 Dunkenhalgh Way, by a beeline to the junction of Dill Hall Lane and First Avenue, then by First Avenue (both sides in St Mary''s Parish, Clayton le Moors) to and by Whalley Road to and along Haworth Street, then by a beeline to the bend in Whinney Hill Road via but excluding Sankey House Farm Caravan Site and by Whinney Hill Road and Clough Brook to the M65 Motorway, then eastwards by the Motorway to its junction with the A56(T), Hyndburn Road (A679) and Dunkenhalgh Way to its junction with the M65 Motorway.",,,,,,,LP,draft,,,a3/D010_20170415_a3.pdf
156,"2017-04-26 22:17:49",20170415,1,D012,1,"From the point where a beeline from the Boundary Stone on Burnley Road to the railway bridge over the River Irwell crosses the A56(T), along this beeline to the railway bridge and by the River Irwell to Irwell Vale, then by Kenyon Clough to Broadacres and on by the track to Helmshore Road and by a bee-line to Bull Hill, and by the Bury Metropolitan and Lancashire District Boundary and the Blackburn with Darwen and Lancashire District Boundary to the junction of Long Hey Lane and Broadhead Road and by the Hyndburn and Rossendale Boundary across Grane Road and on through Rising Bridge to King’s Highway and southwards along King’s Highway and the bridle track by Cribden Side and southwards by the track to Cribden End Lane and by Laund Lane to Height End road junction, then by a bee-line via the junction of Haslingden Road and Laneside Road to the roundabout where the A680 and B6527 meet the A56(T) and by the A56(T) to the point where the beeline from the Boundary Stone on Burnley Road to the railway bridge over the River Irwell crosses the A56(T).",,,,,,,LP,draft,,,a3/D012_20170415_a3.pdf
157,"2017-04-26 22:17:49",20170415,1,D013,3,"From Clough Bottom reservoir, along the Rossendale - Burnley District boundary to and along the Rossendale - Calderdale boundary to and along the Rossendale – Rochdale Metropolitan boundary across the A671 and along the same boundary to the track by the boundary stone at Old Sink Slack and by the track  to the boundary stone at Jackson''s Moor, then by a bee-line to the south east corner of the cemetery and by Lee Road and Glen St to Newchurch Road, Rushton Street, and east along Anvil Street to the steps, then by a line drawn between the Fernhill Estate (Newchurch parish) and the Rockcliffe Estate (Bacup parish) to the path north of Wesley Place and by this path to Newchurch Old Road and by a bee-line to the Rossendale - Burnley District boundary at Clough Bottom Reservoir.",,,,,,,LP,draft,,,a3/D013_20170415_a3.pdf
158,"2017-04-26 22:17:49",20170415,1,D014,8,"From the confluence of Moor Isles Clough  with the River Calder, S by the River Calder to M65 Motorway and W to the Green Brook. N from the M65 Motorway by the Green Brook to Knots Lane, and Scott Street, and Crowley Crescent (both sides of all these three streets in St Mary Magdalene''s parish), to Padiham Road and W by Padiham Road to junction with Kiddrow Lane N by a straight line to the confluence of Whittaker Clough and the River Calder, E by the River Calder and its confluence with Moor Isles Clough.",,,,,,,LP,draft,,,a3/D014_20170415_a3.pdf
159,"2017-04-26 22:17:49",20170415,1,D015,7,"From Burnley Central Station, by pathway to Colne Road at the Canal Bridge, by the canal to the point where it crosses over the River Brun, and along the River Brun and Swinden Water and eastwards to the Yorkshire Boundary, then southwards along the Yorkshire - Lancashire border to the point where the Burnley and Rossendale District boundary is met east of Weir then north-westwards along the Burnley - Rossendale District Boundary via Clough Bottom Reservoir to Limy Water near Clowbridge Reservoir then by a north-easterly bee-line to the entrance of the railway tunnel just south of Priory Court, then north-westerly by the railway to the underbridge at Kirkgate, then by a beeline between Rumley Road and Brunswick St and through the junction of Marlborough St and Springfield Rd to the canal bridge at Finsley Gate, along Finsley Gate, Hammerton St, Queen''s Lancashire Way, Westgate, Ashfield Road to the river, by the river to the railway and by the railway to Burnley Central Station.",,,,,,,CP,draft,,,a3/D015_20170415_a3.pdf
160,"2017-04-26 22:17:49",20170415,1,D016,11,"From the confluence of Hyndburn Brook and River Calder, by the River Calder to its confluence with Shorten Brook at Altham Bridge on Burnley Road A678 S by Shorten Brook to the M65 Motorway (junction 8) SW by Clough Brook and Whinney Hill Road via and including Sankey House Farm Caravan site from the bend in Whinney Hill Road by a straight line to Haworth Street, Whalley Road along First Avenue (including both sides) to the junction of First Avenue and Dill Hall Lane W by a straight line to the centre of the M65 interchange junction 7 with the A6185 Dunkenhalgh Way, W along the Motorway to junction with Hyndburn Brook N along this Brook to its confluence with River Calder.",,,,,,,LP,draft,,,a3/D016_20170415_a3.pdf
161,"2017-04-26 22:17:49",20170415,1,D017,5,"From the interchange of the M65 Motorway and Dunkenhalgh Way westwards along the M65 Motorway to the Blackburn with Darwen and Hyndburn boundary and by this boundary to and along the A6177 Elton Road to the Hyndburn and Rossendale boundary and by this boundary via Thirteen Stone Hill to the line of the former Haslingden -Accrington railway line; then by the permitted bridleway that runs along the former track-bed of the former Haslingden -Accrington railway line to a point by the junction of Bath Street and Riley Street (both sides in St Anne''s parish) and by a bee-line to the junction of Ormerod Street and Willows Lane and along Willows Lane to Blackburn Road, then west along Blackburn Road to Park Road, and by Park Road (both sides being in St Anne''s parish) to Hyndburn Road, and westwards along Hyndburn Road and Dunkenhalgh Way to the interchange with the M65 Motorway.",,,,,,,LP,draft,,,a3/D017_20170415_a3.pdf
162,"2017-04-26 22:17:49",20170415,1,D018,10,"From the M65 Motorway at junction 13, along Barrowford Road to the roundabout by Parrock Road, and by the track past and including Laund Farm to Wheatley Lane Road, and by Wheatley Lane Road to the track east of the White Swan Hotel and by this track to Spen End and by the track to Spen Height and along the track past the radio mast to Spenbrook Road and north-westerly by tracks via Bull Hole to Well Head on Well Head Road. Then by bee-lines to Driver Height, Spence Moor and Apronfull Hill and by the civil parish boundary to Ogden Clough and along the Ribble Valley and Pendle District Boundary over Pendle Hill to the diocesan boundary at Helliwell Wood and by the diocesan boundary to Hey Slack then via Red Spar to the Upper Coldwell Reservoir and by Back Lane, Delves Lane, Barkerhouse Road, Netherfield Road, Sagar Street, New Scotland Road, Scotland Road to the M65 Motorway at Junction 13.",,,,,,,LP,draft,,,a3/D018_20170415_a3.pdf
163,"2017-04-26 22:17:49",20170415,1,D019,2,"From the junction of the Hyndburn, Rossendale and Burnley District Boundaries at Higher Moor, (to the E of Accrington) E by the Rossendale - Burnley District boundary to the inflow into Clowbridge Reservoir at Limy Water, SE by the Rossendale - Burnley District boundary to the E side of Clough Bottom Reservoir, S by a straight line to Newchurch Old Road at its junction with the footpath then by a line drawn between the Fernhill estate (Rawtenstall and Newchurch parish) and the Rockcliffe Estate (Bacup and Whitworth parish) to the steps on Anvil Street, W along Anvil Street, Rushton St, crossing Newchurch Road, Glen Street and Lee Road to the SE corner of the cemetery, S by a straight line to the civil parish boundary stone at Jackson''s Moor. S to the boundary stone at Old Slink Slack and W by the Rossendale - Rochdale District boundary to and along the track (Rossendale Way) passing S of Cowpe Lowe to the end of Sand Beds Lane, W in a straight line to the boundary stone on Burnley Road, continuing in a straight line to and N along the A56(T) by-pass to the roundabout connecting the A56(T), the A680 and the B6527,  N by a straight lin e  crossing Haslingdon Road A681 to the junction of Kirkhill Road and Haslingden Old Road  at Height End, N by Laund Lane to Cribden End Lane and N by the track to Cribden Side and N by the King’s Highway to and along the Rossendale - Hyndburn District Boundary to Higher Moor where the boundaries of Hyndburn, Rossendale and Burnley Districts meet.","Former boundary between St James the Lees and St Joseph with St Peter",,,"S in a straight line to Edge Lane, Dobbin Lane and Peel Street crossing Bacup, Road A681 and S from the junction with Hill End Lane to Cowpe Lowe to meet the end of Sand Beds Lane.",,,AA,draft,,,a3/D005D009_20170415_a3.pdf
164,"2017-04-26 22:17:49",20170415,1,D020,4,"From the M65 Motorway junction  7 with the A6185 Dunkenhalgh Way, by a straight line to the junction of  Dill Hall Lane and First Avenue, then by First Avenue (both sides in St Mary''s Parish, Clayton le Moors) to and by Whalley Road to and along Haworth Street, excluding Epping Av., then by a straight line to the bend in Whinney Hill Road via but excluding  Sankey House Farm Caravan Site and by Whinney Hill Road and Clough Brook to the M65 Motorway, then eastwards by the M65 junction 8  with the A56(T). Then south by the A56(T)  Easterly  By-Pass to the junction with the A679 Burnley Road, by the Hyndburn and Burnley boundary and then westwards by the Hyndburn and Rossendale Boundary crossing the A56(T)  and the A680 (Manchester Road/Blackburn Road) to the line of the former Haslingden -Accrington railway line; then northwards by the cycleway that runs along the former railway to a point by the junction of Bath Street and Riley Street (both in St Anne''s parish) and westwards by a bee-line to the junction of Ormerod Street and Willows Lane and north along Willows Lane to Blackburn Road, then west along Blackburn Road to Park Road, and by Park Road (both sides being in St Anne''s parish) to the A679 Hyndburn Road, and north by the Dunkenhalgh Way to the M65 Motorway junction 7.","Former boundary between St Anne and St Joseph",,"From the junction of the Easterly By-Pass A56 with A679 Burnley Road, then south to the parking lay-by then in a straight line to and along Water Street, Alice Street, Burnley Road, Eastgate, A679 Hyndburn Road to the junction with Park Road.",,,,PA,draft,,,a3/D003D010_20170415_a3.pdf
165,"2017-04-26 22:17:49",20170415,1,D023,11,"From Cock Bridge, Whalley Road A680, E by the River Calder to its confluence with Shorten Brook at Altham Bridge on Burnley Road A678 S by Shorten Brook to the M65 Motorway (junction 8) SW by Clough Brook and Whinney Hill Road via and including Sankey House Farm Caravan site from the bend in Whinney Hill Road by a straight line to Haworth Street, Whalley Road along First Avenue (including both sides) to the junction of First Avenue and Dill Hall Lane W by a straight line to the centre of the M65 interchange junction 7 with the A6185 Dunkenhalgh Way  W along the M65 Motorway to junction 6 Whitebirk roundabout N along Whitebirk Drive A6119 to and by the Leeds and Liverpool Canal N to Side Beat Bridge N by the Hyndburn – Blackburn with Darwen civil boundary to and by Blackburn Old Road N to Wilpshire Road and along York Road  NE to the footpath parallel to Whalley Old Road to Shawcliffe Lane and the boundary stone. SE by a straight line to the confluence of Dean Brook and the River Calder S by the River Calder to Cock Bridge, Whalley Road A680.","Former boundary between St Mary and St Charles","Former boundary between St Mary and St Hubert with St Wulstan","Former boundary between St Hubert and St Wulstan and St Charles","Hyndburn Brook","Hyndburn Brook","Then E by Wilpshire Road, Lee Lane, Norden Brook to the point opposite Barons Way, and by a beeline to and E along Hyndburn Brook to its confluence with River Calder.",PA,draft,,,a3/D002D004D016_20170415_a3.pdf
166,"2017-04-26 22:26:42",20170415,1,D011,6,"From Hoof Stones Height on the Lancashire - Yorkshire boundary, by a beeline to and along Noah Dale Water and Colden Water to the River Calder. Upstream by the River Calder to its confluence with Stoodley Clough and by this clough to and along the ancient boundary to Turvin Clough then upstream to a stream junction and by a beeline across the middle of White Holme Reservoir to the Lancashire and Yorkshire boundary and by this boundary to Hoof Stones Height.",,,,,,,LP,draft,Comment,"In line with a 1914 agreement between the Leeds and Salford dioceses, the boundaries of St Joseph''s would be those of the Borough of Todmorden as incorporated in 1896, or after its dissolution in 1974, the boundaries of today''s Todmorden Town Council.",a3/D011_20170415_a3.pdf
167,"2017-04-26 22:26:42",20190717,1,D021,7,"From the River Calder by the Burnley - Pendle District Boundary across the M65 Motorway to Pendle Water, by Pendle Water to ‘New in Pendle’ Bridge and by Barden Lane back to the Burnley - Pendle District Boundary (so that the whole of the Healdwood Drive Estate lies within this parish), then by the Burnley - Pendle District Boundary via Upper Coldwell Reservoir south to the Diocesan (Lancashire - Yorkshire) Boundary. Then South East and South by this boundary to the boundary stone near Birkin Clough southwards along the Burnley – Calderdale Boundary ( = Yorkshire - Lancashire border) crossing the A646 north west of Cornholm to the point where the Burnley and Rossendale District boundary is met at Heald Top Farm, then north-westwards along the Burnley - Rossendale District Boundary crossing the A671 via Clough Bottom Reservoir to Limy Water near Clowbridge Reservoir from Limy Water south west by this same boundary crossing the A682 just south of Dunnockshaw to the junction of the Burnley, Rossendale and Hyndburn boundaries at Higher Moor and then by a north easterly straight line to the Green Brook at the western end of Burnley Cemetery near Billington Road and by this brook to the M65 Motorway and by which north east to the River Calder. ","Former boundary between St John and St Mary","Former boundary between St Mary and Christ the King","Former boundary between St John and Christ the King","From the boundary stone near Birkin Clough, and then by a bee-line to Swinden Water. By Swinden Water and the River Brun to the Leeds and Liverpool Canal and by the Canal to Colne Road and by the path to Burnley Central Station and by the railway to where it crosses the River Calder and then by the River Calder to the Burnley - Pendle District Boundary","Along the M65 Motorway from the point where it crosses Green Brook to where it crosses the River Calder, then by the River Calder to Ashfield Road, along Ashfield Road, Westgate, Queen''s Lancashire Way, Hammerton Street and Finsley Gate to the canal bridge, then by a bee-line through the junction of Marlborough Street and Springfield Road and passing between Rumley Road (Christ the King parish) and Brunswick Street (St Mary''s parish) to the railway underbridge at Kirkgate, then by the railway to the tunnel entrance south of Priory Court and by a south-westerly bee-line to the Burnley Rossendale District boundary at Limy Water.","From a junction Calder Vale Road and Ashfield Road, along the river to Calder to M65 Motorway.",LP,approved,,,a3/D021_20190717_a3.pdf
168,"2017-04-26 22:26:42",20170415,1,D022,8,"S from Barrowford Road via Moor Isles Clough to its confluence with the River Calder, S by the River Calder to M65 Motorway and W to the  Green Brook S by the brook to the W end of Burnley Cemetery, then by a straight line to Higher Moor and by the Hyndburn - Burnley boundary to Burnley Road (A679) N by the A56(T) to the M65 Motorway  W by the M65 to Shorten Brook and by Shorten Brook to its confluence with the River Calder by Altham Bridge, by the River Calder to Sabden Brook and by Sabden Brook to Read Old Bridge E by Old Roman Road, Back Lane and Stump Hall Road to the junction with Guide Lane at Haddings Head, S by Guide Lane to Barrowford Road. ","Former boundary between St John the Baptist with St Philip and St Mary Magdalene",,,"N from the M65 Motorway by the Green Brook to Knots Lane, and Scott Street, and Crowley Crescent (both sides of all these three streets in St Mary Magdalene''s parish), to Padiham Road and W by Padiham Road to junction with Kiddrow Lane  N by a straight line to the confluence of Whittaker Clough and the River Calder, E bythe River Calder and its confluence with Moor Isles Clough.",,,AA,draft,,,a3/D007D014_20170415_a3.pdf
219,"2017-05-01 11:22:07",20170415,1,F001,9,"From the point where Borsdane Brook crosses Dicconson Lane, S along the Brook, including Mill Lane and Millbrook Close in the Holy Family parish. Then along the diocesan boundary to the point where it crosses New Road, and by a bee-line SE to and E along Wigan Road, Bolton Road to its junction with Hall Lane, by a bee-line to Borsdane Brook and by that brook to the point where it crosses Dicconson Lane.",,,,,,,LP,draft,,,a3/F001_20170415_a3.pdf
220,"2017-05-01 11:22:07",20170415,1,F002,5,"From Belmont Road (A675) along northern boundary of North Turton Civil Parish to its crossing with Blackburn Road. S along Blackburn Road (A666) to and along Delph Brook, Dewhurst Clough, Eagley Brook to the junction of Waters Meeting Road and Britannia Way, SW along Waters Meeting Road, to and S along Blackburn Road, then NW along Halliwell Road, Wolfenden Street by a bee-line to Back Sutcliffe Street and by a bee-line to Astley Brook, including Crumpsall Street and Chapelfield Street in Holy Infant parish. Then by that brook and Dean Brook to and NW along Smithills Dean Road to its junction with Colliers Row Road. Then by a bee-line to Blackburn – Bolton District boundary and Chorley – Blackburn District boundary to its crossing with Belmont Road and North Turton Civil Parish boundary.",,,,,,,LP,draft,,,a3/F002_20170415_a3.pdf
221,"2017-05-01 11:22:07",20170415,1,F003,9,"From Blackrod Station, SE by the railway to the bridge that goes over it and by a bee-line across the fields to the Wigan – Bolton District boundary. Along that boundary to the point it meets Borsdene Brook and then by a bee-line to the junction of Bolton Road and Hall Lane. W along Bolton Road and Wigan Road to the point where diocesan boundary crosses New Road (near Mowpin Lodge). N by that boundary (along the footpath) to Haigh Road , Toddington Lane, past, but excluding  Freezeland Farm (along Haigh Civil Parish boundary) to and W along Wigan – Bolton District boundary and Chorley – Bolton boundary to the railway, and SE along the railway to Blackrod station. ",,,,,,,LP,draft,,,a3/F003_20170415_a3.pdf
222,"2017-05-01 11:22:07",20170415,1,F004,1,"From the crossing of River Croal and Hall Lane (A6053), E along the river to the point opposite Kearsley station, and by a bee-line to that station and Stoneclough Road (A667). Along Stoneclough Road (A667) to its junction with Bolton Road and by a beeline to the junction of Moss Road and M61 Motorway (junction 3), then W along M61 Motorway to junction 4, N along Watergate Lane, Plodder Lane, Smerthurst Lane to the point opposite Top O’ Th’ Height Farm on Slackfold Lane, and E along Slackfold Lane to Holme Fold Farm, then by a bee-line to and along Doe Hey Brook and the middle of Higher and Lower Doe Hey Reservoirs, then NW by a bee-line River Croal, including all of Ashby Close estate and crossing the railway the junction of St Peter’s Way and Manchester Road, NW along River Croal to Hall Lane.",,,,,,,LP,draft,,,a3/F004_20170415_a3.pdf
223,"2017-05-01 11:22:07",20170415,1,F005,11,"From the bridge over the Lostock – Blackrod railway, E along the railway to Lostock station and S along Rumworth Road and  by a beeline to M61 Motorway near junction 5 (excluding Winslow Road estate), E along the Motorway then S along Westhoughton Civil Parish boundary, to Bolton – Wigan District boundary and along that boundary and  Westhoughton Civil Parish boundary crossing Manchester Road (A6) and by a bee-line across the fields to the bridge over Lostock – Blackrod railway.",,,,,,,LP,draft,,,a3/F005_20170415_a3.pdf
224,"2017-05-01 11:22:07",20170415,1,F006,4,"From the point where Blackburn with Darwen, Bury and Bolton District boundaries meet (near Ramsbottom Road), S along Bolton – Bury District boundary  to and NW along Arthur Lane, Stitch-Mi-Lane, New Lane, Blair Lane, Thicketford Road to and N along Bradshaw Brook across Jumbles Reservoir to the Blackburn – Bolton District boundary and along that boundary to the pint where it meets Bury boundary.",,,,,,,CP,draft,,,a3/F006_20170415_a3.pdf
225,"2017-05-01 11:22:07",20170415,1,F007,5,"From the junction of Turton Road and Shady Lane, E along Turton Road, Printers Lane to the end of the road, then by a beeline to and S along Broadshaw Brook to and W along Thicketford Road, S Crompton Way, Abingdon Road (both sides in St Columba parish), Ainsworth Lane, Entwistle Street and by a beeline to and N along River Tonge, Eagley Brook and by a footpath to Darwen Road and Turton Road to its junction with Shady Lane.",,,,,,,CP,draft,,,a3/F007_20170415_a3.pdf
226,"2017-05-01 11:22:07",20170415,1,F008,8,"From the junction of Blackburn Road (A666) and Waters Meeting Road, E along Waters Meeting Road to and S along River Tonge and River Croal, to the point opposite the junction of St Peter’s Way (A666) and Manchester Road (B6536), by a beeline SW to the railway and N along the tracks to the point opposite Bridgeman Street, and W by Bridgeman Street, High Street, Derby Street (A579), N to and along Cannon Street, Deane Road, Gilnow Lane to the railway, then by a beeline to and W along Gilnow Road (B6202), N along Dobson Road, Beverley Road, Victory Street and by a beeline to Chorley Old Road (B6226) (including both sides of Fordham Grove). SE along Chorley Old Road, Gaskell Street, Merehall Drive, Prince Street, Higher Bridge Street, Topp Way, Kay Street, Blackburn Road to its junction with Waters Meeting Road.",,,,,,,LP,draft,,,a3/F008_20170415_a3.pdf
227,"2017-05-01 11:22:07",20170415,1,F009,10,"From the junction of High Street and Bridgeman Street, SW along Bridgeman Street, S along Adelaide Street and by a beeline to and SW along Ellesmere Road, Moors Green Lane, Sapling Road, Smethurst Lane to Plodder Lane. E along Plodder Lane, Watergate Lane to M61 Motorway junction 4 and W along the Motorway, past junction 5 and by a beeline N including all of Winslow Road Estate, to the junction of Tempest Road and Junction Road West, N along Rumworth Road to Lostock station and E along the railway to the point opposite Gilnow Lane, and S along Gilnow Lane to and E along Deane Road, Cannon Street, Derby Street and Hight Street to its junction with Bridgeman Street.",,,,,,,LP,draft,,,a3/F009_20170415_a3.pdf
228,"2017-05-01 11:22:07",20170415,1,F010,7,"From the junction of Colliers Row Road and Smithills Dean Road, S along Smithills Dean Road and by a beeline W crossing Limefield Road and excluding both sides of Redcar Road, to Dean Brook, SE by the brook to and W along Moss Bank Way (A58), Captain’s Clough Road, W along Church Road, New Church Road, Chorley Old Road (B6226), S by Moss Bank Way to its junction with Old Kiln Lane (B6402), then N along Old Kiln Lane, Walker Fold Road, Colliers Row Road to its junction with Smithills Dean Road.",,,,,,,CP,draft,,,a3/F010_20170415_a3.pdf
229,"2017-05-01 11:22:07",20170415,1,F011,2,"From the point on the Manchester, Bolton and Bury Canal opposite Lavender Street, by a beeline SE to Ringley Road West (A667), including Shore Top Farm, but excluding Mount Sion House. E by Rigley Road West to its junction with Wood Street S and by Bury – Bolton District boundary, then W by Salford – Bolton District boundary to Cedar Drive and by a beeline to M60 Motorway near junction 15. W by a M60 & M61 Motorway to M61 junction 3 to the point M61 Motorway (Kearsley Spur) meets Moss Road near Kearsley Academy. Then NE by a beeline to Stoneclough Road (A667) and along Stoneclough Road to Kearsley Station. Then by a beeline N to and W along River Irwell to the point opposite Mount Sion Road and by a beeline to Manchester, Bolton and Bury Canal.",,,,,,,LP,draft,,,a3/F011_20170415_a3.pdf
230,"2017-05-01 11:22:07",20170415,1,F012,4,"From the point where Broadhead Road crosses Twitchels Brook, S along Blackburn – Rossendale District boundary, Blackburn  - Bury District boundary and Blackburn – Bolton District boundary to and S along the middle of the Jumbles Reservoir. Then S along Bradshaw Brook to its crossing with Printers Lane, and W along Printers Lane, N and then W along Turton Road, then across Birtenshaw School and by a footpath to Eagley Brook. N by Eagly Brook, Dewhurst Clough, Delph Brook and by Blackburn – Bolton District boundary to Blackburn Road (A666). N by Blackburn Road to Cadshaw Brook and along northern boundary of North Turton civil parish to the crossing of Broadhead Road and Twitchels Brook.",,,,,,,CP,draft,,,a3/F012_20170415_a3.pdf
231,"2017-05-01 11:22:07",20170415,1,F013,7,"From the point where Smithills Dean Road meets Dean Brook, E by the Dean Brook, Astley Brook, to the point opposite Chapelfield Street, by Chapelfield Street and by a beeline to and along Wolfenden Street, then E along Halliwell Road, Kay Street, Topp Way, Higher Bridge Street, Prince Street, Merehall Drive, Gaskell Street, Chorley Old Road (B6226) to the junction of Shepherd Cross Street and Chorley Old Road, W along Chorley Old Road, Ivy Road, to its junction with Cunliffe Brow, then by Captain’s Clough to and N along Captain’s Clough Road to its junction with Church Road. Then from the junction of Captain’s Clough Road and Church Road, N along Captain’s Clough Road, Moss Bank Way, by a bee-line to Dean Brook (excluding Forest Road), NE along the brook, to the point opposite Redcar Road (both sides in St Joseph’s Halliwell) to Smithills Croft Road, then S along Smithills Croft Road to the point where it meets Dean Brook.",,,,,,,CP,draft,,,a3/F013_20170415_a3.pdf
232,"2017-05-01 11:22:07",20170415,1,F014,8,"From the point Bolton – Chorley District boundary departs from the railway, NE along that boundary to the point opposite Chorley New Road, Crown Lane, Lee Lane roundabout, and by a bee-line W to the junction of Squirrel Lane and Bolton Road (A673). By a bee-line through the middle of Lower and Upper Rivington Reservoir, crossing Horrobin Lane and Knowsley Lane , and through the middle of Anglezarke Reservoir to Fill Brook. N by that brook to and E along Warth Brook and Black Brook to Chorley – Blackburn District boundary. S by that boundary to and along Bolton – Blackburn boundary to the point it turns N near Lomax Wifes farm, and by a bee-line to the junction of Colliers Row Road and Smithills Dean Road. Then W by Colliers Row Road, Walker Fold Road and Chorley Old Road. Then by a bee-line S crossing Hight Rid Reservoir in the middle and excluding properties on Princess Road and the Kilphin to Chorley New Road. E along Chorley New Road, then S along Regent Road to and W along the footpath which goes along S boundary of the golf club and by a beeline excluding properties on Overdene Close and Morris Fold Drive, but including Morris Fold Farm, to the railway. W along the railway to the point it meets Bolton – Chorley District boundary (past Blackrod station).",,,,,,,LP,draft,,,a3/F014_20170415_a3.pdf
233,"2017-05-01 11:22:07",20170415,1,F015,3,"From the junction of Thicketford Road and Blair Lane, along Blair Lane, New Lane, Stitch-Mi-Lane, Arthur Lane, to and S along Bolton – Bury District boundary (Blackshaw Brook) to the point opposite Crows Nest and by a bee-line W to Crows Nest, Radcliffe Road, Croft Side and by E boundary of Darcy Level Gravel Pits to River Croal. N along River Croal, River Tonge to Folds Road and by a bee-line to and along Entwistle Street, Ainsworth Lane, Abington Road (both sides in St Brendan’s Parish), Crompton Way and Thicketford Road to its junction with Blair Lane.",,,,,,,CP,draft,,,a3/F015_20170415_a3.pdf
234,"2017-05-01 11:22:07",20170415,1,F016,3,"From the junction of Radcliffe Road and Croft Side, E along Radcliffe Road, Crows Nest to the end of the road and then by a straight line to Bolton – Bury District boundary and S by that boundary and River Irwell, River Croal to Hall Lane. W along Hall Lane and by a bee-line to River Croal, including Crompton Lodge Caravan Park then E, NW along the River Croal and E boundary of the  Darcy Level Gravel Pits to Croft Side and its junction with Radcliffe Road.",,,,,,,CP,draft,,,a3/F016_20170415_a3.pdf
235,"2017-05-01 11:22:07",20170415,1,F017,7,"From the junction of Church Road and Captain’s Clough Road, S along Captain’s Clough Road, E through Captain’s Clough to Ivy Road, near its junction with Cunliffe Brow. S along Ivy Road, then E along Chorley Old Road to its junction with Shepherd Cross Street and by a bee-line SW to and along Victory Street, Beverly Road, Dobson Road. Then E along Gilnow Road and S by a bee-line to the railway including both sides of Gilnow Gardens in St Thomas of Canterbury parish. E along the railway, past Lostock station and by a bee-line to the footpath leading to Regent Road (including all of Overdene and Morris Fold Drive estate). Then N along Regent Road, W along Chorley New Road, and by a bee-line to Chorley Old Road (including both sides of Princess Road and the Kilphin). E along Chorley Old Road, Old Kiln Lane, Moss Bank Way, Chorley Old Road, New Church Road and Church Road to its junction with Captain’s Clough Road.",,,,,,,CP,draft,,,a3/F017_20170415_a3.pdf
236,"2017-05-01 11:22:07",20170415,1,F018,12,"From the point where Bolton – Salford District crosses M61 Motorway, S along the district boundary to and W along Wigan – Bolton boundary, then by W boundary of Westhoughton Civil Parish to and E along the M61 Motorway to the point where it crosses Bolton-Slaford District boundary.",,,,,,,LP,draft,"The Civil Parish boundary can be described as follows:","From the point on the Bolton - Salford District boundary, opposite Oxford Road and by a bee-line N including Rawsthorne Wood and Markland plantation and excluding Brancker Street, crossing Manchester Road (A6) and Punch Lane to M61 Motorway (excluding junction 5 slip roads). ",a3/F018_20170415_a3.pdf
237,"2017-05-01 11:22:07",20170415,1,F019,10,"From the junction of Hight Street and Brigdeman Steet, NE along Bridgeman Street to the railway. S along the railway to the point opposite Ashby Close. By a beeline to Lower Doe Hey Reservoir (exluding Ashby Close), W along the middle of Lower and Higher Doe Hey Reservoir and Doe Hey Brook to Slack Fold Lane and by a beeline to and N along Smethurst Lane, Sapling Road, Moors Green Lane, Ellesmere Road then by a beeline to Adelaide Street and Bridgeman Street its junction with High Street.",,,,,,,LP,draft,,,a3/F019_20170415_a3.pdf
238,"2017-05-01 11:22:07",20191103,1,F020,3,"From the junction of Thicketford Road and Blair Lane, along Blair Lane, New Lane, Stitch-Mi-Lane, Arthur Lane, to and S along Bolton – Bury District boundary and River Irwell then River Croal to Hall Lane. W along Hall Lane and by a bee-line to River Croal (including Crompton Lodge Caravan Park), continuing W along River Croal, River Tonge to Folds Road and by a bee-line to and along Entwistle Street, Ainsworth Lane, Abington Road (both sides in St Brendan’s Parish), Crompton Way and Thicketford Road to its junction with Blair Lane.","Former boundary between St Osmund and St Teresa",,,"From the point on the Bolton – Biry District boundary opposite Crows Nest and by a bee-line W to Crows Nest, Radcliffe Road, Croft Side and by E boundary of Darcy Level Gravel Pits to River Croal",,,LP,approved,,,a3/F020_20191103_a3.pdf
239,"2017-05-01 11:22:07",20170415,1,F021,4,"From the point where Broadhead Road crosses Twitchels Brook, S along Blackburn – Rossendale District boundary, Blackburn  - Bury District boundary and Bolton - Bury District boundary to  and NW along Arthur Lane, Stitch-Mi-Lane, New Lane, Blair Lane, Thicketford Road to and N along Bradshaw Brook to its crossing with Printers Lane, and W along Printers Lane, N and then W along Turton Road, then across Birtenshaw School and by a footpath to Eagley Brook. N by Eagly Brook, Dewhurst Clough, Delph Brook and by Blackburn – Bolton District boundary to Blackburn Road (A666). N by Blackburn Road to Cadshaw Brook and along northern boundary of North Turton civil parish to the crossing of Broadhead Road and Twitchels Brook.","Former boundary between St Brendan and St John Evangelist",,,"From the point where Bradshaw Brook crosses Printers Lane, N along Bradshaw brook, across Jumbles Reservoir to and N along Blackburn – Bolton District boundary to the point it meets Bury boundary.",,,AA,draft,,,a3/F006F012_20170415_a3.pdf
240,"2017-05-01 11:22:07",20170415,1,F022,5,"From Belmont Road (A675) along northern boundary of North Turton Civil Parish to its crossing with Blackburn Road. S along Blackburn Road (A666) to and along Delph Brook, Dewhurst Clough, Eagley Brook to the footpath, then N along that footpath and across Birtenshaw School to and E along Turton Road, Printers Lane to the end of the road, then by a beeline to and S along Broadshaw Brook to and W along Thicketford Road, S Crompton Way, Abingdon Road (both sides in St Columba parish), Ainsworth Lane, Entwistle Street and by a beeline to and N along River Tonge the the junction of Waters Meeting Road and Brittania Way. SW along Waters Meeting Road, to and S along Blackburn Road, then NW along Halliwell Road, Wolfenden Street by a bee-line to Back Sutcliffe Street and by a bee-line to Astley Brook, including Crumpsall Street and Chapelfield Street in Holy Infant parish. Then by that brook and Dean Brook to and NW along Smithills Dean Road to its junction with Colliers Row Road. Then by a bee-line to Blackburn – Bolton District boundary and Chorley – Blackburn District boundary to its crossing with Belmont Road and North Turton Civil Parish boundary.","Former boundary between Holy Infant and St Columba",,,"From the junction of Waters Meeting Road and Britannia Way, N along Eagley Brook to the point opposite Wrath Close.",,,PA,draft,,,a3/F002F007_20170415_a3.pdf
241,"2017-05-01 11:22:07",20170415,1,F023,7,"From the junction of Colliers Row Road and Smithills Dean Road, S along Smithills Dean Road to the point where Smithills Dean Road meets Dean Brook, E by the Dean Brook, Astley Brook, to the point opposite Chapelfield Street, by a beeline to Back Sutcliffe Street and by a beeline to and along Wolfenden Street, then E along Halliwell Road, Kay Street, Topp Way, Higher Bridge Street, Prince Street, Merehall Drive, Gaskell Street, and W along Chorley Old Road (B6226) to its junction with Shepherd Cross Street  and by a beeline SW to and along Bashall Street and then by Victory Street, Beverly Road, Dobson Road. Then E along Gilnow Road and S by a bee-line to the railway including both sides of Gilnow Gardens. W along the railway, past Lostock station and by a bee-line to the footpath leading to Regent Road (including all of Overdene and Morris Fold Drive estate). Then N along Regent Road, W along Chorley New Road, and by a bee-line to Chorley Old Road (including both sides of Princess Road and the Kilphin). E along Chorley Old Road, N along Walker Fold Road, Colliers Row Road to its junction with Smithills Dean Road.","Former boundary between St James the Great and St Joseph","Former boundary between St James the Great and St Thomas of Canterbury","Former boundary between St Joseph and St Thomas of Canterbury","From the junction of Captain’s Clough Road and Church Road, N along Captain’s Clough Road, Moss Bank Way, by a bee-line to Dean Brook (excluding Forest Road), NE along the brook, to the point opposite Redcar Road (including both sides in St Joseph’s, Halliwell) and to Smithills Croft Road.","From Smithills Dean Road, by a beeline W crossing Limefield Road and excluding both sides of Redcar Road, to Dean Brook, SE by the brook to and W along Moss Bank Way (A58), Captain’s Clough Road, W along Church Road, New Church Road, Chorley Old Road (B6226), S by Moss Bank Way to its junction with Old Kiln Lane (B6402), then N along Old Kiln Lane to its junction with Old Chorley Road.","From the junction of Shepherd Cross Street and Chorley Old Road, W along Chorley Old Road, Ivy Road, to its junction with Cunliffe Brow, then by Captain’s Clough to and N along Captain’s Clough Road to its junction with Church Road.",PA,draft,,,a3/F010F013F017_20170415_a3.pdf
242,"2017-05-01 11:22:07",20170415,1,F024,9,"From Blackrod Station, SE by the railway to the bridge that goes over it and by a bee-line across the fields to the Wigan – Bolton District boundary. Along that boundary and S along the Brook, including Mill Lane, Mill Courst and Millbrook Close in the Holy Family parish. Then along the diocesan boundary to the footpath near Mowpin Lodge, N along the footpath to Haigh Road , Toddington Lane, past, but excluding  Freezeland Farm (i.e. along Haigh Civil Parish boundary) to and W along Wigan – Bolton District boundary and Chorley – Bolton boundary to the railway, and SE along the railway to Blackrod station. ","Former boundary between Holy Family and Our Lady of Immaculate Conception",,,"From the diocesan boundary near Mowpin Lodge, by a bee-line to Wigan Road, along Wigan Road and Bolton Road to its junction with Hall Lane and by a bee-line to Borsdane Brook.",,,PA,draft,,,a3/F001F003_20170415_a3.pdf
243,"2017-05-01 11:22:07",20170415,1,F025,10,"From the junction of Hight Street and Brigdeman Steet, NE along Bridgeman Street to the railway. S along the railway to the point opposite Ashby Close. By a beeline to Lower Doe Hey Reservoir (exluding Ashby Close), W along the middle of Lower and Higher Doe Hey Reservoir and Doe Hey Brook to Slack Fold Lane and by a beeline to and N along Smethurst Lane to Plodder Lane. E along Plodder Lane, Watergate Lane to M61 Motorway junction 4 and W along the Motorway, past junction 5 and by a beeline N including all of Winslow Road Estate, to the junction of Tempest Road and Junction Road West, N along Rumworth Road to Lostock station and E along the railway to the point opposite Gilnow Lane, and S along Gilnow Lane to and E along Deane Road, Cannon Street, Derby Street and Hight Street to its junction with Bridgeman Street.","Former boundary between St Ethelbert and St William of York",,,"Former boundary between St Ethelbert and St William of York",,,AA,draft,,,a3/F009F019_20170415_a3.pdf
263,"2017-05-11 01:19:04",20170415,1,C001,6,"From the junction of the Manchester, Oldham and Tameside Metropolitan Boundaries at the River Medlock, westwards by the River Medlock to and along Bank Bridge Road and Ten Acres Lane to and along the Ashton under Lyne – Manchester railway to Oldham Road Bridge, then by Oldham Road and Thorp Road to and along the Manchester – Rochdale railway to and along St Mary’s Rd to and by Moston Brook to the Manchester and Oldham Metropolitan Boundary and by this boundary to the River Medlock.",,,,,,,LP,draft,,,a3/C001_20170415_a3.pdf
264,"2017-05-11 01:19:04",20170415,1,C002,10,"From M60 Motorway junction 22, S along the Motorway to and E River Medlock to the railway bridge and by the railway to Millstream Lane. Then N by Manchester – Oldham District boundary (going through Donleigh street) to Gaskell Street, by a beeline NW to the Rochdale Canal and by that canal to Oldham Road and by Oldham Road to the M60 Motorway junction 22.",,,,,,,LP,draft,,,a3/C002_20170415_a3.pdf
265,"2017-05-11 01:19:04",20170415,1,C003,2,"From the junction of  Hilldale Avenue and Rochdale Road, along Levedale Road, Elmton Road and White Moss Road to a point opposite Churston Ave, then buy a bee-line to a point between Dam Head Drive and Earby Grove, then by a bee-line to the junction of Charlestown Road and Polefield Road, then by a bee-line across Boggart Hole Clough park to the junction of Glen Avenue and Clough Road, along Clough Road (both sides being in Mount Carmel parish), Moston Lane, Hillier Street North to its end at the Moston Pub, directly across the footpath to the east of The Moston to the corner of Hillier Street and Princedom Street, along Hillier Street to its junction with Church Lane to its junction with Upper Conran Street, along Fernclough Road to Bentwood Walk (Naughton Walk, Saltburn Walk and Burntwood Walk all being in the parish of St Dunstan) to and across Broadwell Drive to Conran Street and its junction with Carisbrook Street opposite the Harpurhey Community Church, along Carisbrook Road and Rochdale Road to a point opposite the northern boundary of Manchester General Cemetery, and by a bee-line along this boundary to the River Irk, by the River Irk to Mill Brow, then by Mill Brow, Chapel Lane and Plant Hill Road to its junction with French Barn Lane, then by a bee-line to the junction of Hill Lane and Hilldale Avenue, and along Hilldale Avenue to its junction with Rochdale Road.",,,,,,,CP,draft,,,a3/C003_20170415_a3.pdf
266,"2017-05-11 01:19:04",20170415,1,C004,8,"From the point where Rochdale Canal crosses the railway, near Lord North Street, along the railway to its crossing with Ten Acres Lane, then S along Ten Acres Lane, Bank Bridge Road and by River Medlock to the bridge. Then S along the footpath to and along Bank Street, Ashton New Road to and E along Ashton Canal, to Edge Lane. Then S along Edge Lane and W along Wheler Street and Ettrick Street to the end of the road and by a bee-line to Ashton Old Road,  Lees Street to the railway. Then W along the railway through Gorton, Ashburys, Ardwick and Piccadily Stations. Then  W along Fairfield Street, London Road, Piccadilly, Newton Street, Hilton Street, Stevenson Square, Hilton Street, Thomas Street, John Street, Turner Street, High Street, Shudehill, Swann Street, Oldham Road, Poland Street, to and E along Rochdale Canal to the point where it crosses the railway.",,,,,,,LP,draft,,,a3/C004_20170415_a3.pdf
267,"2017-05-11 01:19:04",20170415,1,C005,4,"From the junction of Sheepfold Lane and Meade Hill Road, along Meade Hill Road,  Blackley New Road to and E along River Irk to and along Smedley Lane, Bellott Street, Waterloo Road,  Cheetham Hill Road,  Bury Old Road,  Sheepfoot Lane to its junction with Meade Hill Road.",,,,,,,LP,draft,,,a3/C005_20170415_a3.pdf
268,"2017-05-11 01:19:04",20170415,1,C006,7,"From the Junction of Buxton Lane and Manchester Road, E along Manchester Road, Ashton Road, Droylsden Road, Park Road, Slate Lane and by a bee-line to Groby Road North, then S, and SW by Audenshaw Road, King’s Road, Green Fold (going between Gorton Lower and Upper Reservoir). Then along N boundary of Gorton Lower Reservoir to its NW corner and by a bee-line, crossing Abbey Hey Lane to the railway. W by the tracks to Gorton station and N by Lees Street, Ettrick Close, Wheler Street, Edge Lane, to its crossing with Ashton Canal. E along the canal to the point opposite Buxton Lane, then N by Buxton Lane to its junction with Manchester Road.",,,,,,,LP,draft,,,a3/C006_20170415_a3.pdf
269,"2017-05-11 01:19:04",20170415,1,C007,5,"From the confluence of the Rivers Irwell and Irk, by the River Irwell to a point opposite Fennell Street, then by Fennell Street, Withy Grove, Shudehill, Miller Street, Cheetham Hill Road to and along the River Irwell to and by the Manchester-Bury Metrolink line to Smedley Lane, then along Smedley Lane, Bellott St, Waterloo Road, Bury New Road and Sherborne Street West and a bee-line to the River Irwell and by the River Irwell to its confluence with the River Irk.",,,,,,,LP,draft,,,a3/C007_20170415_a3.pdf
270,"2017-05-11 01:19:04",20170415,1,C008,1,"From a junction of Heywood Old Road and private road leading to Bowlee Park Golf Range, across Golf Course to Parkfield Drive and S by a bee-line to and W along River Irk to M60 Motorway, junction 20, then S along Rochdale Road (A664), to its junction with Hilldale Avenue. W along Hilldale Avenue to the end of the road, and by a straight line to the junction of Plant Hill Road and French Barn Lane. W along Plant Hill Road, S along Chapel Lane, Mill Brow, Delaunays Road to and W along River Irk to bridge on Blackley New Road (near Roch Bank) and W along Blackley New Road, Meade Hill Road, to its junction with Sheepfoot Lane and by a straight line across Heaton Park to the junction of Heywood Old Road and private road leading to Bowlee Park Golf Range.",,,,,,,LP,draft,,,a3/C008_20170415_a3.pdf
271,"2017-05-11 01:19:04",20170415,1,C009,3,"From the junction of Glen Avenue and Clough Road, W along Glen Avenue, Gill Street, Oak Bank Avenue, by a beeline to and along Blue Bell Avenue, Moston Lane, Millais Street, and by a bee-line to Lightbowne Road and Arbory Avenue (both sides in St Dunstan’s parish), to Joyce Street, St Mary’s Road to the point where it crosses the railway.  W along the railway to and NW along Thorp Road, and along a footpath through Moston Vale to Carisbrook Street and its junction with Conran Street. NE along Conran Street and footpath to and W along Church Lane, Hillier Street to the point opposite Hillier Street North. N along Hillier Street North to and E along Moston Lane and N along Clough Lane to its junction with Glen Avenue.",,,,,,,LP,draft,,,a3/C009_20170415_a3.pdf
272,"2017-05-11 01:19:04",20170415,1,C010,2,"From M60 Motorway junction 20, E along the Motorway, to the point opposite Manchester Creative & Media Academy. Then E by Victoria Ave East, Moston Lane and Crowden Road to the end of the road, and then by a bee-line across Boggart Hole Clough to the junction of Glen Avenue and Clough Road and by a beeline to the junction of Polefield Road and Charlestown Road and by a bee-line  between Dam Head Drive and Earby Grove to a point opposite Churston Ave, and E across White Moss Road, Levedale Road and N along Rochdale Road to the M60 Motorway junction 20.",,,,,,,CP,draft,,,a3/C010_20170415_a3.pdf
273,"2017-05-11 01:19:04",20170415,1,C011,3,"From the roundabout joining Moston Lane, Charlestown Road and Ainsbrook Avenue, by a bee-line E to and across Colgrove Avenue, to and S along Lightbowne Road and Linford Avenue to the end of the road. Then by a beeline to the junction of Nuthurst Road and Blandford Drive, W along Nuthurst Road, Moston Lane East, to the junction of Moston Lane East and Belgrave Road, and by a bee-line to the crossing of Rochdale Canal and the railway. S then SE by the canal to the point opposite Flash Street and then by Manchester – Oldham District boundary and by a bee-line to the junction of St Mary’s Road and Williams Road, N along St Mary’s Road, W along Joyce Street, Arbory Avenue (both sides in St Dunstan parish) to Lightbowne Road, and by a bee-line to and along Millais Street, Moston Lane, Bluebell Avenue to the end of the road. Then by a bee-line to Oak Bank Avenue, Gill Street, Glen Avenue to its junction with Clough Road. By a straight line NW to Crowden Road, and W along Crowden Road, Moston Lane to the roundabout.",,,,,,,LP,draft,,,a3/C011_20170415_a3.pdf
274,"2017-05-11 01:19:04",20170415,1,C012,3,"From the point on M60 Motorway opposite Manchester Creative & Media Academy, W along the Motorway to junction 22, then S along Oldham Road (A62),  to and N along Rochdale Canal to the railway and then by a bee-line to the junction of Belgrave Road and Moston Lane East and by Moston Lane East, Nuthurst Road to the junction of Nuthurst Road and Blandford Drive, then by a beeline to Linford Avenue. N by Lightbowne Road to the point opposite Colgrove Avenue, across it to the roundabout and NW by Moston Lane, and Victoria Avenue East to the point opposite Manchester Creative & Media Academy and by a bee-line to M60 Motorway.",,,,,,,LP,draft,,,a3/C012_20170415_a3.pdf
275,"2017-05-11 01:19:04",20170415,1,C013,9,"By the River Irk from Cheetham Hill Road to and along the Manchester-Bury Metrolink line to Smedley Lane. By Smedley Lane to the River Irk and along the River Irk to a point opposite the northern boundary of Manchester General cemetery. By the cemetery boundary to Rochdale Road. Along Rochdale Road and Carisbrook Street to the bend nearest Moston Brook. Then by a beeline to and along Moston Brook to Church Lane. Along Church Lane, Thorpe Road, Oldham Road, and by the railway line to and along the Rochdale Canal to a point opposite Poland Street and by a beeline to and along Poland Street, Oldham Road, Swan Street and Miller Street and Cheetham Hill Road to the River Irk.",,,,,,,LP,draft,,,a3/C013_20170415_a3.pdf
276,"2017-05-11 01:19:04",20170415,1,C014,7,"From the point where the M60 Motorway crosses the River Medlock, S by the Motorway, W by Manchester Road, Droylsden Road, Ashton Road, Manchester Road and Sunnybank Road. Across Droylsden High School Playing Fields, to the northern boundary of Sunny Bank Park and by a bee-line running east of the Ashley Road Estate to the point where River Medlock crosses Edge Lane, and E along River Medlock to the M60 Motorway.",,,,,,,LP,draft,,,a3/C014_20170415_a3.pdf
277,"2017-05-11 01:19:04",20170415,1,C015,8,"From the point where Bank Street crosses River Medlock, E along River Medlock to the point where it crosses Edge Lane then by a bee-line along W boundary of Sunnybank Park and across School Play Fields to Sunny Bank Road. Then W along Manchester Road, S along Buxton Lane, to Ashton Canal. E by the canal to and W along Ashton New Road, then N by Bank Street and along footpath to the bridge on River Medlock. W by the River Medlock to the point where it crosses Bank Street.",,,,,,,LP,draft,,,a3/C015_20170415_a3.pdf
278,"2017-05-11 01:19:04",20170415,1,C016,2,"From M60 Motorway junction 20, E along the Motorway, to the point opposite Manchester Creative & Media Academy. Then E by Victoria Ave East, Moston Lane and Crowden Road to the end of the road, and then by a bee-line across Boggart Hole Clough to the junction of Glen Avenue and Clough Road.  Along Clough Road (both sides being in Mount Carmel parish), Moston Lane, Hillier Street North to its end at the Moston Pub, directly across the footpath to the east of The Moston to the corner of Hillier Street and Princedom Street, along Hillier Street to its junction with Church Lane to its junction with Upper Conran Street, along Fernclough Road to Bentwood Walk (Naughton Walk, Saltburn Walk and Burntwood Walk all being in the parish of St Dunstan) to and across Broadwell Drive to Conran Street and its junction with Carisbrook Street opposite the Harpurhey Community Church, along Carisbrook Road and Rochdale Road to a point opposite the northern boundary of Manchester General Cemetery, and by a bee-line along this boundary to the River Irk, by the River Irk to Mill Brow, then by Mill Brow, Chapel Lane and Plant Hill Road to its junction with French Barn Lane, then by a bee-line to the junction of Hill Lane and Hilldale Avenue, and along Hilldale Avenue to its junction with Rochdale Road and N along Rochdale Road to M60 Motorway junction 20.","Former boundary between Mount Carmel and St John Bosco",,,"From the junction of  Hilldale Avenue and Rochdale Road, along Levedale Road, Elmton Road and White Moss Road to a point opposite Churston Ave, then buy a bee-line to a point between Dam Head Drive and Earby Grove, then by a bee-line to the junction of Charlestown Road and Polefield Road.",,,CP,draft,,,a3/C003C010_20170415_a3.pdf
279,"2017-05-11 01:19:04",20170415,1,C017,3,"From the point on M60 Motorway opposite Manchester Creative & Media Academy, W along the Motorway to junction 22, then S along Oldham Road (A62), to its crossing with Rochdale Canal. Then SE by the canal to the point opposite Flash Street and then by Manchester – Oldham District boundary and by a bee-line to the junction of St Mary’s Road  and the railway. W along the railway to and NW along Thorp Road, and along a footpath through Moston Vale to Carisbrook Street and its junction with Conran Street. NE along Conran Street and footpath to and W along Church Lane, Hillier Street to the point opposite Hillier Street North. N along Hillier Street Noth to and E along Moston Lane and N along Clough Lane to its junction with Glen Avenue. By a straight line NW to Crowden Road, and W along Crowden Road, Moston Lane to the roundabout and NW by Moston Lane, and Victoria Avenue East to the point opposite Manchester Creative & Media Academy and by a bee-line to M60 Motorway.","Former boundary between St Margaret Mary and St John Vianney","Former boundary between St Dunstan and St John Vianney",,"From the crossing of Rochdale Canal  and Oldham Road, to the railway and then by a bee-line to the junction of Belgrave Road and Moston Lane East and by Moston Lane East, Nuthurst Road to the junction of Nuthurst Road and Blandford Drive, then by a beeline to Linford Avenue. N by Lightbowne Road to the point opposite Colgrove Avenue, across it to the roundabout.","From the point where the railway crosses St Mary’s Road,  N along St Mary’s Road, W along Joyce Street, Arbory Avenue (both sides in St Dunstan parish) to Lightbowne Road, and by a bee-line to and along Millais Street, Moston Lane, Bluebell Avenue to the end of the road. Then by a bee-line to Oak Bank Avenue, Gill Street, Glen Avenue to its junction with Clough Road.",,PA,draft,,,a3/C009C011C012_20170415_a3.pdf
280,"2017-05-11 01:19:04",20170415,1,C018,7,"From the point where the M60 Motorway crosses the River Medlock, S by the Motorway, W by Manchester Road, Park Road, Slate Lane and by a bee-line to Groby Road North, then S, and SW by Audenshaw Road, King’s Road, Green Fold (going between Gorton Lower and Upper Reservoir). Then along N boundary of Gorton Lower Reservoir to its NW corner and by a bee-line, crossing Abbey Hey Lane to the railway. W by the tracks to Gorton station and N by Lees Street, Ettrick Close, Wheler Street, Edge Lane, to its crossing with Ashton Canal. E along the canal to the point opposite Buxton Lane, then N by Buxton Lane, Manchester Road, to its junction with and N along  Sunnybank Road, Droylsden High School Playing Fields, to the northern boundary of Sunny Bank Park and by a bee-line running east of the Ashley Road Estate to the point where River Medlock crosses Edge Lane, and E along River Medlock to the M60 Motorway.","Former boundary between St Anne and St Stephen",,,"From the junction of Manchester Road and Droylsden Road, Ashton Road and Manchester Road to its junction with Sunnybank Road.",,,PA,draft,,,a3/C006C014_20170415_a3.pdf
281,"2017-05-11 01:19:04",20170415,1,C019,8,"From the point where Rochdale Canal crosses the railway, near Lord North Street, along the railway to its crossing with Ten Acres Lane, then S along Ten Acres Lane, Bank Bridge Road, Bank Street to the point where it crosses River Medlock. E along River Medlock to the point where it crosses Edge Lane then by a bee-line along W boundary of Sunnybank Park and across School Play Fields to Sunny Bank Road. Then W along Manchester Road, S along Buxton Lane, to and NE along Ashton Canal to Edge Lane. Then S along Edge Lane and W along Wheler Street and Ettrick Street to the end of the road and by a bee-line to Ashton Old Road,  Lees Street to the railway. Then W along the railway through Gorton, Ashburys, Ardwick and Piccadily Stations. Then  W along Fairfield Street, London Road, Piccadilly, Newton Street, Hilton Street, Stevenson Square, Hilton Street, Thomas Street, John Street, Turner Street, High Street, Shudehill, Swann Street, Oldham Road, Poland Street, to and E along Rochdale Canal to the point where it crosses the railway.","Former boundary between St Anne with St Brigid and St Willibrord",,,"Along Ashton canal, Ashton New Road, Bank Street and the footpath to the bridge on River Medlock, then W along River Medlock to its crossing with Bank Street.",,,PA,draft,,,a3/C004C015_20170415_a3.pdf
282,"2017-05-15 00:02:43",20170415,1,E001,2,"From the point where Featherstall Road South crosses the railway, S along Featherstall Road South, Manchester Street, Frederick Street, Hollins Road to M60 Motorway, junction 22. Then NW along the Motorway to junction 21 and then N by the Rochdale Canal to the point opposite the junction of Moston Road and Grimshaw lane, and by a beeline E to the point where the railway crosses Featherstall Road South.",,,,,,,LP,draft,,,a3/E001_20170415_a3.pdf
283,"2017-05-15 00:02:43",20170415,1,E002,0,"From the M60 Motorway junction 22, E along Hollins Road (A6104)  Copster Hill Road, Schofield Street, Ashton Street, Villa Road, Belgrave Road,  and by a straight line to King’s Road. SE along King’s Road and by Snipe Clough to and along Oldham – Tameside District boundary (S, then W) to the M60 Motorway and N by the Motorway to junction 22.",,,,,,,LP,draft,,,a3/E002_20170415_a3.pdf
284,"2017-05-15 00:02:43",20170415,1,E003,7,"From the junction of Ripponden Road and Ship Lane, along Saddleworth Civil Parish boundary to the S border of Lower Strinesdale Reservoir. Then W by a bee-line to Furze Lane, excluding all of Armdale Rise estate. SW along Furze Lane, NW border of Waterhead Park and then S by Sharples Hall Street and by a beeline to and along Leamington Street, Vincent Avenue, Little Moor Lane, Shrewsbury Avenue, Vulcan Street, Prince Charlie Street, Derker Street, Arnold Street to the Railway. Then N along the railway to the point opposite Sumner Streer, and E to the Saddleworth Civil Parish boundary and Lower Dingle. E along Lower Dingle to Ripponden Road and its junction with Ship Lane.",,,,,,,LP,draft,,,a3/E003_20170415_a3.pdf
285,"2017-05-15 00:02:43",20170415,1,E004,3,"From the point where Rochdale – Oldham boundary crosses Thornham Lane, N and then E along that boundary  to the junction of Thornham Lane and Castleton Road. Then by a straight line to the footpath and S to and along Narrow Gate Brow, Fir Lane to its junction with Grasmere Road. Then by a bee-line SE to the High Barn Road, SW along Shaw Road, Turfland Avenue, Turfland Avenue to the end of the road. Then by a bee-line to the junction of Salmon Fields and Leonard Way and by a straight line along the footpath to Higgshaw Lane. Then by a bee-line across Oldham Edge to the junction of Godson Street and Crompton Street, W along Crompton Street, Rochdale Road, Featherstall Road North (A6048), Chadderton Way and A627 (M) Motorway. Then by a bee-line to Cinder Hill Lane past Woodside Farm and N along Cinder Hill Lane to and along the Rochdale – Oldham District boundary to the point where it crosses Thornham Lane.",,,,,,,LP,draft,,,a3/E004_20170415_a3.pdf
286,"2017-05-15 00:02:43",20170415,1,E005,7,"From the S border of Lower Strinesdale Reservoir, S along Saddleworth Civil Parish boundary to Greenacres Road. Then W by Greenacres Road, Esther Street, Clarksfield Road, Brewerton Road, Roundthorn Road and by a bee-line to the River Medlock near, and including Coverham Avenue and Ferndale Close. S by River Medlock to Abbey Hills Road, Lees New Road to, but excluding Cockfields Farm. Then W by a beeline to and N along Snipe Clough and King’s Road to the point opposite Belgrave Road. By a bee-line to and NW by Belgrave Road and Scottfield road, and by a bee-line to Park Road, excluing Eldon Street and Brookfield Street estate. E by Park Road, then NE by Woodstock Street, Waterloo Street and NE by a footpath s of Oldham Way to the junction of Oldham Way and Lees Road, and N by the Railway to the junction of Spencer Street and Arnold Street. Then by Arnold Street, Derker Street, Prince Charlie Street, Vulcan Street, Shrewsbury Avenue, Little Moor Lane, Vincent Avenue, Leamington Street and by a beeline to Sharples Hall Street. Then N along Sharples Hall Street,  NW border of Waterhead Park, Furze Lane to the end of the road and by a bee-line to S border of Lower Strinesdale Reservoir, including all of Armdale Rise estate.",,,,,,,LP,draft,,,a3/E005_20170415_a3.pdf
287,"2017-05-15 00:02:43",20170415,1,E006,5,"From the junction of Lees Road and Lily Lanes, E along Lily Lanes to its junction with unnamed road leading to Knott Hill Farm. Then by a bee-line crossing Mossley Road and Luzley Road to Manchester Road (A635). Then S along that road and diocesan boundary (River Tame), to its crossing with Clarence Street. Then N along Clarence Street, the middle of Stamford park, W along Darnton Road to its junction with Arundel Street. Then W by a bee-line to the junction of Montague Road and Curzon Road and W along Curzon Road, Ladbrooke Road, Broadoak Road, Wood Lane, Gambrel Bank Road, Holland Grove, to and along Aston to Oldham Greenway to the point opposite  Lees Road and Lily Lanes junction, and by a bee-line to that junction.",,,,,,,LP,draft,,,a3/E006_20170415_a3.pdf
288,"2017-05-15 00:02:43",20170415,1,E007,4,"From the junction of Esther Street and Greenacres Road, E along Greenacres Road and then by Saddleworth civil parish boundary to the SE border of Waterhead Academy and by a bee-line E to the Saddleworth civil parish boundary by Hollins Avenue, and by that boundary (which is also diocesan boundary) to the junction of Hartshead Street and South Hill. W by Thornley Brook to Holt Lane and by a bee-line N, then W to Roundthorn Road (excluding all of Ferndale Close and Coverham Avenue estate). Then N by Roundthorn Road, Brewerton Road, Clarksfield Road and Esther Street to its junction with Greenacres Road.",,,,,,,LP,draft,,,a3/E007_20170415_a3.pdf
289,"2017-05-15 00:02:43",20170415,1,E008,2,"From the point where Rochdale – Oldham District boundary crosses Cinder Hill Lane near Cinder Hill Lane, S along Cinder Hill Lane to the bend in the road, and by a straight line to and SE along A627(M) Motorway, Chadderton Way (A627) to the rondabout. Then S along Featherstall Road South to the point it crosses the railway, and by a bee-line W crossing Lansdowne Road, Walsh Street, Broadway, Ferney Field Road to and N along Rochdale Canal, W along Middleton Road to and N along the railway and then by Rochdale – Oldham District boundary to the point where it crosses Cinder Hill Lane.",,,,,,,LP,draft,,,a3/E008_20170415_a3.pdf
290,"2017-05-15 00:02:43",20170415,1,E009,6,"From the junction of Rhodes Hill and South Hill, E along Saddleworth Civil Parish boundary and the diocesan boundary (including Mossley Road, Stamford Street, Arundel Street, AFC Mossley and King George Fields in St Joseph’s parish) to the footbridge on River Tame, near The Hoho restaurant. W by a bee-line and N border of Ashton-under-Lyne Golf Club to the junction Lily Lanes and unnamed road leading to the Golf Club fields, SW by Lily lanes to its junction with Lees Road and by a straight line W to Ashton to Oldham Greenway. N along the Greenway and then by a bee-line to the junction of Park Brigde Road and Alt Hill Lane and to the River Medlock and Oldham – Tameside District boundary. N by that boundary and by a beeline to the point opposite St Martin’s CoE Junior School, and E by a straight line, crossing Alt Lane and River Medlock to Lees Road. N by Lees Road to River Medlock, Holts Lane and Thornley Brook to the junction of Rhodes Hill and South Hill.",,,,,,,LP,draft,,,a3/E009_20170415_a3.pdf
291,"2017-05-15 00:02:43",20170415,1,E010,3,"From the point where the railway crosses Milnrow Road, S by Milnrow Road to its junction with Higher Park, then E by a bee-line along Shore Avenue, Cliff Hill Road and Buckstones Road (including both sides of these roads in St Joseph’s), to the Old Brook (near Golden Street). E by the brook to and along W border of Blushes Clough Reservoir and S by a straight line to and along Buckstones Road and Ripponden Road to the point where it meets Lower Dingle. W along Lower Dingle to and S along the railway to the point opposite Chepstow Drive (near Stoneleigh Academy), and W by a bee-line to Higginshaw Lane. Then by a bee-line to the junction of Salmon Fields and Leonard Way, along E border of the Hospice (in Ss Aidan and Oswald parish), to Tufland Avenue (both sides in Ss Aidan and Oswald parish) to and NE along Shaw Road, High Barn Road, to the point it bends, then by a bee-line NW to the junction of Fir Lane and Grasmere Road, and N along Fir Lane, Narrow Gate Brow and the footpath to the point opposite junction of Castleton Road and  Thornham Lane. Then E by the bee-line crossing Rochdale Road and including all of Greenhill Avenue, Moss Grove estates to and along Mossgate Road and by a bee-line to the point where the railway crosses Milnrow Road.",,,,,,,LP,draft,,,a3/E010_20170415_a3.pdf
292,"2017-05-15 00:02:43",20170415,1,E011,5,"From the point where Oldham – Tameside District boundary crosses M60 Motorway, E along that boundary to the point opposite junction of Park Bridge Road and Waggon Road. Then by a bee-line to Aston to Oldham Greenway. S by the Greenway to Holland Grove, Gambrel Bank Road, Wood Lane, Broadoak Road, Ladbrooke Road and Curzon Road to its junction with Montague Road. By a beeline across Ashton Sixth Form College to the junction of Darnton Road and Arundel Street, SE along Darnton Road to the point opposite SE corner of the lake in Stamford Park. Then SW by a footpath across the park to and S along Clarence Street to and W along River Tame to the point where it meets Ashton Street, near Ashton Street junction with Gate Street. Then W by a bee-line to the S end of Mount Pleasant Street and by a bee-line between Nelson Street and Poplar Steet, across the railway to and NW along Groby Road. Then by a bee-line to the railway and by a straight line to the point opposite Park Road. Then N to and along Park Road, Manchester Road and the M60 Motorway junction 23. Then N along the Motorway to the point where it meets  Oldham – Tameside District boundary.",,,,,,,LP,draft,,,a3/E011_20170415_a3.pdf
293,"2017-05-15 00:02:43",20170415,1,E012,1,"From the roundabout junction of Chadderton Way, Oldham Way and Featherstall Road South (A6048), N along A6048, Rochdale Road, Crompton Street, to its junction with Godson Street. NE by a bee-line through Oldham Edge to Higginshaw Lane (including Milne Street, but excluding Meek street) and to and S along the railway to Lees Road and by a bee-line to the footpath S of Oldham Road to Waterloo Road, Woodstock Street, Park Road and by a bee-line to Scottfield Road (including all of Eldon Street and Webster Street). Then S along Scottfield Road, Belgrave Road, Villa Road, Ashton Road, Schofield Street, Copster Hill Road, Hollins Road, Frederick Street, Manchester Street,  Featherstall Road South to the roundabout.",,,,,,,LP,draft,,,a3/E012_20170415_a3.pdf
294,"2017-05-15 00:02:43",20170415,1,E013,1,"From the roundabout junction of Chadderton Way, Oldham Way and Featherstall Road South (A6048), N along A6048, Rochdale Road, Crompton Street, to its junction with Godson Street. NE by a bee-line through Oldham Edge to Higginshaw Lane (including Milne Street, but excluding Meek street) and to and S along the railway to Lees Road and by a bee-line to the footpath S of Oldham Road to Waterloo Road, Woodstock Street, Park Road and by a bee-line to Scottfield Road (including all of Eldon Street and Webster Street). Then S along Scottfield Road, Belgrave Road, to the junction with a road leading to Meldrum Street, and by a bee-line NE to the Kind’s Road. SE along King’s Road and by Snipe Clough to and along Oldham – Tameside District boundary, to Valley Farm. Then N along the Road leading to Valley Farm and crossing Knott Lane by a bee-line to the junctionof Green Lane and Fairfields. Then along Fairfields, North Gate, Hollins Road to its junction with Frederick Street. Then by Frederick Street, Manchester Street,  Featherstall Road South to the roundabout.","Former boundary between St Mary with St Patrick and Holy Rosary",,,"From the junction of Frederick Street and Hollins Road, E along Hollins Road, Copster Hill Road, Schofield Street, Ashton Street, Villa Road, Belgrave Road,  and by a straight line to King’s Road.",,,PA,draft,,,a3/E012E020_20170415_a3.pdf
295,"2017-05-15 00:02:43",20170415,1,E014,2,"From the point where Rochdale – Oldham District boundary crosses Cinder Hill Lane near Cinder Hill Lane, S along Cinder Hill Lane to the bend in the road, and by a straight line to and SE along A627(M) Motorway, Chadderton Way (A627) to the rondabout. Then S along Featherstall Road South, Featherstall Road South, Manchester Street, Frederick Street, Hollins Road to M60 Motorway, junction 22. Then NW along the Motorway to junction 21 and then N by the Rochdale Canal and W along Middleton Road to and N along the railway and then by Rochdale – Oldham District boundary to the point where it crosses Cinder Hill Lane.","Former boundary between St Herbert and Corpus Chisti",,,"From the point  on the Rochdale Canal opposite the junction of Moston Road and Grimshaw lane, and by a beeline E to the point where the railway crosses Featherstall Road South.",,,PA,draft,,,a3/E001E008_20170415_a3.pdf
296,"2017-05-15 00:02:43",20170415,1,E015,3,"From the point where Rochdale – Oldham boundary crosses Thornham Lane, N and then E along that boundary  to the junction of Thornham Lane and Castleton Road. Then by a straight line to the footpath and E  by the bee-line crossing Rochdale Road and including all of Greenhill Avenue, Moss Grove estates to and along Mossgate Road and by a bee-line to the point where the railway crosses Milnrow Road. S by Milnrow Road to its junction with Higher Park, then E by a bee-line along Shore Avenue, Cliff Hill Road and Buckstones Road (including both sides of these roads in St Joseph’s), to the Old Brook (near Golden Street). E by the brook to and along W border of Blushes Clough Reservoir and S by a straight line to and along Buckstones Road and Ripponden Road to the point where it meets Lower Dingle. W along Lower Dingle to and S along the railway to the point opposite Chepstow Drive (near Stoneleigh Academy), and W by a bee-line to Higginshaw Lane.  Then by a bee-line across Oldham Edge to the junction of Godson Street and Crompton Street, W along Crompton Street, Rochdale Road, Featherstall Road North (A6048), Chadderton Way and A627 (M) Motorway. Then by a bee-line to Cinder Hill Lane past Woodside Farm and N along Cinder Hill Lane to and along the Rochdale – Oldham District boundary to the point where it crosses Thornham Lane.","Former boundary between Ss Aidan and Oswald and St Joseph",,,"From the point on the railway opposite Chepstow Drive (near Stoneleigh Academy), and W by a bee-line to Higginshaw Lane. Then by a bee-line to the junction of Salmon Fields and Leonard Way, along E border of the Hospice (in Ss Aidan and Oswald parish), to Tufland Avenue (both sides in Ss Aidan and Oswald parish) to and NE along Shaw Road, High Barn Road, to the point it bends, then by a bee-line NW to the junction of Fir Lane and Grasmere Road, and N along Fir Lane, Narrow Gate Brow and the footpath to the point opposite junction of Castleton Road and  Thornham Lane.",,,PA,draft,,,a3/E004E010_20170415_a3.pdf
297,"2017-05-15 00:02:43",20170415,1,E016,5,"From the point where Oldham – Tameside District boundary crosses M60 Motorway, E along that boundary to the point opposite junction of Park Bridge Road and Waggon Road. Then by a bee-line to Aston to Oldham Greenway. S by the Greenway  to the point opposite  Lees Road and Lily Lanes junction and by a E by a bee-line to that junction. E along Lily Lanes to its junction with unnamed road leading to Knott Hill Farm. Then by a bee-line crossing Mossley Road and Luzley Road to Manchester Road (A635).  S, and then W along River Tame (diocesan boundary) to the point where it meets Ashton Street, near Ashton Street junction with Gate Street. Then W by a bee-line to the S end of Mount Pleasant Street and by a bee-line between Nelson Street and Poplar Steet, across the railway to and NW along Groby Road. Then by a bee-line to the railway and by a straight line to the point opposite Park Road. Then N to and along Park Road, Manchester Road and the M60 Motorway junction 23. Then N along the Motorway to the point where it meets  Oldham – Tameside District boundary.","Former boundary between St Mary of the Angels and St Christopher",,,"From the point where River Tame crosses Clarence Street, then N along Clarence Street, the middle of Stamford park, W along Darnton Road to its junction with Arundel Street. Then W by a bee-line to the junction of Montague Road and Curzon Road and W along Curzon Road, Ladbrooke Road, Broadoak Road, Wood Lane, Gambrel Bank Road, Holland Grove, to and along Aston to Oldham Greenway to the point opposite  Lees Road and Lily Lanes junction.",,,PA,draft,,,a3/E006E011_20170415_a3.pdf
298,"2017-05-15 00:02:43",20170415,1,E017,7,"From the junction of Ripponden Road and Ship Lane, along Saddleworth Civil Parish boundary to  Greenacres Road. Then W by Greenacres Road, Esther Street, Clarksfield Road, Brewerton Road, Roundthorn Road and by a bee-line to the River Medlock near, and including Coverham Avenue and Ferndale Close. S by River Medlock to Abbey Hills Road, Lees New Road to, but excluding Cockfields Farm. Then W by a beeline to and N along Snipe Clough and King’s Road to the point opposite Belgrave Road. By a bee-line to and NW by Belgrave Road and Scottfield road, and by a bee-line to Park Road, excluing Eldon Street and Brookfield Street estate. E by Park Road, then NE by Woodstock Street, Waterloo Street and NE by a footpath s of Oldham Way to the junction of Oldham Way and Lees Road, and N by the Railway to the point opposite Sumner Streer, and E to the Saddleworth Civil Parish boundary and Lower Dingle. E along Lower Dingle to Ripponden Road and its junction with Ship Lane.","Former boundary between Sacred Heart with Our Lady and St Anne with St Michael",,,"From the S border of Lower Strinesdale Reservoir. Then W by a bee-line to Furze Lane (all of Armdale Rise estate  in St Anne and St Michael parish). SW along Furze Lane, NW border of Waterhead Park and then S by Sharples Hall Street and by a beeline to and along Leamington Street, Vincent Avenue, Little Moor Lane, Shrewsbury Avenue, Vulcan Street, Prince Charlie Street, Derker Street, Arnold Street to the Railway.",,,PA,draft,,,a3/E003E005_20170415_a3.pdf
299,"2017-05-15 00:02:43",20170415,1,E018,8,"From the M60 Motorway junction 22, E along Hollins Road (A6104), to its junction with North Gate. S along North Gate, Fairfields, then by a beeline across Wood Park Clough to the junction of Crime Lane, Knott Lanes and unnamed road by Riversvale Farm. Along the unnamed road to the Tameside – Oldham District boundary and River Medlock. E along River Medlock to the railway bridge and by the railway to Millstream Lane. Then N by Manchester – Oldham District boundary (going through Donleigh street) to Gaskell Street, by a beeline NW to the Rochdale Canal and by that canal to Oldham Road and by Oldham Road to the M60 Motorway junction 22.","Former boundary between Immaculate Conception and Holy Family",,,"M60 Motorway",,,PA,draft,,,a3/E019E021_20170415_a3.pdf
300,"2017-05-18 00:06:38",20170415,1,B001,9,"From the point where M61 Motorway crosses Worsley Road North, E along the M61 Motorway and then N along M60 Motorway to junction 13 and Bridgewater way. Then W along Bridgewater Way and by a straight line N crossing East Lancashire Road, through Ellerbeck Crescent to the footpath (Tyldesley Loopline) to the point where it meets Leigh Guided Busway and by a beeline to Ellenbrook Loopline along the path and then by a beeline crossing Hilton Lane, and highstreet and going between Athens Drive and Kinsley Drive. N to and along Campbell Way and E by N border of Tesco Store to and N along Bolton Road and Worsley Road North to the point where it corsses M61 Motorway.",,,,,,,LP,draft,,,a3/B001_20170415_A3.pdf
301,"2017-05-18 00:06:38",20170415,1,B002,5,"From the point where Bridgewater Way (water line) crosses Barton Road (near M60 junction 13) E along Bridgewater Way, Green Lane, Liverpool Road, Mellor Street (including both sides), Renshaw Avenue, Trafford Road, Fairless Road,  E along Barton Lane to its junction with Ashbourne Road, and S by a beeline to Manchester Ship Canal. Then W by the canal to the point and by a beeline to and along SW border of Boysnope Park Golf Club and by a footpath crossing Raspberry Lane and Twelve Yards Road to the railway. W along the railway and N by a Wigan – Salford District boundary to Bridgewater Canal. Then E by the Canal and Bridgewater Way to the point it crosses Barton Road.",,,,,,,LP,draft,,,a3/B002_20170415_A3.pdf
302,"2017-05-18 00:06:38",20170415,1,B003,6,"From the junction of Lancaster Road and Cholmondeley Road, E along Cholmondeley Road, Claremont Road, Eccles Old Road, Half Edge Lane, Victoria Crescent, Ellesmere Road to the end of the road. Then NW by a beeline to Folly Brook (including all  Welbeck Road and Godolphin Close estate in the Ss Peter and Paul parish) and by a beeline across Eccles College to the S border of Swinton Park Golf Club. E along Sunningdale Drive (both sides in St Luke’s parish) and Lancaster Road to its junction with Cholmondeley Road.",,,,,,,LP,draft,,,a3/B003_20170415_A3.pdf
303,"2017-05-18 00:06:38",20170415,1,B004,8,"From the junction of Chorley Road and Elm Street, E along Chorley Road, Partington Lane (B5231), Worsley Road, Campbell Road, and by a beeline S to the W border of Eccles College and Folly Brook. Then W along the brook going across Rocky Lane, Worsley Golf Course and by a beeline near Clubhouse to the Bridgewater way (water line). W by the Bridgewater Way to M60 (junction 13) and N by M60 then E just past junction 15 and by a beeline N to the middle of Sindsley Road, then by a beeline SE to the junction of Moss Bank Road and Charles Street, including all of Ardens Close estate. Then by a beeline S to Mulgrave Street, Westminster Street, Cemetery Road to and E along the railway and by a beeline S to and along Elm Street to its junction with Chorley Road.",,,,,,,LP,draft,,,a3/B004_20170415_A3.pdf
304,"2017-05-18 00:06:38",20170415,1,B005,9,"From the point where M61 Motorway crosses Worsley Road North, S along Worsley Road North, Bolton Road, along N border of Tesco store to Campbell Way, then S by a beeline crossing High Street and Hilton Lane and going between Athens Drive (in Christ the King parish) and Kinsley Drive (in St Edmund parish) to Ellenbrok Loopline (E border of Dukes Manor) and by a beeline  to the Tyldesly Loopline and then to and N along Wigan – Salford District boundary and Bolton – Salford District boundary to the point where M61 Motorway crosses Worsley Road North.",,,,,,,LP,draft,,,a3/B005_20170415_A3.pdf
305,"2017-05-18 00:06:38",20170415,1,B006,3,"From the point where the railway crosses Laundry Street, SE along the railway to the Crescent (A6). Then S by Albion Way (A5063) and W along the railway to the point opposite Cyprus Close, then N by a beeline to Eccles New Road and N along West Ashton Street, Montford Street, Olympic Court and by a bee-line N to and W along Broadway past its junction with Blue and by a beeline to Manchester Ship Canal (to meet Manchester Ship Canal near footpath by SIS Live Teleport). Then W by the Manchester Ship Canal to Centenary Way (A576)and N to the roundabout. By a beeline NE to the junction of Eccles New Road and Stott Lane. N by Stott Lane,  E by Eccless Old Road, Chasely Road, to its junction with Bolton Road and by a beeline to Broad Street. SE by Broad Steet, Charles Street, Nave Court, Laundry Street to the point it meets the railway.",,,,,,,LP,draft,,,a3/B006_20170415_A3.pdf
306,"2017-05-18 00:06:38",20170415,1,B007,1,"From the junction of University Road and Wallness Lane, by a straight line E to River Irwell. Then along the River Irwell to the railway bridge near MOSI and W by the Deansgate – Eccles railway to the roundabout joining M602 and Albion Way (A5063). N by Albion Way and Salford Crescent – Swinton railway and by a beeline NE to the University Road and its junction with Wallness Lane.",,,,,,,CP,draft,,,a3/B007_20170415_A3.pdf
307,"2017-05-18 00:06:38",20170415,1,B008,2,"From the railway bridge on River Irwell near MOSI, S then W by River Irwell and Manchester Ship Canal to the point opposite the footpath near SIS Live Teleport (Media City UK), then by a bee-line NE to and E along Broadway, to the point opposite Olympic Court. By a bee-line N to and along Olympic Court, Montford Street, West Ashton Street, Eccles New Road,  to the point opposite Cyprus Close. By a bee-line N to and E along the railway to the railway bridge on River Irwell.",,,,,,,CP,draft,,,a3/B008_20170415_A3.pdf
308,"2017-05-18 00:06:38",20170415,1,B009,7,"From the point where Astley Road crosses Wigan – Salford District boundary, S along Astley Road, Roscoe Road, Fairhills Road and by a bee-line to the Manchester Ship Canal. Then W along Salford – Trafford District boundary and N along Warrington – Salford District boundary and E along Wigan – Salford District boundary to the point where it crosses Astley Road.",,,,,,,LP,draft,,,a3/B009_20170415_A3.pdf
309,"2017-05-18 00:06:38",20170415,1,B011,6,"From the point where Agecroft Road crosses the railway, S along Salford Crescent – Clifton railway then by a bee-line to Salford Crescent – Swinton railway to Laundry Street. W along Laundry Street, Nave Court, Charles Street, Broad Street and by a bee-line to Chasely Road, Eccles Old Road, Claremont Road, Cholmondeley Road, N along Lancaster Road and along Sunningdale Drive and Welwyn Drive (including both sides of these roads), E along East Lancashire Road and Manchester road. Then by a bee-line NE to and along Highfiled Drive, Fairway, NW along Bolton Road and Agevroft Road to the point it crosses the railway.",,,,,,,LP,draft,,,a3/B011_20170415_A3.pdf
310,"2017-05-18 00:06:38",20170415,1,B012,8,"From the point where Bolton – Salford District boundary crosses the railway, N and then E along that boundary and then along Salford – Bury District boundary (River Irwell) to the point opposite Clifton station. Then by a beeline S through Clifton station to and W along Lumns Lane and Rake Lane. Then S by a beeline to Silverdale excluding Whitehead Road estate, and by a bee-line to and S along Carrington Street. Then W by Bolton Road, Pendlebury Road to the railway. Then W by the railway to Swinton station and S by Station Road, Chorley Road, Elm Street and by a bee-line to the railway. W along the railway then Cementery Road, Westminster Street, Mulgrave Street to the end of the road and then by a beeline N to the juntion of Charles Street and Moss Bank Road, excluding all of Ardens Close estate. Then by a beeline to and W along Sindsley Road to the point opposite Barnfield Road. Then N by a beeline crossing M60 near junction 15 to and along Bolton – Salford District boundary to the point where it crosses the railway.",,,,,,,LP,draft,,,a3/B012_20170415_A3.pdf
311,"2017-05-18 00:06:38",20170415,1,B013,8,"From Clifton station in a straight line N to River Irwell. Then E along the river to Agecrofft Road. SE along Agecroft Road, S along Bolton Road, Fairway, S along Highfield Driver, Manchester Road, East Lancashire Road to its junction with Barton Road. Then S by a bee-line to the Folly Brook and along the brook, to the W border of Eccles College, N along that border and by a beeline to and N along Campbell Road, Worsley Road, Partington Lane (B5231), Station Road to Swinton Station and E along the railway. Then N along Pendlebury Road, Bolton Road, Carrington Street and by a beeline through Silverdale to Rake Lane, including Dewes Avenue estate. Then E along Rake Lane, Lumns Lane to the point opposite Clifton Station and by a beeline to the Clifton Station.",,,,,,,LP,draft,,,a3/B013_20170415_A3.pdf
312,"2017-05-18 00:06:38",20170415,1,B014,5,"From the junction of Rocky Lane and Chorlton Fold, E along Folly Brook to the border of Eccles College then by a beeline SW to Ellesmere Road (excluding Godolphin Close and Welbeck Road – both in Ss Peter and Paul parish).  SW along Ellesmere Road, E along Victoria Crescent, Half Edge Lane, Eccles Old Road, Stott Lane to its junction with Eccles New Road. Then by a beeline SW to the roundabout joining Coronet Way and Centenary Way, S along Centenary Way and W by Manchester Ship Canal to the point opposite Ashbourne Road. Then NW by a beeline to the junction of Ashbourne Road and Barton Lane, and W along Barton Lane. N along Fairless Road, Trafford Road, Renshae Avenue, Mellor Street (excluding both sides), Liverpool Road, Green Lane,  Canal Bank, Bridgewater Way and by a beeline to Folly Brook and E along Folly Brook to the junction of Rocky Lane and Chorlton Fold.",,,,,,,LP,draft,,,a3/B014_20170415_A3.pdf
313,"2017-05-18 00:06:38",20170415,1,B015,4,"From the junction of Bury New Road and  Broughton Lane, S along Bury New Road and Sherborne Steet West to the end of the road and by a beeline to and W along River Irwell to the point opposite the junction of University Road and Wallness Lane. Then W by the University Road to the railway, and by Salford Crescent – Swinton railway to the point opposite the junction of Barfield Road and Bolton Road and by a beeline N to the Salford Crescent – Clifton railway. By that railway to and E along  Agecroft Road to and S along River Irwell to the point opposite Regatta Street. By a beeline NE to and along South Radford Street, Kingsley Avenue and by a beeline to the River Irwell. E along the River Irwell to the point opposite The Priory, then E by the Priory, Great Clowes Street and Broughton Lane to its junction with Bury New Road.",,,,,,,LP,draft,,,a3/B015_20170415_A3.pdf
314,"2017-05-18 00:06:38",20170415,1,B016,4,"From the junction of Bury Old Road and Singleton Road, E along Bury Old Road, Waterloo Road, Broughton Lane, Great Clowes Street and the Priory to its junction with Lower Broughton Road. Then by a beeline W to the River Irwell, and N along the river to the point opposite the junction of Bury New Road and Broom Lane. N along Bury New Road, Park Lane and Singleton Road to its junction with Bury Old Road.",,,,,,,LP,draft,,,a3/B016_20170415_A3.pdf
315,"2017-05-18 00:06:38",20170415,1,B022,7,"From the point where Wigan – Salford District boundary crosses the railway, E along the railway, then S along the footpath going past Manor Farm and Bartonmoss Farm, crossing M62 Motorway, continuing in a straight line to the SW border of Boysnope Park Golf Club. Along that border and by a bee-line to Manchester Ship Canal. SE along the canal to the point opposite Fairhills Road, W along Fairhills Road, Roscoe Road, Astley Road to the Wigan – Salford District boundary. Then E and N along that boundary to the point it meets the railway.",,,,,,,LP,draft,,,a3/B022_20170415_A3.pdf
316,"2017-05-18 00:06:38",20170415,1,B017,4,"From the junction of Bury Old Road and Singleton Road, E along Bury Old Road, Waterloo Road,  S along Bury New Road and Sherborne Steet West to the end of the road and by a beeline to and W along River Irwell to the point opposite the junction of University Road and Wallness Lane. Then W by the University Road to the railway, and by Salford Crescent – Swinton railway to the point opposite the junction of Barfield Road and Bolton Road and by a beeline N to the Salford Crescent – Clifton railway. By that railway to and E along  Agecroft Road to and S along River Irwell to the point opposite Regatta Street. By a beeline NE to and along South Radford Street, Kingsley Avenue and by a beeline to the River Irwell. E along the River Irwell to the point opposite the junction of Bury New Road and Broom Lane. N along Bury New Road, Park Lane and Singleton Road to its junction with Bury Old Road.","Former boundary between St Thomas of Canterbury and St Sebastian and St Boniface",,,"From the junction of Bury New Road and Broughton Lane along Broughton Lane, Great Clowes Street and the Priory to its junction with Lower Broughton Road. Then by a beeline W to the River Irwell, and N along the river to the point opposite the junction of Bury New Road and Broom Lane.",,,AA,draft,,,a3/B015B016_20170415_A3.pdf
317,"2017-05-18 00:06:38",20170415,1,B018,5,"From the junction of Rocky Lane and Chorlton Fold, E along Folly Brook to the border of Eccles College then by a beeline SW to Ellesmere Road (Godolphin Close and Welbeck Road both in Ss Peter and Paul parish).  SW along Ellesmere Road, E along Victoria Crescent, Half Edge Lane, Eccles Old Road, Stott Lane to its junction with Eccles New Road. Then by a beeline SW to the roundabout joining Coronet Way and Centenary Way, S along Centenary Way and W by Manchester Ship Canal. Then W by the canal to the point and by a beeline to and along SW border of Boysnope Park Golf Club and by a footpath crossing Raspberry Lane and Twelve Yards Road to the railway. W along the railway and N by a Wigan – Salford District boundary to Bridgewater Canal. Then E by the Canal and Bridgewater Way to its confluence with Folly Brook to the junction of Rocky Lane and Chorlton Fold.","Former boundary between Holy Cross, St Matthew and St Gilbert with St Mary",,,"From the Manchester Ship Canal opposite Ashbourne Road and  NW by a beeline to the junction of Ashbourne Road and Barton Lane, and W along Barton Lane. N along Fairless Road, Trafford Road, Renshae Avenue, Mellor Street, Liverpool Road, Green Lane,  Canal Bank, Bridgewater Way and by a beeline to Folly Brook.",,,PA,draft,,,a3/B002B014_20170415_A3.pdf
318,"2017-05-18 00:06:38",20170415,1,B019,7,"From the point where Wigan – Salford District boundary crosses the railway, E along the railway, then S along the footpath going past Manor Farm and Bartonmoss Farm, crossing M62 Motorway, continuing in a straight line to the SW border of Boysnope Park Golf Club. Along that border and by a bee-line to Manchester Ship Canal (Salford – Trafford District boundary).  Then N along Warrington – Salford District boundary and E along Wigan – Salford District boundary to the point where it crosses the railway.","Former boundary between St Teresa and St Joseph",,,"From the point opposite Fairhills Road, W along Fairhills Road, Roscoe Road, Astley Road to the Wigan – Salford District boundary.",,,PA,draft,,,a3/B009B022_20170415_A3.pdf
319,"2017-05-18 00:06:38",20170415,1,B020,8,"From the point where Bolton – Salford District boundary crosses the railway, N and then E along that boundary and then along Salford – Bury District boundary (River Irwell) to Agecrofft Road. SE along Agecroft Road, S along Bolton Road, Fairway, S along Highfield Driver, Manchester Road, East Lancashire Road to its junction with Barton Road. Then S by a bee-line to the Folly Brook and W along the brook going across Rocky Lane, Worsley Golf Course and by a beeline near Clubhouse to the Bridgewater way (water line). W by the Bridgewater Way to M60 (junction 13) and N by M60 then E just past junction 15. Then N by a beeline crossing M60 near junction 15 to and along Bolton – Salford District boundary to the point where it crosses the railway.","Former boundary between St Charles and St Mark","Former boundary between St Charles and St Mary","Former boundary between St Mark and St Mary","From M60, E just past junction 15 and by a beeline N to the middle of Sindsley Road, then by a beeline SE to the junction of Moss Bank Road and Charles Street, including all of Ardens Close estate. Then by a beeline S to Mulgrave Street, Westminster Street, Cemetery Road to and E along the railway and by a beeline S to and along Elm Street, Chorley Road to its junction with Station Road.","From the junction of Chorley Road and Partington Lane (B5231) S along Partington Lane, Worsley Road, Campbell Road, and by a beeline S to the W border of Eccles College and Folly Brook.","From the point on the Bury – Salford District boundary opposite Clifton station, by a beeline S through Clifton station to and W along Lumns Lane and Rake Lane. Then S by a beeline to Silverdale, and by a bee-line to and S along Carrington Street. Then W by Bolton Road, Pendlebury Road to the railway. Then W by the railway to Swinton station and S by Station Road to its junction with Chorley Road.",PA,draft,,,a3/B004B012B013_20170415_A3.pdf
320,"2017-05-18 00:06:38",20170415,1,B021,9,"From the point where M61 Motorway crosses Worsley Road North, E along the M61 Motorway and then N along M60 Motorway to junction 13 and Bridgewater way. Then W along Bridgewater Way and by a straight line N crossing East Lancashire Road, through Ellerbeck Crescent to the footpath (Tyldesley Loopline) to the point where it meets Leigh Guided Busway and then to and N along Wigan – Salford District boundary and Bolton – Salford District boundary to the point where M61 Motorway crosses Worsley Road North.","Former boundary between Christ the King and St Edmund",,,"From the point where M61 Motorway crosses Worsley Road North, S along Worsley Road North, Bolton Road, along N border of Tesco store to Campbell Way, then S by a beeline crossing High Street and Hilton Lane and going between Athens Drive (in Christ the King parish) and Kinsley Drive (in St Edmund parish) to Ellenbrok Loopline (E border of Dukes Manor) and by a beeline to the Tyldesly Loopline.",,,PA,draft,,,a3/B001B005_20170415_A3.pdf
321,"2017-05-18 00:06:38",20170415,1,B023,6,"From the point where Agecroft Road crosses the railway, S along Salford Crescent – Clifton railway then by a bee-line to Salford Crescent – Swinton railway to Laundry Street. W along Laundry Street, Nave Court, Charles Street, Broad Street and by a bee-line to Chasely Road, Eccles Old Road, Half Edge Lane, Victoria Crescent, Ellesmere Road to the end of the road. Then NW by a beeline to Folly Brook (including all  Welbeck Road and Godolphin Close estate in the Ss Peter and Paul parish) and by a beeline across Eccles College to the border of Swinton Park Golf Club, and NE along Welwyn Drive (both sides in St Lukes’s), E along East Lancashire Road and Manchester road. Then by a bee-line NE to and along Highfiled Drive, Fairway, NW along Bolton Road and Agevroft Road to the point it crosses the railway.","Former boundary between St Luke and Ss Peter and Paul",,,"From the unction of Eccles Old Road and Claremont Road, N along Claremont Road, Cholmondeley Road, N along Lancaster Road and along Sunningdale Drive to the end of the road (both sides in St Luke parish).",,,PA,draft,,,a3/B003B011_20170415_A3.pdf
392,"2017-05-22 23:42:11",20170415,1,A001,4,"From the confluence of River Mersey and Manchester Ship Canal, NE along Manchester Ship Canal to and along W border of United Utilities Wastewater Treatment Plant. Then S by Woodhouse, E by Davy Hulme Road, Bowers Avenue, Moorside Road, Brook Road, Flixton Road, Penny Bridge Lane and by a beeline S to and W along Church Road to 253 Church Road (near bus stop ID MANJPADG) and by a beeline S to River Mersey. Then by River Mersey to its confluence with Manchester Ship Canal.",,,,,,,LP,draft,,,a3/A001_20170415_a3.pdf
393,"2017-05-22 23:42:11",20170415,1,A002,4,"From the point on Manchester Ship Canal opposite  W border of United Utilities Wastewater Treatment Plant, E along Manchester Ship Canal, then SE by M60 Motorway to the point opposite Shetland Way. W by Shetland Way, Skye Road (both sides in Our Lady and English Martyrs up to its junction with Iona Way), then by a beeline S to Kingsway Park, along Kingsway Park by a beeline to Romley Road, Lostock Road, Rochester Road, Canterbury Road, Furness Road, Winchester Roadm West Bourne Park, St Clements Fold (both sides in Our Lady and English Martyrs parish), Ciss Lane, Stretford Road, Lime Tree Close and by a beeline to River Mersey, touching the end of Meadon Road. Then W along the River Mersey to the point opposite 253 Church Road, E along Church Road and in a straight line to and N along Penny Bridge Lane, Flixton Road, Brook Road, Moorside Road, Bowers Avenue, Davy Hulme Road, Woodhouse Road to its junction with Broadway. Then along W border  of United Utilities Wastewater Treatment Plant to Manchester Ship Canal.",,,,,,,LP,draft,,,a3/A002_20170415_a3.pdf
394,"2017-05-22 23:42:11",20170415,1,A003,3,"From the confluence of Manchester Ship Canal and Bridgewater Canal (Stretford and Leigh Branch),  SE along the Bridgewater Canal to Park Road. Then S along the Park Road to, and W along the railway, then S along Barton Road, Manor Road, Urmston Lane, Anchorage Road and by a straight line S to River Mersey. W along River Mersey to the point opposite Meadow Road and by a beeline to and N along Lime Tree Close, Stretford Road, Ciss Lane, St Clements Fold  (both sides in Our lady and English Martyrs parish). Continuing N along Westbourne Park, Winchester Road, Furness Road, Canterbury Road, Rochester Road, Lostock Road, Romley Road and by a beeline to Kingsway Park, Skye Road (after its junction with Iona Way both sides in Our Lady and English Martyrs parish), then E along Shetland Way and by a beeline to M60 Motorway. W along the Motorway to Manchester Ship Canal and E along the Canal to its confluence with  Bridgewater Canal.",,,,,,,CP,draft,,,a3/A003_20170415_a3.pdf
395,"2017-05-22 23:42:11",20170415,1,A004,3,"From the confluence of Manchester Ship Canal and Bridgewater Canal (Stretford and Leigh Branch), E along Manchester Ship Canal to and S along Old Trafford Road to Bridgewater Canal Towpath.  Then W by the Bridgewater Canal Towpath to its confluence with Bridgewater Canal Stretford and Leigh Branch and by that canal to Manchester Ship Canal.",,,,,,,CP,draft,,,a3/A004_20170415_a3.pdf
396,"2017-05-22 23:42:11",20170415,1,A005,3,"From the point where Wharfside Way crosses Bridgewater Canal, S along Wharfside Way, White City Way and by a beeline to and SW along the railway. Then S by Great Stone Road and Kings Road to its junction with Marston Road and by a beeline to and SW along Trafford – Manchester District boundary to River Mersey. W along the River Mersey to the point opposite Lawson Grove, then N by a straight line to  and along Anchorage Road, E along Urmstone Lane, Manor Road, Barton Road to the railway. E along the railway, then N along Park Road to Bridgewater Canal Stretford and Leigh Branch. E along that canal to its confluence with Bridgewater Canal Towpath and along that Canal, to the point where it crosses Wharfside Way.",,,,,,,CP,draft,,,a3/A005_20170415_a3.pdf
397,"2017-05-22 23:42:11",20170415,1,A006,2,"From the point on Manchester Ship Canal opposite Fairbrother Street, by a beeline to Cornbrook railway station and SE along Trafford-Manchester District boundary. Then E along Bold Street, Heron Street, Greenheys Lane West, Greenheys Lane, Burlington Street, Lloyd Street North, Moss Lane East, Broadfield Road, Claremont Road, Yarburgh Street, Withington Road, Upper Chorlton Road to its junction with Manchester Road, then along Trafford – Manchester District boundary to the railway. N by the railway and then W by Kings Road, Warwick Road South and the Old Trafford Station. Then NE by the railway to the railway junction of Old Trafford – Trafford Bar and Firswood – Trafford Bar lines. NW by a beeline to White City Way and Old Trafford Bridge, then E by Manchester Ship Canal to the point opposite Fairbrother Street.",,,,,,,LP,draft,,,a3/A006_20170415_a3.pdf
398,"2017-05-22 23:42:11",20170415,1,A007,1,"From Old Trafford station, S along Warwick Road South and King’s Road to the railway. Then S along the railway to Trafford – Manchester District boundary. E along that boundary to Upper Chorlton Road, Milton Grove, York Avenue, then E along Clarendon Road, Marlborough Avenue, E along Manley Road, Morville Road, Wilbraham Road, Wyverne Road and Egerton Road South to Withington Road. Then S along Withington Road, W along Mauldeth Road West, Hardy Lane to the end of the road and by a beeline to River Mersey, including Betel UK – Manchester.  Then W to and along Trafford – Manchester District boundary (River Mersey, Chorlton Brook, Turn Moss Road) to the point opposite Newport Road and by a straight line NW to the bend on Cromwell Road near Kings Road, and by Cromwell Road, Kings Road, Great Stone Road to and E along the railway to Old Trafford station.",,,,,,,LP,draft,,,a3/A007_20170415_a3.pdf
399,"2017-05-22 23:42:11",20170415,1,A008,13,"From the confluence of the Rivers Irwell and Medlock, along the River Irwell, to a point opposite Fennel Street, then by Fennel Street, Withy Grove, Nicholas Croft, High Street, Turner Street, John Street, Hilton Street through Stevenson Square, Newton Street, Piccadilly, Portland Street, Oxford Road, Whitworth Street West to Deansgate, then back along the River Medlock to its confluence with the River Irwell.",,,,,,,LP,draft,,,a3/A008_20170415_a3.pdf
400,"2017-05-22 23:42:11",20170415,1,A009,12,"From the junction of Denmark Road and Oxford Road, along Oxford Road, Grafton Street, Upper Brook Street, Plymouth Grove, Bryant Close (both sides in St Joseph’s parish), Lauderdale Crescent (both sides in St Joseph’s parish), Stockport Road, Higher Ardwick and the railway line to and along Fairfield Street, London Road, Piccadilly, Portland Street, Oxford Road, Whitworth Street West, Deansgate to the River Medlock, and by the River Medlock to its confluence with the River Irwell, by the River Irwell to a point opposite Fairbrother Street, then by a bee-line to Cornbrook Metrolink Station and by the Manchester – Trafford Metropolitan District Boundary to and along Bold Street, Greenheys Lane West, Greenheys Lane, Burlington Street, Lloyd Street North and Denmark Road to Oxford Road.",,,,,,,LP,draft,,,a3/A009_20170415_a3.pdf
401,"2017-05-22 23:42:11",20170415,1,A010,8,"From the junction of Upper Chorlton Road and Withington Road, along Withington Road, Yarburgh Street, Claremont Road, Broadfield Road, Parkside Road, Lloyd Street South, Platt Lane, Princess Road to and by the Platt Brook to Alexandra Road South, along Alexandra Road South, Mauldeth Road West, Withington Road and Egerton Road South,  Wyverne Road,  Wilbraham Road, Morville Road, Manley Road, Marlborough Avenue (both sides in St John’s, Chorlton), Clarendon Road, York Avenue, Milton Grove, Upper Chorlton Road to its junction with Withington Road.",,,,,,,LP,draft,,,a3/A010_20170415_a3.pdf
402,"2017-05-22 23:42:11",20170415,1,A011,9,"From the junction of Mauldeth Road West and Doncaster Avenue, along Doncaster Avenue, Whitchurch Road, Meltham Avenue, Abberton Road, Burton Road, Nell Lane, Mauldeth Road West, Alexandra Road South, Platt Brook, Princess Road, Mauldeth Road West to its junction with Doncaster Avenue.",,,,,,,LP,draft,,,a3/A011_20170415_a3.pdf
403,"2017-05-22 23:42:11",20170415,1,A012,1,"From the junction of Nell Lane and Mauldeth Road West, SE along Nell Lane, Northern Grove, Barlow Moor Road, S along Palatine Road to the point where it meets River Mersey, and N along River Mersey to the point opposite Rifle Road. Then by a beeline E to Hardy Lane, excluding Betel UK – Manchester. E along Hardy Lane and Mauldeth Road West to its junction with Nell Lane.",,,,,,,LP,draft,,,a3/A012_20170415_a3.pdf
404,"2017-05-22 23:42:11",20170415,1,A013,11,"From the junction of Denmark Road and Oxford Road, S along Oxfod Road, Hathersage Road, Upper Brook Street, Anson Road, Birchfields Road, Old Hall Lane, Wilmslow Road, Platt Lane, Parkfield Street, Arnside Street, Yew Tree Road, Claremont Road, Broadfield Road, Moss Lane East, Lloyd Street North and Denmark Road to its junction with Oxford Road.",,,,,,,CP,draft,,,a3/A013_20170415_a3.pdf
405,"2017-05-22 23:42:11",20170415,1,A014,8,"From the junction of Broadfield Road and Claremont Road, along Claremont Road,  Yew Tree Road, Arnside Street, Parkfield Street, Platt Lane, Wilmslow Road, Old Hall Lane, Birchfields Road, Mossley Rd, Kingsway, Kingswood Road, Ladybarn Lane to the bridge over the course of the former railway line, and along the course of the former railway line to Wellington Road, then by Wellington Road, Victoria Road, Birchington Road, Mauldeth Road West, Princess Road, Platt Lane, Lloyd St South, Parkside Road and Broadfield Rd to its junction with Claremont Road.",,,,,,,LP,draft,,,a3/A014_20170415_a3.pdf
406,"2017-05-22 23:42:11",20170415,1,A015,9,"From the junction of Victoria Road and Wellington Road, N along Wellington Road, Sherwood Street and by a straight line to Ladybarn Lane (excluding Ladybarn Road). Then S along Ladybarn Lane, Royle Street, Egerton Road, Paris Wood Road to its junction with Parkville Road. Then SW across Fog Lane Park to the end of Prince’s Avenue. S along Prince’s Avenue, Fog Lane, Lapwing Lane, Elm Road, Barlow Moor Road, Northern Grove, Burton Road, Aberton Road, Meltham Avenue, Whitchurch Road, Doncaster Avenue, Mauldeth Road West, Birchington Road and Victoria Road to its junction with Wellington Road.",,,,,,,LP,draft,,,a3/A015_20170415_a3.pdf
407,"2017-05-22 23:42:11",20170415,1,A016,10,"From the River Mersey, along Palatine Road, Barlow Moor Road, Elm Road, Lapwing Lane, Fog Lane, Prince’s Avenue, then by a diagonal beeline through Fog Lane Park to Parrs Wood Road and West Croft Road, and along Westcroft Road and Barcicroft Road to the Manchester – Stockport MBC boundary and along this boundary to the River Mersey and by the River Mersey to Palatine Road.",,,,,,,LP,draft,,,a3/A016_20170415_a3.pdf
408,"2017-05-22 23:42:11",20170415,1,A017,11,"From the junction of Hyde Road and Kirkmanshulme Lane, S along Kirkmanshulme Lane, the railway and W along Stanley Grove. Then SE along Stockport Road, Stamford Road, S along Birch Hall Lane, Birchfields Road, Anson Road, Upper Brook Street, W along Hathersage Road,  N along Oxford Road, Grafton Street, Upper Brook Street to its junction with Plymouth Grove. Then along Plymouth Grove to Bryant Close, Lauderdale Crescent, W along Stockport Road, Higher Ardwick, to Ardwick – Levenshulme railway and S along the railway to and E along Hyde Road to its junction with Kirkmanshulme Lane.",,,,,,,CP,draft,,,a3/A017_20170415_a3.pdf
409,"2017-05-22 23:42:11",20170415,1,A018,15,"From the junction of Pottery Lane and Hyde Road, E along Hyde Road, Kirkmanshulme Lane, Pink Bank Lane, (including Woodhill Close, Totland Close, Calbourne Close, Newsham Walk, Cullercoats Walk, Wylam Walk, Specton Walk), Longsight Road, Mount Road, Manor Road, Barlow Road and Stockport Road, Park Grove, Old Hall Lane, Birchfields Road, Birch Hall Lane, Stamford Road, Stockport Road, Stanley Grove to and N along the railway to and NE along Kirkmanshulme Lane to its junction with Hyde Road and Pottery Lane.",,,,,,,LP,draft,,,a3/A018_20170415_a3.pdf
410,"2017-05-22 23:42:11",20170415,1,A019,15,"From the junction of Birchfields Road and Old Hall Lane, E along Old Hall Lane, Park Grove, Stockport Road, Barlow Road, Manor Road, Sandford Lane, Nelstrop Lane North and then by a beeline between Wilsthorpe Grove (St Mary’s parish) and Simon Freeman Close (St Joseph’s, Reddish parish) to and along Norfolk Avenue, Wellington Road North, Crossley Road, Grangethorpe Drive, N along Kingsway, Mossley Road and Birchfields Road to its junction with Old Hall Lane.",,,,,,,LP,draft,,,a3/A019_20170415_a3.pdf
411,"2017-05-22 23:42:11",20170415,1,A020,14,"From the junction of Egerton Road and  Royle Street, E along Royle Street,  Kingswood Road, Kingsway, Grangethorpe Road and Crossley Road to the Manchester – Stockport MBC boundary, then along this boundary, excluding all houses in Whitehurst Road) to Barcicroft Road and along Barcicroft Road and Westcroft Road, Parrs Wood Road and Egerton Road to its junction with Royle Street.",,,,,,,LP,draft,,,a3/A020_20170415_a3.pdf
412,"2017-05-22 23:42:11",20170415,1,A021,6,"From the railway junction north of Ardwick Station, along the Manchester - Sheffield railway line to the point where it crosses the course of the disused Stockport canal, and by the line of the disused Stockport Canal to Hyde Road, along Hyde Road, Brighton Range, Turnbull Road to Reddish Lane then by a beeline along but excluding Bowling Road to Gorton Cemetery and by the cemetery wall to the Manchester – Stockport MBC boundary to and by Sandford Lane to Mount Road and along Mount Road, Longsight Road, Pink Bank Lane (but excluding Woodhill Close, Totland Close, Calbourne Close, Newsham Walk, Cullercoates Walk, Wylam Walk, Specton Way), Kirkmanshulme Lane to Hyde Road, along Hyde Road to and by the railway line to the junction with the Manchester Sheffield railway.",,,,,,,LP,draft,,,a3/A021_20170415_a3.pdf
413,"2017-05-22 23:42:11",20170415,1,A022,5,"From the junction of Hyde Road and Wall Way, N along Debdale Park (west border) and Gorton Lower Reservoir (W, then N border). Then S by Debdale lane to and S along Manchester – Tameside District boundary to the point opposite Clumber Road and by a bee-line E past Wilton Paddock to, and E along Hyde Road. Then S by M60 Motorway to and SW along the Denton - Reddish railway, to the railway junction and then NW along Brinnington – Reddish railway to Winsmill Lane. NW along Windmill Lane, Longford Road to its junction with Nelstrop Road North. Then N along Manchester – Stockport District boundary to Broadfield Road and by a beeline to Bowling Road, Turnbull Road, Brighton Range and Hyde Road to its junction with Wall Way.",,,,,,,LP,draft,,,a3/A022_20170415_a3.pdf
414,"2017-05-22 23:42:11",20170415,1,A023,5,"From the junction of Longford Road West and Nelstrop Road North, E along Longford Road West, Windmill Lane to the Reddish – Brinnington Railway. S along the railway to and S along  River Tame to the point opposite Lune Way. Then by a beeline SW to and W along Willow Avenue, N along Reddish Road, Birkdale Road, SE along Greg Street, E along Whitehill Street, then N along Manchester Road, Broadstone Road and Nelstrop Road to its junction with Carnforth Road. Then along a footpath to Black Brook and by a beeline to and N along Manchester – Stockport District boundary to the junction of Longford Road West and Nelstrop Road North.",,,,,,,LP,draft,,,a3/A023_20170415_a3.pdf
415,"2017-05-22 23:42:11",20170415,1,A026,7,"From Audenshaw Road, by Groby Road (both sides in St Mary’s Denton parish) to the railway, then by a bee-line to Guide Lane (including Ravenwood Drive and Poplar Street but excluding Nelson Street and Ravenwood Drive), and by a beeline to the bridge where Shepley Road crosses the River Tame, and southwards along the diocesan boundary (River Tame) to the Manchester – Marple railway bridge, then by the Stockport – Tameside Metropolitan District Boundary to the Stockport – Denton railway, and by the railway and the M60 Motorway to Manchester Road (A57) to a point east of Wilton Paddock and by bee-lines behind Wilton Paddock and Wilton Court to the Manchester – Tameside Metropolitan District Boundary and by this boundary to the junction of Debdale Lane and Kings Road and along Kings Road and Audenshaw Road to it junction with Groby Road.",,,,,,,LP,draft,,,a3/A026_20170415_a3.pdf
416,"2017-05-22 23:42:11",20170415,1,A025,14,"From the point where the railway crosses Crossley Road, E along Crossley Road, Stockport Road, Norfolk Avenue. Then by a beeline to and along Carnforth Road, Nelstrop Road, Broadstone Road, Manchester Road, Whitehill Street West, Greg Street, Birkdale Road, Sandy Lane, Willow Avenue and by a beeline to River Tame ( all Woodhall Crescent estate in St Mary’s parish). S by River Tame and River Mersey to M60 junction 1, then N to Green Lane and by a footpath N, continuing along Green Lane, Alexandra Road, Heaton Road to the railway and M by the railway to Crossley Road.",,,,,,,LP,draft,,,a3/A025_20170415_a3.pdf
417,"2017-05-22 23:42:11",20170415,1,A027,14,"From the point where the railway crosses Crossley Road, S along the railway to and W along Heaton Road, Alexandra Road, Green Lane, by a footpath across Bowerfold Open Space to Green Lane , through M60 junction 1 to River Mersey. W along the river to and  to the point where the railway crosses Cossley Road.",,,,,,,LP,draft,,,a3/A027_20170415_a3.pdf
418,"2017-05-22 23:42:11",20170415,1,A028,1,"From Old Trafford station, S along Warwick Road South and King’s Road to the railway. Then S along the railway to Trafford – Manchester District boundary. E along that boundary to Upper Chorlton Road, Milton Grove, York Avenue, then E along Clarendon Road, Marlborough Avenue, E along Manley Road, Morville Road, Wilbraham Road, Wyverne Road and Egerton Road South to Withington Road. Then S along Withington Road, W along Mauldeth Road West to its junction with Nell Lane. Then SE along Nell Lane, Northern Grove, Barlow Moor Road, S along Palatine Road to the point where it meets River Mersey. NW along River Mersey and Trafford Manchester District Boundary to the point opposite Newport Road and by a straight line NW to the bend on Cromwell Road near Kings Road, and by Cromwell Road, Kings Road, Great Stone Road to and E along the railway to Old Trafford station.","Former boundary between St John the Evangelist and St Ambrose",,,"From the junction of Mauldeth Road West and Nell Lane, W along Mauldeth Road West, Hardy Lane to the end of the road and by a beeline to River Mersey opposite Rifle Road (Leisure Center Betel UK – Manchester in Our Lady and St John parish).",,,PA,draft,,,a3/A007A012_20170415_a3.pdf
419,"2017-05-22 23:42:11",20191103,1,A029,3,"From the confluence of Manchester Ship Canal and Bridgewater Canal (Stretford and Leigh Branch),  SE along the Bridgewater Canal  to and S along Old Trafford Road, S along Wharfside Way, White City Way and by a beeline to and SW along the railway. Then S by Great Stone Road and Kings Road to its junction with Marston Road and by a beeline to and SW along Trafford – Manchester District boundary to River Mersey. W along the River Mersey to the point opposite Meadow Road and by a beeline to and N along Lime Tree Close, Stretford Road, Ciss Lane, St Clements Fold  (both sides in Our lady and English Martyrs parish). Continuing N along Westbourne Park, Winchester Road, Furness Road, Canterbury Road, Rochester Road, Lostock Road, Romley Road and by a beeline to Kingsway Park, Skye Road (after its junction with Iona Way both sides in Our Lady and English Martyrs parish), then E along Shetland Way and by a beeline to M60 Motorway. W along the Motorway to Manchester Ship Canal and E along the Canal to its confluence with  Bridgewater Canal.","Former boundary between St Hugh of Lincoln and St Ann","Former boundary between St Hugh of Lincoln and St Anthony","Former boundary between St Anthony and St Ann","From the point where Bridgewater Canal Stretford and Leigh branch crosses Park Road, along Park Road to, and W along the railway, then S along Barton Road, Manor Road, Urmston Lane, Anchorage Road and by a straight line S to River Mersey.","From the point where Bridgewater Canal Stretford and Leigh Branch crosses park Road, NW along that canal to its confluence with Manchester Ship Canal.","From the point wherer Bridgewater Canal Towpath crosses Old Trafford Road, S along  Bridgewater Canal Towpath to its confluence with Bridgewater Canal Stretford and Leigh Branch and along that canal to the point where it crosses Park Road.",LP,approved,,,a3/A029_20191103_a3.pdf
420,"2017-05-22 23:42:11",20170415,1,A030,4,"From the confluence of River Mersey and Manchester Ship Canal, NE along Manchester Ship Canal then SE by M60 Motorway to the point opposite Shetland Way. W by Shetland Way, Skye Road (both sides in Our Lady and English Martyrs up to its junction with Iona Way), then by a beeline S to Kingsway Park, along Kingsway Park by a beeline to Romley Road, Lostock Road, Rochester Road, Canterbury Road, Furness Road, Winchester Roadm West Bourne Park, St Clements Fold (both sides in Our Lady and English Martyrs parish), Ciss Lane, Stretford Road, Lime Tree Close and by a beeline to River Mersey to its confluence with Manchester Ship Canal.","Former boundary between Our Lady and the English Martyrs and St Monica",,,"From Manchester Ship Canal along west border of United Utilities Wastewater Treatment Plant. Then S by Woodhouse, E by Davy Hulme Road, Bowers Avenue, Moorside Road, Brook Road, Flixton Road, Penny Bridge Lane and by a beeline S to and W along Church Road to 253 Church Road (near bus stop ID MANJPADG) and by a beeline S to River Mersey",,,PA,draft,,,a3/A001A002_20170415_a3.pdf
421,"2017-05-22 23:42:11",20170415,1,A031,5,"From the junction of Hyde Road and Wall Way, N along Debdale Park (west border) and Gorton Lower Reservoir (W, then N border). Then S by Debdale lane to and S along Manchester – Tameside District boundary to the point opposite Clumber Road and by a bee-line E past Wilton Paddock to, and E along Hyde Road. Then S by M60 Motorway to and SW along the Denton - Reddish railway, to the railway junction and then  S along the railway to and S along  River Tame to the point opposite Lune Way. Then by a beeline SW to and W along Willow Avenue, N along Reddish Road, Birkdale Road, SE along Greg Street, E along Whitehill Street, then N along Manchester Road, Broadstone Road and Nelstrop Road to its junction with Carnforth Road. Then along a footpath to Black Brook and by a beeline to and N along Manchester – Stockport District boundary to Broadfield Road and by a beeline to Bowling Road, Turnbull Road, Brighton Range and Hyde Road to its junction with Wall Way.","Former boundary between St Joseph, Reddish and Holy Family",,,"From the Denton – Reddish and Brinnington – Reddish railway junction, W along Brinnington – Reddish railway to Winsmill Lane. NW along Windmill Lane and Longford Road to its junction with Nelstrop Road North.",,,PA,draft,,,a3/A022A023_20170415_a3.pdf
422,"2017-05-22 23:42:11",20170415,1,A032,8,"From the junction of Upper Chorlton Road and Withington Road, along Withington Road, Yarburgh Street, Claremont Road, Yew Tree Road, Arnside Street, Parkfield Street, Platt Lane, Wilmslow Road, Old Hall Lane, Birchfields Road, Mossley Rd, Kingsway, Kingswood Road, Ladybarn Lane to the bridge over the course of the former railway line, and along the course of the former railway line to Wellington Road, then by Wellington Road, Victoria Road, Birchington Road, Mauldeth Road West, Princess Road to and by Platt Brook to Alexandra Road South, along Alexandra Road South, Mauldeth Road West, Withington Road and Egerton Road South,  Wyverne Road,  Wilbraham Road, Morville Road, Manley Road, Marlborough Avenue (both sides in St John’s, Chorlton), Clarendon Road, York Avenue, Milton Grove, Upper Chorlton Road to its junction with Withington Road.","Former boundary between St Kentigern and English Martyrs",,,"From the junction of Claremont Road and Broadfield Road, Parkside Road, Lloyd Street South, Platt Lane, Princess Road to Platt Brook.",,,PA,draft,,,a3/A010A014_20170415_a3.pdf
423,"2017-05-22 23:42:11",20170415,1,A033,9,"From the junction of Victoria Road and Wellington Road, N along Wellington Road, Sherwood Street and by a straight line to Ladybarn Lane (excluding Ladybarn Road). Then S along Ladybarn Lane, Royle Street, Egerton Road, Paris Wood Road to its junction with Parkville Road. Then SW across Fog Lane Park to the end of Prince’s Avenue. S along Prince’s Avenue, Fog Lane, Lapwing Lane, Elm Road, Barlow Moor Road, Northern Grove, Nell Lane, Mauldeth Road West , Alexandra Road South, Platt Brook, Princess Road, Mauldeth Road West, Birchington Road and Victoria Road to its junction with Wellington Road.","Former boundary between St Cuthbert and St Bernadette",,,"From the junction of Nell Lane and Burton Road, N along Burton Road, Aberton Road, Meltham Avenue, Whitchurch Road, Doncaster Avenue to its junction with Mauldeth Road West.",,,PA,draft,,,a3/A011A015_20170415_a3.pdf
424,"2017-05-22 23:42:11",20190717,1,A034,11,"From the junction of Hyde Road and Kirkmanshulme Lane, S along Kirkmanshulme Lane, the railway and W along Stanley Grove. Then SE along Stockport Road, Stamford Road, S along Birch Hall Lane, Birchfields Road, Old Hall Lane, Wilmslow Road, Platt Lane, Parkfield Street, Arnside Street, Yew Tree Road, Claremont Road, Broadfield Road, Moss Lane East, Lloyd Street North and Denmark Road. Then N along Oxford Road, Grafton Street, Upper Brook Street to its junction with Plymouth Grove. Then along Plymouth Grove to Bryant Close, Lauderdale Crescent, W along Stockport Road, Higher Ardwick, to Ardwick – Levenshulme railway and S along the railway to and E along Hyde Road to its junction with Kirkmanshulme Lane.","Former boundary between St Joseph and St Edward",,,"From the junction of Birchfields Road and Anson Road, along Anson Road, Upper Brook Street, Hathersage Road and Oxford Road to its junction with Denmark Road.",,,LP,approved,,,a3/A034_20190717_a3.pdf
425,"2017-05-22 23:42:11",20170415,1,A035,14,"From the junction of Egerton Road and  Royle Street, E along Royle Street,  Kingswood Road, Kingsway, Grangethorpe Road, Crossley Road, Stockport Road, Norfolk Avenue. Then by a beeline to and along Carnforth Road, Nelstrop Road, Broadstone Road, Manchester Road, Whitehill Street West, Greg Street, Birkdale Road, Sandy Lane, Willow Avenue and by a beeline to River Tame ( all Woodhall Crescent estate in St Mary’s parish). S by River Tame and River Mersey. Then N along Manchester Stockport District boundary to Barcicroft Road, Westcroft Road, Parrs Wood Road and Egerton Road to its junction with Royle Street.","Former boundary between St Bernard and St Winifred","Former boundary between St Mary and St Winifred",,"Along Manchester – Stockport District boundary","From the point where the railway crosses Crossley Road, S along the railway to and W along Heaton Road, Alexandra Road, Green Lane, by a footpath across Bowerfold Open Space to Green Lane , through M60 junction 1 to River Mersey.",,PA,draft,,,a3/A020A025A027_20170415_a3.pdf
426,"2017-05-22 23:42:11",20170415,1,A036,15,"From the junction of Pottery Lane and Hyde Road, E along Hyde Road, Kirkmanshulme Lane, Pink Bank Lane, (including Woodhill Close, Totland Close, Calbourne Close, Newsham Walk, Cullercoats Walk, Wylam Walk, Specton Walk), Longsight Road, Mount Road,  Sandford Lane, Nelstrop Lane North and then by a beeline between Wilsthorpe Grove (St Mary’s parish) and Simon Freeman Close (St Joseph’s, Reddish parish) to and along Norfolk Avenue, Wellington Road North, Crossley Road, Grangethorpe Drive, N along Kingsway, Mossley Road and Birchfields Road, Birch Hall Lane, Stamford Road, Stockport Road, Stanley Grove to and N along the railway to and NE along Kirkmanshulme Lane to its junction with Hyde Road and Pottery Lane.","Former boundary between St Mary and St Richard",,,"From the junction of Birchfields Road and Old Hall Lane, E along Old Hall Lane, Park Grove to its junction with Stockport Road.",,,PA,draft,,,a3/A018A019_20170415_a3.pdf
441,"2017-05-31 23:08:50",20170531,1,C002,0,"From M60 Motorway junction 22, S along the Motorway to and E River Medlock to the railway bridge and by the railway to Millstream Lane. Then N by Manchester – Oldham District boundary, Moston Brook to the point opposite railway bridge on Rochdale Canal. SW to that bridge and S along Rochdale Canal to Oldham Road and by Oldham Road to the M60 Motorway junction 22.",,,,,,,LP,draft,,,a3/C002_20170531_A3.pdf
442,"2017-05-31 23:08:50",20170531,1,C005,4,"From the junction of Sheepfold Lane and Meade Hill Road, along Meade Hill Road,  Blackley New Road to and E along River Irk to and along Smedley Lane,  Cheetham Hill Road,  Bury Old Road,  Sheepfoot Lane to its junction with Meade Hill Road.",,,,,,,LP,draft,,,a3/C005_20170531_A3.pdf
443,"2017-05-31 23:08:50",20170531,1,C007,5,"From the confluence of the Rivers Irwell and Irk, by the River Irwell to a point opposite Fennell Street, then by Fennell Street, Withy Grove, Shudehill, Miller Street, Cheetham Hill Road to and along the River Irwell to and by the Manchester-Bury Metrolink line to Smedley Lane, then along Smedley Lane, Cheetham Hill Road, Waterloo Road, Bury New Road and Sherborne Street West and a bee-line to the River Irwell and by the River Irwell to its confluence with the River Irk.",,,,,,,LP,draft,,,a3/C007_20170531_A3.pdf
444,"2017-05-31 23:08:50",20170531,1,C011,3,"From the roundabout joining Moston Lane, Charlestown Road and Ainsbrook Avenue, by a bee-line E to and across Colgrove Avenue, to and S along Lightbowne Road and Linford Avenue to the end of the road. Then by a beeline to the junction of Nuthurst Road and Blandford Drive, W along Nuthurst Road, Moston Lane East, to the junction of Moston Lane East and Belgrave Road, and by a bee-line to and W along Moston Brookthe point opposite Broadhurst Primary School and by a bee-line to the junction of St Mary’s Road and Williams Road, N along St Mary’s Road, W along Joyce Street, Arbory Avenue (both sides in St Dunstan parish) to Lightbowne Road, and by a bee-line to and along Millais Street, Moston Lane, Bluebell Avenue to the end of the road. Then by a bee-line to Oak Bank Avenue, Gill Street, Glen Avenue to its junction with Clough Road. By a straight line NW to Crowden Road, and W along Crowden Road, Moston Lane to the roundabout.",,,,,,,LP,draft,,,a3/C011_20170531_A3.pdf
445,"2017-05-31 23:08:50",20170531,1,C013,9,"By the River Irk from Cheetham Hill Road to and along the Manchester-Bury Metrolink line to Smedley Lane. By Smedley Lane to the River Irk and along the River Irk to a point opposite the northern boundary of Manchester General cemetery. By the cemetery boundary to Rochdale Road. Along Rochdale Road and Carisbrook Street to the bend nearest Moston Brook. Then by a beeline to and along Moston Brook to Church Lane. Along Church Lane, Thorpe Road, Oldham Road, and by the railway line to and along the Rochdale Canal to a point opposite Poland Street and by a beeline to and along Poland Street, Oldham Road, Swan Street and Miller Street and Cheetham Hill Road to the River Irk.",,,,,,,LP,draft,,,a3/C013_20170531_A3.pdf
446,"2017-05-31 23:08:50",20170531,1,C017,3,"From the point on M60 Motorway opposite Manchester Creative & Media Academy, W along the Motorway to junction 22, then S along Oldham Road (A62), to its crossing with Rochdale Canal. Then SE by the canal to the railway bridge and by a beeline to Moston Brook. W along the brook to the point opposite Broadhurst Primary School and by a bee-line to the junction of St Mary’s Road  and the railway. W along the railway to and NW along Thorp Road, and along a footpath through Moston Vale to Carisbrook Street and its junction with Conran Street. NE along Conran Street and footpath to and W along Church Lane, Hillier Street to the point opposite Hillier Street North. N along Hillier Street Noth to and E along Moston Lane and N along Clough Lane to its junction with Glen Avenue. By a straight line NW to Crowden Road, and W along Crowden Road, Moston Lane to the roundabout and NW by Moston Lane, and Victoria Avenue East to the point opposite Manchester Creative & Media Academy and by a bee-line to M60 Motorway.","Former boundary between St Margaret Mary and St John Vianney","Former boundary between St Dunstan and St John Vianney",,"From Moston Brook opposite railway bridge on Rochdale Canal, by a bee-line to the junction of Belgrave Road and Moston Lane East and by Moston Lane East, Nuthurst Road to the junction of Nuthurst Road and Blandford Drive, then by a beeline to Linford Avenue. N by Lightbowne Road to the point opposite Colgrove Avenue, across it to the roundabout.","From the point where the railway crosses St Mary’s Road,  N along St Mary’s Road, W along Joyce Street, Arbory Avenue (both sides in St Dunstan parish) to Lightbowne Road, and by a bee-line to and along Millais Street, Moston Lane, Bluebell Avenue to the end of the road. Then by a bee-line to Oak Bank Avenue, Gill Street, Glen Avenue to its junction with Clough Road.",,PA,draft,,,a3/C009C011C012_20170531_A3.pdf
447,"2017-05-31 23:08:50",20170531,1,E018,8,"From the M60 Motorway junction 22, E along Hollins Road (A6104), to its junction with North Gate. S along North Gate, Fairfields, then by a beeline across Wood Park Clough to the junction of Crime Lane, Knott Lanes and unnamed road by Riversvale Farm. Along the unnamed road to the Tameside – Oldham District boundary and River Medlock. E along River Medlock to the railway bridge and by the railway to Millstream Lane. Then N by Manchester – Oldham District boundary Moston Brook to the point opposite railway bridge on Rochdale Canal. SW to that bridge and S along Rochdale Canal to Oldham Road and by Oldham Road to the M60 Motorway junction 22.","Former boundary between Immaculate Conception and Holy Family",,,"M60 Motorway",,,PA,draft,,,a3/E019E021_20170531_A3.pdf
448,"2017-06-03 22:09:58",20170602,1,G001,1,"From the junction of Moss Bridge Road and Kingsway, E along A6193, to junction 21 on M62 Motorway, S by Newhey Road, Shaw Road, Milnrow Road to the point where it meets Shaw and Crompton and Newhey railway. By a beeline to and W along Mossgate Road to the point opposite Higher Rise (road), then by a beeline excluding all of Greenhill Avenue, crossing Rochdale Road and Castleton Road (near Gravel Hole Methodist Church, Pit Lane), to and W along Thornham Lane, to its junction with Oldham Way, and then following Oldham – Rochdale District boundary and by a bee-line to M62 junction 20 , N along the motorway to and E along Rochdale Canal Greenfield Lane, Queensway, Kingsway to the junction of Moss Bridge Road and Kingsway.",,,,,,,LP,draft,,,a3/G001_20170602_A3.pdf
449,"2017-06-03 22:09:58",20170602,1,G003,12,"From the junction of Bury New Road and St Mary’s Road, W along St Mary’s Road,  Rectory Lane, Whittaker Lane, Bent Lane, Ostrich Lane. Then N along Bury Old Road, Singleton Road, Park Lane, Bury New Road to the point opposite its junction with Broom Lane. Then W by a bee-line to and NW along River Irwell to the point opposite Kingsley Avenue and by a straight line to the junction of Kingsley Avenue, South Radford Streey and Monsal Avenue by a bee-line to the River Irwell to the point opposite Grundy Avenue and E to the junction of Grundy Avenue and Cawley Avenue. Then E along Cawley Avenue, Lowther Road, Shrewsbury Road, Butterstile Lane and N along Bury New Road to its junction with St Mary’s Road.",,,,,,,LP,draft,,,a3/G003_20170602_A3.pdf
450,"2017-06-03 22:09:58",20170602,1,G004,7,"From the junction of Bentley Hall Road and High Street, N along High Street, then W along Walshaw Road,  then S along Crostons Road and W along Bolton Road to its crossing with River Irwell S along the river to the point where Manchester Bury and Bolton Canal starts. Then by a bee line W Hinds Lane and SW through the middle of Elton Reservoir and by a bee line  NW to junction of Bolton Road and Watling Street, including Spen Fold, but excluding Higher Spenmoor Farm. West along Bury and Bolton Road (A58) to Bolton-Bury District boundary and along that boundary to its crossing with up to the Old Holts Farm, then by a beeline  to and E along Bentley Hall Road to its crossing with High Street.",,,,,,,LP,draft,,,a3/G004_20170602_A3.pdf
451,"2017-06-03 22:09:58",20170602,1,G006,6,"From the crossing of Mills Hill – Castleton railway and M62 motorway, S along railway to the point where it crosses a river, near Scowcroft Farm. Then west by a bee-line to and along river Irk, Park Rd, Middleton Rd (A576), Manchester Old Rd. N by Parkfield Dr, to the NW corner of Leisure Park, and W by a beeline across golf club grounds to the junction of Heywood Old Rd and unnamed road near Virgin Active Lancashire (including all properties along Rowrah Cres), then by a beeline to M62 opposite Egypt Farm and E by M62 to the railway.",,,,,,,CP,draft,"Boundary between Our Lady of the Assumption and St Agnes and St John Fisher","There is currently no information available about the boundary between these two parishes.",a3/G006_20170602_A3.pdf
452,"2017-06-03 22:09:58",20170602,1,G007,1,"From Smithy Bridge Railway station, E along Smithy Bridge Road and in a straight line across Hollingworth Lake to M62 Motorway near Lower Booth Hollins Farm. Then E along M62 Rochdale – Calderdale District boundary. Then S by the diocesan boundary to the junction of Ripponden Road (A672) and Buckstones Road (B6197) at Grains Bar. NW along Buckstones Road to Brunchapel Farm, then N by a beeline  to the W boundary of the Brushes Clough Reservoir and by a stream following into it from the west to the point opposite Golden Street, then by a bee-line to the junction of Dunwoods Park Courst and Milnrow Road, N along Milnrow Road (Shaw Road, NewHey Road, Elizabethan Way to M62 junction 21, and W along the Motorway and Road A6193 to its junction with Kingsway), the N along Moss Bridge Road,  Channing Street, Church Road, to the Rochdale – Smithy Bridge railway and E along that railway to Smithy Bridge station.",,,,,,,LP,draft,,,a3/G007_20170602_A3.pdf
453,"2017-06-03 22:09:58",20170602,1,G009,7,"From the crossing of Walmersley Road (A56) and Bass Lane by a bee-line SW to the point opposite Ashborne Drive (including Highbank farm and both side of the Ashborne Drive) then by a bee-line to and S along River Irwell. From the crossing of River Irwell and Bolton Road, W along Bolton Road, then N along Helmshore Rd (B6214) and W along Walshaw Road, High Street, Bentley Hall Road and in a straight line to the Bolton-Bury District Boundary and along that boundary to the point where it touches Ramsbottom Road near The Red Lion Hotel. Then E along Ramsbottom Road, Bolton Road to the brook flowing through Broad Hey Wood (near Bolton Road junction with Longsight Road) and by that brook to Bass Lane and its junction with  Walmersley Road (A56).",,,,,,,LP,draft,,,a3/G009_20170602_A3.pdf
454,"2017-06-03 22:09:58",20170602,1,G010,8,"From the point where Blackburn with Darwen, Rossendale and Bury District boundaries meet, E along Rossendale – Bury District Boundary  to Bull Hill and by a beeline to the junction of Moor Road and Helmshore Road then by a track to Broadacres, Kenyon Clough, Irwell Vale to the River Irwell and N by it to the railway bridge opposite Fish Rake Lane. S along A56 to its crossing with Blackburn Road and then E by a bee-line to the end of the Sand Beds Lane and by Rossendale Way track to Grain Brook (near Coal Road and Turf Moor) by Grain Brook, Cheesden Brook, to its crossing with Edenfield Road, then in a straight line to Closes Farm and N by Croston Close Road, Buckhurst Road, then by a line following the road leading to Ridshaw Farm and Kirkbys Farm (including both farms) to Bury Old Road, then in a straight line to Bass Lane (crossing M66 Motorway). W Along Bass Lane to the end of the road and then N by a bee-line to River Irwell, and W along the River Irwell to its confluence with a stream going through Broad Hey Wood and along the stream to and then W along Bolton Road (A676) to the point where it meets Blackburn with Darwen – Bury District boundary, N along that boundary to the point where it meets Rossendale District boundary.",,,,,,,LP,draft,,,a3/G010_20170602_A3.pdf
455,"2017-06-03 22:09:58",20170602,1,G012,10,"From the point where Bolton-Bury District boundary crosses Bury New Road, E along Bury New Road, and Bury and Bolton Road to its junction with Watling Street, then SE by a beeline  through Elton Reservoir, including Higher Spenmoor Farm, but excluding Cygnet Hospital (Bury), then NE to Hinds Lane and E by a beeline to and S along River Irwell, past its confluence with River Roch and by a beeline to Radcliffe New Road, crossing the railway and through Hollinhurst Playing Fields, including Jubilee Ave, Oak Street and Beech Street to the junction of Stand Lane and Chapelfield and by the N and W boundaries of Stand Golf Course to and W along Ringley Road and Ringley Road West to 353 Ringley Rd W, N by a beeline to Manchester Bury and Bolton Canal, including all Mount Sion Road, W along the canal to and N along Bolton – Bury District Boundary to its crossing with Bury New Road.",,,,,,,LP,draft,,,a3/G012_20170602_A3.pdf
456,"2017-06-03 22:09:58",20170602,1,G013,2,"From the Rochdale - Rossendale District boundary near Brownhouse Wham Reservoir, N along that boundary to Hades Hill and then along Rochdale - Calderdale District boundary, across Warland Reservoir, crossing Turvin Road (B6138) and Halifax Road (A58) to M62 Motorway near junction 22. Then W along the motorway to Lower Booth Hollins Farm and by a bee-line across Hollingworth Lake to Smithy Bridge Road past the Smithy Bridge Railway Station to New Road, Halifax Road, Union Road. Then W by a beeline to the junction of Thimble Close and Birch Road, N along Birch Road to its junction with Ramsden Road and W by a beeline to Rochdale – Rossendale District boundary. ",,,,,,,LP,draft,,,a3/G013_20170602_A3.pdf
457,"2017-06-03 22:09:58",20170602,1,G015,2,"From the Smithy Bridge Railway Station, SW along the railway to the point it crosses Newbold railway branch. Then N by a bee-line to River Roch and W along it to South Parade. Then W to the roundabout and by a bee-line N to Spotland Road (A680) and its junction with Mount Street.  Then by a bee-line S to the junction of Norman Road and Mellor Street. W and then N along Mellor Street and River Spodden to the Rochdale – Rossendale boundary and along that boundary to the point near Brownhouse Wham Reservoir, then continuing by a bee-line E to the junction of Ramsden Road and Birch Road to its junction with Thimble Close. Then E by a bee-line to Union Road, Halifax Road, New Road and Smithy Bridge Road to the Smithy Bridge Railway Station.",,,,,,,LP,draft,,,a3/G015_20170602_A3.pdf
458,"2017-06-03 22:09:58",20170602,1,G016,5,"From the junction of Parkfield Drive and Manchester Old Road, E along Manchester Old Road, Middleton Way, Barton Road, Park Road to and E along River Irk, to the point opposite Whitby Street. Then by a beeline NE along, but excluding Gleenwood Drive to the point where Rochdale Canal meets Rochdale – Oldham District boundary. Then S by that boundary to Middleton Road, to and S along Rochdale Canal to junction 21 on M60 Motorway.  Then W along the M60 Motorway to Rochdale – Oldham boundary and along that boundary N to the crossing of Green gate and Wince Brook. W along Wince Brook, Round Thorn Road, Mount Road, Manchester New Road, Alkrington Hall Road North, Hall Drive , by a beeline to Wince Brook opposite Greenson Drive and W by the brook to the point where it meets Rochdale – Manchester District boundary.",,,,,,,LP,draft,,,a3/G016_20170602_A3.pdf
459,"2017-06-03 22:09:58",20170602,1,G018,3,"From the bend on the Rossendale Way near Grain Book, by a bee-line to Rossendale – Rochdale District boundary near Higher hill, then E and SE along that boundary to River Spodden, and S along River Spodden to College Road. S along College Road and Bury Road (B6222) to the point opposite Bridgefield Street, then E by a beeline to and S along River Roch to and N along Queen’s Park Road, Bury and Rochdale Old Road, then N along Ashworth Road to its junction with School Lane and W by a bee-line to and W along Cheesden Brook to Rossendale -Rochdale District boundary, to the point near Deeply Vale, and by a beeline to include Closes Farm. N by a beeline  to the junction of Croston Close Road and Rochdale Road (A680), then in a straight line, following Cheesden Brook, to the bend on the Rossendale Way near Grain Brook.",,,,,,,LP,draft,,,a3/G018_20170602_A3.pdf
460,"2017-06-03 22:09:58",20170602,1,G019,1,"From Smithy Bridge Railway station, E along Smithy Bridge Road and in a straight line across Hollingworth Lake to M62 Motorway near Lower Booth Hollins Farm. Then E along M62 Rochdale – Calderdale District boundary. Then S by the diocesan boundary to the junction of Ripponden Road (A672) and Buckstones Road (B6197) at Grains Bar. NW along Buckstones Road to Brunchapel Farm, then N by a beeline  to the W boundary of the Brushes Clough Reservoir and by a stream following into it from the west to the point opposite Golden Street, then by a bee-line to the junction of Dunwoods Park Courst and Milnrow Road, N along Milnrow Road to the point where it meets Shaw and Crompton and Newhey railway. By a beeline to and W along Mossgate Road to the point opposite Higher Rise (road), then by a beeline excluding all of Greenhill Avenue, crossing Rochdale Road and Castleton Road (near Gravel Hole Methodist Church, Pit Lane), to and W along Thornham Lane, to its junction with Oldham Way, and then following Oldham – Rochdale District boundary and by a bee-line to M62 junction 20 , N along the motorway to and E along Rochdale Canal Greenfield Lane, Queensway, Kingsway to the junction of Moss Bridge Road and Kingsway. Then N along Moss Bridge Road,  Channing Street, Church Road, to the Rochdale – Smithy Bridge railway and E along that railway to Smithy Bridge station.","Former boundary between Sacred Heart and Holy Family",,,"From the junction of Milnrow Road and Shaw Road, W along Shaw Road, NewHey Road, Elizabethan Way to M62 junction 21, and W along the Motorway and Road A6193 to its junction with Kingsway.",,,PA,draft,,,a3/G001G007_20170602_A3.pdf
461,"2017-06-03 22:09:58",20170602,1,G020,2,"From the Rochdale - Rossendale District boundary near Brownhouse Wham Reservoir, N along that boundary to Hades Hill and then along Rochdale - Calderdale District boundary, across Warland Reservoir, crossing Turvin Road (B6138) and Halifax Road (A58) to M62 Motorway near junction 22. Then W along the motorway to Lower Booth Hollins Farm and by a bee-line across Hollingworth Lake to Smithy Bridge Road and railway station. Then SW along the railway to the point it crosses Newbold railway branch. Then N by a bee-line to River Roch and W along it to South Parade. Then W to the roundabout and by a bee-line N to Spotland Road (A680) and its junction with Mount Street.  Then by a bee-line S to the junction of Norman Road and Mellor Street. W and then N along Mellor Street and River Spodden to the Rochdale – Rossendale boundary and along that boundary to the point near Brownhouse Wham Reservoir","Former boundary between St Mary and St Patrick",,,"From the Smithy Bridge Railway Station to New Road, Halifax Road, Union Road. Then W by a beeline to the junction of Thimble Close and Birch Road, N along Birch Road to its junction with Ramsden Road and W by a beeline to Rochdale – Rossendale District boundary.",,,PA,draft,,,a3/G013G015_20170602_A3.pdf
462,"2017-06-03 22:09:58",20170602,1,G021,5,"From the junction of Parkfield Drive and Manchester Old Road, E along Manchester Old Road, Middleton Way, Barton Road, Park Road to and E along River Irk, to the point opposite Whitby Street. Then by a beeline NE along, but excluding Gleenwood Drive to the point where Rochdale Canal meets Rochdale – Oldham District boundary. Then S by that boundary to Middleton Road, to and S along Rochdale Canal to junction 21 on M60 Motorway.  Then W along the M60 Motorway and Rochdale – Manchester District boundary to the point where it meets Wince Brook. E by the Brook to the point opposite Parkfiled Drive and by a beeline to the Parkfield Drive.","Former boundary between St Peter and St Thomas More",,,"From the point opposite to Parkfield Drive on Wince Brook to the pint opposite Greenson Drive on Wince Brook, by a bee-line to Hall Driver, Alkrington Hall Road North, Manchester New Road (A664),  E along Mount Road, and along Round Thorn Road in a straight line to and S along Wince Brook to Rochdale – Oldham District boundary. Then by that boundary to M60 Motorway.",,,PA,draft,,,a3/G016G017_20170602_A3.pdf
463,"2017-06-03 22:09:58",20170602,1,G022,7,"From the crossing of Walmersley Road (A56) and Bass Lane by a bee-line SW to the point opposite Ashborne Drive (including Highbank farm and both side of the Ashborne Drive) then by a bee-line to and S along River Irwell to the point where Manchester Bury and Bolton Canal starts. Then by a bee line W Hinds Lane and SW through the middle of Elton Reservoir and by a bee line  NW to junction of Bolton Road and Watling Street, including Spen Fold, but excluding Higher Spenmoor Farm. West along Bury and Bolton Road (A58) to Bolton-Bury District boundary and along that boundary to the point where it touches Ramsbottom Road near The Red Lion Hotel. Then E along Ramsbottom Road, Bolton Road to the brook flowing through Broad Hey Wood (near Bolton Road junction with Longsight Road) and by that brook to Bass Lane and its junction with  Walmersley Road (A56).","Former boundary between Guardian Angels and St Hilda",,,"From the crossing of River Irwell and Bolton Road, W along Bolton Road, then N along Helmshore Rd (B6214) and W along Walshaw Road, High Street, Bentley Hall Road and in a straight line to the Bolton-Bury District Boundary.",,,PA,draft,,,a3/G004G009_20170602_A3.pdf
464,"2017-06-03 22:09:58",20170602,1,G023,10,"From the point where Bolton-Bury District boundary crosses Bury New Road, E along Bury New Road, and Bury and Bolton Road to its junction with Watling Street, then SE by a beeline  through Elton Reservoir, including Higher Spenmoor Farm, but excluding Cygnet Hospital (Bury), then NE to Hinds Lane and E by a beeline to and S along River Irwell, to its confluence with River Roch. N by River Roch to its confluence with and E along Hollins Brook, crossing Croft Lane and M66 Motorway, then along Whittle Brook to M62 Motorway and S to junction 18, then along M60  to the railway just before Junction 17. N along the railway, then W along Moss Lane, Pinfold Lane, Park Lane Philips Park Road West to its end at Hill Crest and by a beeline to and along M60 Motorway to and N along Salford-Bury District Boundary and Bolton-Bury District Boundary to 353 Ringley Rd W, N by a bee-line to Manchester Bury and Bolton Canal, including all Mount Sion Road, W along the canal to and N along Bolton – Bury District Boundary to its crossing with Bury New Road.","Former boundary between St Mary with St Philip Neri and St Michael with St Bernadette",,,"From the confluence of River Irwell and River Roch, S by River Irwell and by a beeline to Radcliffe New Road, crossing the railway and through Hollinhurst Playing Fields, including Jubilee Ave, Oak Street and Beech Street to the junction of Stand Lane and Chapelfield and by the N and W boundaries of Stand Golf Course to and W along Ringley Road and Ringley Road West to its junction with Wood Street.",,,PA,draft,,,a3/G012G014_20170602_A3.pdf
465,"2017-06-24 22:44:00",20170507,1,H002,3,"From the roundabout at Junction 6, along the slip road to and S along the M65 Motorway to Lower Spew Spout Farm then S by the Hyndburn  - Blackburn with Darwen District Boundary to Belthorn Road (but excluding Belthorn Village) SW to the bend at Tower View W by a straight line passing north of Bank Fold Farm  and N of New Waterside Paper Mill and by the stream to Davy Field Bridge at the M65, and by Roman Road to its junction Blackamoor Road north by Roman Road to Brandy House Brow and west by Park Lee Road Lyndhurst Road Pritchard St and Longshaw Lane to and along Bolton Road and north to the Railway Station to Cicily Lane and Cicily Street to the Leeds and Liverpool Canal. By the canal to Hardwood Street to its junction with Stanley Street. Then by a straight beeline to and along the railway to Whitebirk Drive, S to the roundabout at Junction 6 of the M65 Motorway.",,,,,,,LP,draft,,,a3/H002_20170624_A3.pdf
466,"2017-06-24 22:44:00",20170507,1,H011,6,"From Duddel Brook passing Dean Brown, E along Dean Brown then, Starling Brook and W along River Ribble, then SW to Salesbury Hall and in a straight line to Salloms OS665342, NW to Catterall and Lower Madgell Bank, W by River Ribble to and along diocesan boundary to Spade Mill Reservoir, then W along Lower Rd, Clitheroe Rd and Dean Brown to its crossing with Duddel Brook.",,,,,,,LP,draft,,,a3/H011_20170624_A3.pdf
467,"2017-06-24 22:44:00",20170507,1,H015,4,"M65 Motorway and westerly by the motorway to the Diocesan boundary and N following the River Roddlesworth to its confluence with the River Darwen and upstream along the River Darwen otherwise the Blackburn with Darwen – Chorley district boundary,  to its confluence with the Alum House Brook andnorth east to Arley Brook otherwise the Blackburn with Darwen – Ribble Valey district boundary to but excluding Arley Farm and southward by the tracks passing by but including Westholme School and across Meins Road to Billinge End Road. Eastwards along Billinge End Road to and along Killards Lane and the track to Under Billinge Lane and by this lane, Lawley Road and Billinge Avenue (both ofwhich are wholly in the parish of the Sacred Heart and St Anne) to and along Buncer Lane to its junction with Wensley Road. From the junction of Wensley Road and Buncer Lane, by a straight line across Witton Park to the Feniscliffe bridge where Preston Old Road crosses the River Darwen. Along Preston Old Road and St Francis Road (both sides) to its junction with Feniscliffe Drive, then by the track south-easterly crossing over the railway to the Leeds and Liverpool Canal. Then westerly by the canal to the bridge between Cherry Tree Lane and Beechwood Drive, and by Beechwood Drive (both sides) to Livesey Branch Road. Then by a straight line from between 531 and 533 Livesey Branch Road to the junction of Horden Rake and Brokenstone Road, excluding Horden Farm, and along the track via Fowler Fold but excluding Lower Whitehalgh Farm to Stockclough Lane and southerly by this lane to the M65 Motorway.",,,,,,,LP,draft,,,a3/H015_20170624_A3.pdf
468,"2017-06-24 22:44:00",20170507,1,H028,3,"From the roundabout at Junction 6, along the slip road to and S along the M65 Motorway to Lower Spew Spout Farm, then S by the Hyndburn  - Blackburn with Darwen District Boundary to Belthorn Road (but excluding Belthorn Village) SW to the bend at Tower View W by a straight line passing north of Bank Fold Farm  and N of New Waterside Paper Mill and by the stream to Davy Field Bridge at the M65,N along Roman Road west along Stopes Brow, Rakes Bridge, Fore Street, by the River Darwen to Bolton Road and north to the Railway Station to Cicily Lane and Cicily Street to the Leeds and Liverpool Canal. By the canal to Hardwood Street to its junction with Stanley Street.  Then by a straight beeline to and along the railway to Whitebirk Drive, S to the roundabout at Junction 6 of the M65 Motorway.","Former boundary between Holy Family and Our Lady of Perpetual Succour",,,"From the junction with Blackamoor Road north by Roman Road to Brandy House Brow and west by Park Lee Road Lyndhurst Road Pritchard St and Longshaw Lane to Ewood Bridge.",,,PA,draft,,,a3/H002H006_20170624_A3.pdf
469,"2017-06-24 22:44:00",20170507,1,H029,4,"M65 Motorway and westerly by the motorway to the Diocesan boundary and N following the River Roddlesworth to its confluence with the River Darwen and upstream along the River Darwen otherwise the Blackburn with Darwen – Chorley district boundary,  to its confluence with the Alum House Brook andnorth east to Arley Brook otherwise the Blackburn with Darwen – Ribble Valey district boundary to but excluding  Arley Farm and southward by the tracks passing by but including Westholme School and across Meins Road to Billinge End Road. Eastwards along Billinge End Road to and along Killards Lane and the track to Under Billinge Lane and by this lane, Lawley Road and Billinge Avenue (both of which are wholly in the parish of the Sacred Heart and St Anne) to and along Buncer Lane to its junction with Wensley Road then along Wensley Road, Garden Street, Bank Top, Whalley Banks, King Street, Astley Gate, Church Street and Railway Street to Blackburn Station; then south easterly by the railway line to Darwen Bridge and along Great Bolton Street and Bolton Road to the River Darwen. From the River Darwen along Sandy Lane (both sides in the Sacred Heart and St Joseph parish Darwen) to Bolton Road and westerly by the M65 to the Diocesan boundary, the Blackburn with Darwen – Chorley district boundary.","Former boundary between St John Vianney and St Peter in Chains","Former boundary between St Peter and SS Mary and John","Former boundary between St John Vianney and Ss Mary and John","From crossing of M65 Motorway and Stockclough Lane, along Stockclough Lane and  a track via Fowler Fold, but excluding Lower Whitehalgh Farm to the junction of Horden Rake and Brokenstone Road, excluding Horden Farm and by a straight line to between 531 and 533 Livesey Branch Road, then by a beeline to and along Beechwood Drive and Leeds and Liverpool Canal to the point opposite Amberwood Drive.","From Leeds and Liverpool Canal (opposite Amberwood Drive), then N to and along St Francis Road, Preston Old Road to its junction with an unnamed road N of river Darwen, and by a beeline to the junction of Buncer Lane and Wensley Road.","From Bolton Road junction with Longshaw Lane, along Bolton Road to its junction with and N along Aqueduct Road, then W along Leeds and Liverpool Canal (opposite Amberwood Drive).",PA,draft,,,a3/H015H023H024_20170624_A3.pdf
470,"2017-06-24 22:44:00",20170507,1,H031,6,"From Fair Snape Fell cairn OS 598472, E to Red Syke stream to Burholme Bridge OS658479, S by River Hodder to Armrydding OS675428, SW by the stream to Wallbanks and Barracks to the Trigonometric Point at Spire Hill on Longridge Fell OS658411, S passing between Lennox Farm and Plantation farm the Goodshaw House passing to the E of Dutton Manor to Dean Brow on the B6243, E to Starling Bridge and SE by Strarling Brook to the River Ribble, SW to Salesbury Hall and in a straight line to Salloms OS665342, NW to Catterall and Lower Madgell Bank, W by River Ribble to confluence of stream by Red Bank, NW by this stream (ie. along the Diocesan Boundary = the Hundred of Blackburn boundary) by Parsonage Wood, N to Eastoughs Farm, Falicon farm and Simmy Nook to a boundary stone at Page Brook and the SE corner of Spade Hill reservoir OS622373, W along Knowle Green Road to junction of Dilworth Land and Lower Lane, W in a straight line to junction of King St. and Berry Lane, W in a straight line along Fleet Street and Alexandra Road, to W side of Windsor Road, N in a straight line to junction of Inglewhite Road and Chipping Lane, to NW corner of the Cricket Ground OS591391, NE to river Loud at Gill Bridge, N to Loud Higher Bridge, Lodge Bridge, Brown Brook Farm, watery Gate, NE near Higher Brock Mill, over Parlick moor, to Fair Snape Fell cairn OS 598472.","Former boundary between St Mary, Chipping and St Wilfrid","Former boundary between St Wilfrid and Ss Peter and Paul",,"From the crossing of River Loud and Loud Bridge Road, Height Lane, Mill Lane, Hesketh Lane  and Forty Acre Lane by Jeffrey Hill, then by a track north-easterly via Spire Hill towards Hare Hill, then by a bee-line and track northwards along track to Longridge Fell  Trigonometric Point at Spire Hill on Longridge Fell OS658411","From diocesan boundary at Spade Mill Reservoir, then W along Lower Rd, Clitheroe Rd and Dean Brown to its crossing with Duddel Brook.",,PA,draft,"Nota Bene","This description of parish boundaries outlines that area which lies within the Diocese of  Salford as defined by the ancient boundary of the Hundred of Blackburnshire. The Parish Priest, however, has traditionally provided pastoral care, with Ecclesiastical Approval, for some adjacent areas of Lancaster Diocese.",a3/H011H017H025_20170624_A3.pdf
471,"2017-06-24 22:44:00",20170507,1,H034,12,"From the confluence of the River Ribble and the River Calder at Hacking Hall, by River Ribble to its confluence with the brook between Shuttleworth Farm and ‘Fishes and Peggy Hill’. SE  in a straight line (excluding Standen Hey Farm but including Barrow Gardens) to the junction of  Whalley Road with the A671 and the A59. SE by a straight line to the trigonometry pillar 315m  near Jeppe Knave Grave,  SW to the road at Wiswell Moor Houses  and by this road to the track to Lower Clerk Hill Farm, 
SE  along Sabden Brook  to Read Old Bridge crossing Old Roman Road and to Read New Bridge crossing A671 to its confluence with the River Calder. From Cock Bridge  crossing A680 downstream to its confluence with Dean Brook  NW by Heys Farm and Berrys Lane to Shawcliffe Lane. SW  along the Ribble Valley / Hyndburn civil boundary, to  York Road,  Rishton Road and N along Hollowhead Lane,  crossing Whalley New Road A666 then along  Ribchester Road B6245. SW at Clayton Hey Farm and by the footpath W of the Sewerage Works. W by Showley Brook to and S by Saccary Lane, Zechariah Brow  and Barker Lane. W by Arley Brook and the Ribble Valley - Blackburn with Darwen civil boundary  crossing Preston New Road A677 just north of Yew Tree Drive A6119  to the Ribble Valley - Blackburn with Darwen civil boundary then to the Ribble Valley - South Ribble civil boundary to where it crosses Further Lane near Alum Scar Lane then by a  straight line north to Higher Barn Farm (presently KFC takeaway) crossing Preston New Road by a straight line NW  across Samlesbury airfield to meet the Ribble Valley - South Ribble civil boundary  at Myerscough Smithy on the A59, then by Ribble Valley - South Ribble civil boundary to the River Ribble at Spring Wood upsteam to the confluence with the River Calder at Hacking Hall.","Former boundary between English Martyrs and St Mary, Langho","Former boundary between  St Mary, Langho and St Mary Osbaldeston",,"From the boundary stone on Shawcliffe Lane  to the lane from Whalley Old Rd and to the junction of Elker Lane and Whalley New road (Pasturelands Drive being in English Martyrs) to the bridge over the A59,thence by a bee-line N to the weir opposite the sewage works on the River Calder. By this to its confluence with the River Ribble","Ribchester Road B6245",,PA,draft,,,a3/H001H018H019_20170624_A3.pdf
472,"2017-06-25 17:56:11",20170507,1,D017,5,"From the interchange of the M65 Motorway and Dunkenhalgh Way westwards along the M65 Motorway to the Blackburn with Darwen and Hyndburn boundary and by this boundary to and along the A6177 Elton Road to the Hyndburn and Rossendale boundary and by this boundary via Thirteen Stone Hill to the line of the former Haslingden -Accrington railway line; then by the permitted bridleway that runs along the former track-bed of the former Haslingden -Accrington railway line to a point by the junction of Bath Street and Riley Street (both sides in St Anne''s parish) and by a bee-line to the junction of Ormerod Street and Willows Lane and along Willows Lane to Blackburn Road, then west along Blackburn Road to Park Road, and by Park Road (both sides being in St Anne''s parish) to Hyndburn Road, and westwards along Hyndburn Road and Dunkenhalgh Way to the interchange with the M65 Motorway.",,,,,,,LP,draft,,,a3/D017_20170624_a3.pdf
473,"2017-06-25 17:56:11",20170507,1,D011,6,"These might be described as follows: From Hoof Stones Height on the Lancashire - Yorkshire boundary OS915291, by a beeline to and along Noah Dale Water, Jack Bridge OS 962282, Blackshaw Head, Hippins Clough crossing Halifax Road at Eastwood to the River Calder OS970262. Upstream by the River Calder to its confluence with Stoodley Clough OS965252 and by this clough to and S along the ancient parish boundary to Stoodley Pike, Withins Gate, Little Holder Stones OS969213 then Turvin Clough OS980202 then upstream to a stream junction OS977194 and N across the middle of White Holme Reservoir to the Lancashire and Yorkshire boundary at White Holme Moss OS968204 and W crossing the Rochdale Road at Warland OS945202 thenW and N by this oundary
Crossing the Burnley Road at Portsmouth OS898263 and N to Hoof Stones Height.",,,,,,,LP,draft,Comment,"In line with a 1914 agreement between the Leeds and Salford dioceses, the boundaries of St Joseph''s would be those of the Borough of Todmorden as incorporated in 1896, or after its dissolution in 1974, the boundaries of today''s Todmorden Town Council.",a3/D011_20170624_a3.pdf
474,"2017-07-13 22:02:22",20170628,1,E006,5,"From the junction of Lees Road and Lily Lanes, E along Lily Lanes to its junction with unnamed road leading to Knott Hill Farm. Then by a bee-line crossing Mossley Road and Luzley Road to Manchester Road (A635). Then S along that road and diocesan boundary (River Tame), to its crossing with Clarence Street. Then N along Clarence Street, the middle of Stamford park, W along Darnton Road to its junction with Arundel Street. Then W by a bee-line to the junction of Montague Road and Curzon Road and W along Curzon Road, Ladbrooke Road, Broadoak Road, Wood Lane, Gambrel Bank Road, Holland Grove, to and along Aston to Oldham Greenway to the point opposite  Lees Road and Lily Lanes junction, and by a bee-line to that junction.",,,,,,,LP,draft,,,a3/E006_20170628_a3.pdf
475,"2017-07-13 22:02:22",20170628,1,E007,4,"From the junction of Esther Street and Greenacres Road, E along Greenacres Road and then by Saddleworth civil parish boundary to the SE border of Waterhead Academy and by a bee-line E to the Saddleworth civil parish boundary by Hollins Avenue, and by that boundary (which is also diocesan boundary) to the junction of Hartshead Street and South Hill. W by Thornley Brook to Holt Lane and by a bee-line N, then W to Roundthorn Road (excluding all of Ferndale Close and Coverham Avenue estate). Then N by Roundthorn Road, Brewerton Road, Clarksfield Road and Esther Street to its junction with Greenacres Road.",,,,,,,LP,draft,,,a3/E007_20170628_a3.pdf
476,"2017-07-13 22:02:22",20170628,1,E009,6,"From the junction of Rhodes Hill and South Hill, E along Saddleworth Civil Parish boundary and the diocesan boundary (including Mossley Road, Stamford Street, Arundel Street, AFC Mossley and King George Fields in St Joseph’s parish) to the footbridge on River Tame, near The Hoho restaurant. W by a bee-line and N border of Ashton-under-Lyne Golf Club to the junction Lily Lanes and unnamed road leading to the Golf Club fields, SW by Lily lanes to its junction with Lees Road and by a straight line W to Ashton to Oldham Greenway. N along the Greenway and then by a bee-line to the junction of Park Brigde Road and Alt Hill Lane and to the River Medlock and Oldham – Tameside District boundary. N by that boundary and by a beeline to the point opposite St Martin’s CoE Junior School, and E by a straight line, crossing Alt Lane and River Medlock to Lees Road. N by Lees Road to River Medlock, Holts Lane and Thornley Brook to the junction of Rhodes Hill and South Hill.",,,,,,,LP,draft,,,a3/E009_20170628_a3.pdf
477,"2017-07-13 22:02:22",20170628,1,E013,1,"From the roundabout junction of Chadderton Way, Oldham Way and Featherstall Road South (A6048), N along A6048, Rochdale Road, Crompton Street, to its junction with Godson Street. NE by a bee-line through Oldham Edge to Higginshaw Lane (including Milne Street, but excluding Meek street) and to and S along the railway to Lees Road and by a bee-line to the footpath S of Oldham Road to Waterloo Road, Woodstock Street, Park Road and by a bee-line to Scottfield Road (including all of Eldon Street and Webster Street). Then S along Scottfield Road, Belgrave Road, to the junction with a road leading to Meldrum Street, and by a bee-line NE to the Kind’s Road. SE along King’s Road and by Snipe Clough to and along Oldham – Tameside District boundary, to Valley Farm. Then N along the Road leading to Valley Farm and crossing Knott Lane by a bee-line to the junctionof Green Lane and Fairfields. Then along Fairfields, North Gate, Hollins Road to its junction with Frederick Street. Then by Frederick Street, Manchester Street,  Featherstall Road South to the roundabout.","Former boundary between St Mary with St Patrick and Holy Rosary",,,"From the junction of Frederick Street and Hollins Road, E along Hollins Road, Copster Hill Road, Schofield Street, Ashton Street, Villa Road, Belgrave Road,  and by a straight line to King’s Road.",,,PA,draft,,,a3/E012E020_20170628_a3.pdf
478,"2017-07-13 22:02:22",20170628,1,E016,5,"From the point where Oldham – Tameside District boundary crosses M60 Motorway, E along that boundary to the point opposite junction of Park Bridge Road and Waggon Road. Then by a bee-line to Aston to Oldham Greenway. S by the Greenway  to the point opposite  Lees Road and Lily Lanes junction and by a E by a bee-line to that junction. E along Lily Lanes to its junction with unnamed road leading to Knott Hill Farm. Then by a bee-line crossing Mossley Road and Luzley Road to Manchester Road (A635).  S, and then W along River Tame (diocesan boundary) to the point where it meets Ashton Street, near Ashton Street junction with Gate Street. Then W by a bee-line to the S end of Mount Pleasant Street and by a bee-line between Nelson Street and Poplar Steet, across the railway to and NW along Groby Road. Then by a bee-line to the railway and by a straight line to the point opposite Park Road. Then N to and along Park Road, Manchester Road and the M60 Motorway junction 23. Then N along the Motorway to the point where it meets  Oldham – Tameside District boundary.","Former boundary between St Mary of the Angels and St Christopher",,,"From the point where River Tame crosses Clarence Street, then N along Clarence Street, the middle of Stamford park, W along Darnton Road to its junction with Arundel Street. Then W by a bee-line to the junction of Montague Road and Curzon Road and W along Curzon Road, Ladbrooke Road, Broadoak Road, Wood Lane, Gambrel Bank Road, Holland Grove, to and along Aston to Oldham Greenway to the point opposite  Lees Road and Lily Lanes junction.",,,PA,draft,,,a3/E006E011_20170628_a3.pdf
479,"2017-07-13 22:02:22",20170628,1,E018,8,"From the M60 Motorway junction 22, E along Hollins Road (A6104), to its junction with North Gate. S along North Gate, Fairfields, then by a beeline across Wood Park Clough to the junction of Crime Lane, Knott Lanes and unnamed road by Riversvale Farm. Along the unnamed road to the Tameside – Oldham District boundary and River Medlock. E along River Medlock to the railway bridge and by the railway to Millstream Lane. Then N by Manchester – Oldham District boundary (going through Donleigh street) to Gaskell Street, by a beeline NW to the Rochdale Canal and by that canal to Oldham Road and by Oldham Road to the M60 Motorway junction 22.","Former boundary between Immaculate Conception and Holy Family",,,"M60 Motorway",,,PA,draft,,,a3/E019E021_20170628_a3.pdf
486,"2017-07-13 22:15:14",20170628,1,F001,9,"From the point where Borsdane Brook crosses Dicconson Lane, S along the Brook, including Mill Lane and Millbrook Close in the Holy Family parish. Then along the diocesan boundary to the point where it crosses New Road, and by a bee-line SE to and E along Wigan Road, Bolton Road to its junction with Hall Lane, by a bee-line to Borsdane Brook and by that brook to the point where it crosses Dicconson Lane.",,,,,,,LP,draft,,,a3/F001_20170628_a3.pdf
487,"2017-07-13 22:15:14",20170628,1,F003,9,"From Blackrod Station, SE by the railway to the bridge that goes over it and by a bee-line across the fields to the Wigan – Bolton District boundary. Along that boundary to the point it meets Borsdene Brook and then by a bee-line to the junction of Bolton Road and Hall Lane. W along Bolton Road and Wigan Road to the point where diocesan boundary crosses New Road (near Mowpin Lodge). N by that boundary (along the footpath) to Haigh Road , Toddington Lane, past, but excluding  Freezeland Farm (along Haigh Civil Parish boundary) to and W along Wigan – Bolton District boundary and Chorley – Bolton boundary to the railway, and SE along the railway to Blackrod station. ",,,,,,,LP,draft,,,a3/F003_20170628_a3.pdf
488,"2017-07-13 22:15:14",20170628,1,F009,10,"From the junction of High Street and Bridgeman Street, SW along Bridgeman Street, S along Adelaide Street and by a beeline to and SW along Ellesmere Road, Moors Green Lane, Sapling Road, Smethurst Lane to Plodder Lane. E along Plodder Lane, Watergate Lane to M61 Motorway junction 4 and W along the Motorway, past junction 5 and by a beeline N including all of Winslow Road Estate, to the junction of Tempest Road and Junction Road West, N along Rumworth Road to Lostock station and E along the railway to the point opposite Gilnow Lane, and S along Gilnow Lane to and E along Deane Road, Cannon Street, Derby Street and Hight Street to its junction with Bridgeman Street.",,,,,,,LP,draft,,,a3/F009_20170628_a3.pdf
489,"2017-07-13 22:15:14",20170628,1,F018,12,"From the point where Bolton – Salford District crosses M61 Motorway, S along the district boundary to and W along Wigan – Bolton boundary, then by W boundary of Westhoughton Civil Parish to and E along the M61 Motorway to the point where it crosses Bolton-Slaford District boundary.",,,,,,,LP,draft,"The Civil Parish boundary can be described as follows:","From the point on the Bolton - Salford District boundary, opposite Oxford Road and by a bee-line N including Rawsthorne Wood and Markland plantation and excluding Brancker Street, crossing Manchester Road (A6) and Punch Lane to M61 Motorway (excluding junction 5 slip roads). ",a3/F018_20170628_a3.pdf
490,"2017-07-13 22:15:14",20170628,1,F024,9,"From Blackrod Station, SE by the railway to the bridge that goes over it and by a bee-line across the fields to the Wigan – Bolton District boundary. Along that boundary and S along the Brook, including Mill Lane, Mill Courst and Millbrook Close in the Holy Family parish. Then along the diocesan boundary to the footpath near Mowpin Lodge, N along the footpath to Haigh Road , Toddington Lane, past, but excluding  Freezeland Farm (i.e. along Haigh Civil Parish boundary) to and W along Wigan – Bolton District boundary and Chorley – Bolton boundary to the railway, and SE along the railway to Blackrod station. ","Former boundary between Holy Family and Our Lady of Immaculate Conception",,,"From the diocesan boundary near Mowpin Lodge, by a bee-line to Wigan Road, along Wigan Road and Bolton Road to its junction with Hall Lane and by a bee-line to Borsdane Brook.",,,PA,draft,,,a3/F001F003_20170628_a3.pdf
491,"2017-07-13 22:15:14",20170628,1,F025,10,"From the junction of Hight Street and Brigdeman Steet, NE along Bridgeman Street to the railway. S along the railway to the point opposite Ashby Close. By a beeline to Lower Doe Hey Reservoir (exluding Ashby Close), W along the middle of Lower and Higher Doe Hey Reservoir and Doe Hey Brook to Slack Fold Lane and by a beeline to and N along Smethurst Lane to Plodder Lane. E along Plodder Lane, Watergate Lane to M61 Motorway junction 4 and W along the Motorway, past junction 5 and by a beeline N including all of Winslow Road Estate, to the junction of Tempest Road and Junction Road West, N along Rumworth Road to Lostock station and E along the railway to the point opposite Gilnow Lane, and S along Gilnow Lane to and E along Deane Road, Cannon Street, Derby Street and Hight Street to its junction with Bridgeman Street.","Former boundary between St Ethelbert and St William of York",,,"From the junction of High Street and Bridgeman Street, SW along Bridgeman Street, S along Adelaide Street and by a beeline to and SW along Ellesmere Road, Moors Green Lane, Sapling Road, Smethurst Lane to the point opposite  Top O’ Th’ Height Farm.",,,AA,draft,,,a3/F009F019_20170628_a3.pdf
492,"2017-07-29 13:17:29",20170729,1,D002,11,"From junction of Blackburn Old Road and Wilpshire Road,  N along Wiplshire Road, York Road to and E along Ribble Valley – Hyndburn District boundary bend on Shawcliffe Lane near  Hill Side,  then by a beeline to and SE along River Calder crossing A680 Whalley Road, to its confluence with Hyndburn Brook, and SW along the that brook to the point opposite Barons Way, then W by Norden Brook, Lee Lane, N by Wilpshire Road to its junction with Blackburn Old Road.",,,,,,,LP,draft,,,a3/D002_20170729_a3.pdf
493,"2017-07-29 13:17:29",20170729,1,D004,11,"From the point where Hyndburn Brook crosses M65 Motorway, near junction 7. W along the M65 Motorway to junction 6 Whitebirk roundabout N along Whitebirk Drive A6119 to and by the Leeds and Liverpool Canal N to Side Beat Bridge N by the Hyndburn – Blackburn with Darwen civil boundary to and by Whalley Old Road, Then E by Wilpshire Road, Lee Lane, Norden Brook to the point opposite Barons Way, and by a beeline to and E along Hyndburn Brook to its confluence with River Calder.",,,,,,,LP,draft,,,a3/D004_20170729_a3.pdf
494,"2017-07-29 13:17:29",20170729,1,D023,11,"From Cock Bridge, Whalley Road A680, E by the River Calder to its confluence with Shorten Brook at Altham Bridge on Burnley Road A678 S by Shorten Brook to the M65 Motorway (junction 8) SW by Clough Brook and Whinney Hill Road via and including Sankey House Farm Caravan site from the bend in Whinney Hill Road by a straight line to Haworth Street, Whalley Road along First Avenue (including both sides) to the junction of First Avenue and Dill Hall Lane W by a straight line to the centre of the M65 interchange junction 7 with the A6185 Dunkenhalgh Way  W along the M65 Motorway to junction 6 Whitebirk roundabout N along Whitebirk Drive A6119 to and by the Leeds and Liverpool Canal N to Side Beat Bridge N by the Hyndburn – Blackburn with Darwen civil boundary to and by Blackburn Old Road N to Wilpshire Road and along York Road  NE to the footpath parallel to Whalley Old Road to Shawcliffe Lane and the boundary stone. SE by a straight line to the confluence of Dean Brook and the River Calder S by the River Calder to Cock Bridge, Whalley Road A680.","Former boundary between St Mary and St Charles","Former boundary between St Mary and St Hubert with St Wulstan","Former boundary between St Hubert and St Wulstan and St Charles","Hyndburn Brook","Hyndburn Brook","Then E by Wilpshire Road, Lee Lane, Norden Brook to the point opposite Barons Way, and by a beeline to and E along Hyndburn Brook to its confluence with River Calder.",PA,draft,,,a3/D002D004D016_20170729_a3.pdf
495,"2017-07-29 13:17:29",20170729,1,H003,2,"By Lammack Road north crossing Ramsgreave Drive A6119, and Barker Lane to the junction with Zechariah Brow and Higher Ramsgreave Road, N by Saccary La. and Anderton House, NW by Showley Brook and footpath S of Clayton Hey Farm, SE by Ribchester Rd., crossing Whalley Road A666 by Hollowhead Lane, Rishton Road, Blackburn Old Road to the Hyndburn – Blackburn with Darwen Boundary, and E by a footpath running parallel to and between Whalley Old Road and Cunliffe Road, N by Brownhill Drive, W by Clarendon Road, Whalley New Road, then W by a line behind 96 Openshaw Drive and by the Openshaw Drive, Pleck Farm Avenue, and across the playing fields of the new estate to Lammack Road.",,,,,,,LP,draft,,,a3/H003_20170729_A3.pdf
496,"2017-07-29 13:17:29",20170729,1,H018,12,"From the boundary stone on Shawcliffe Lane SW  along the Ribble Valley / Hyndburn civil boundary, to  York Road,  Rishton Road and N along Hollowhead Lane, crossing Whalley New Road A666 then along  Ribchester Road B6245 and W along River Ribble.",,,,,,,LP,draft,,,a3/H018_20170729_A3.pdf
497,"2017-07-29 13:17:29",20170729,1,H027,2,"From Blackburn Railway Station, along Railway Road, Ainsworth Street, Barbara Castle Way, Preston New Road, East Park Road, Brantfell Road and via the steps to and along Revidge Road,  Paignton Road and by a beeline to and N along Lammack Road, crossing Ramsgreave Drive A6119 and Barker Lane to the junction with Zechariah Brow and Higher Ramsgreave Road, N by Saccary Lane and Anderton House, NW by Showley Brook and footpath S of Clayton Hey Farm, SE by Ribchester Road, crossing Whalley Road A666 by Hollowhead Lane, Rishton Road, Blackburn Old Road to the Hyndburn – Blackburn with Darwen Boundary, S along this boundary to the Leeds and Liverpool Canal and by the canal to the railway line and by the railway line to a point opposite Harwood Street, then by Harwood Street to and along the Liverpool and Leeds Canal to Cicely Street and by Cicely Lane to and along the railway to Blackburn Railway Station.","Former boundary between St Alban and Holy Souls",,,"From Lammack Road SE across the playing fields to the new estate, including Swallowfields and Curlew Close but excluding Kingfisher Close and Aspinall Fold and by the footpath south of 53 Pleckgate Road to Pleckgate Road and by Pleck Farm Avenue and Openshaw Drive to the “circle” and then by a line behind 96 Openshaw Drive to Whalley New Road by the Skew Bridge, including Sycamore Road and Sycamore Close but excluding Briar Road and Rosewood Avenue, and by Clarendon Road to and along Brownhill Drive to and along the footpath running parallel to and between Whalley Old Road and Cunliffe Road",,,AA,draft,,,a3/H003H012_20170729_A3.pdf
498,"2017-07-29 13:17:29",20170729,1,H034,12,"From the confluence of the River Ribble and the River Calder at Hacking Hall, by River Ribble to its confluence with the brook between Shuttleworth Farm and ‘Fishes and Peggy Hill’. SE  in a straight line (excluding Standen Hey Farm but including Barrow Gardens) to the junction of  Whalley Road with the A671 and the A59. SE by a straight line to the trigonometry pillar 315m  near Jeppe Knave Grave,  SW to the road at Wiswell Moor Houses  and by this road to the track to Lower Clerk Hill Farm, 
SE  along Sabden Brook  to Read Old Bridge crossing Old Roman Road and to Read New Bridge crossing A671 to its confluence with the River Calder. From Cock Bridge  crossing A680 downstream to its confluence with Dean Brook  NW by Heys Farm and Berrys Lane to Shawcliffe Lane. SW  along the Ribble Valley / Hyndburn civil boundary, to  York Road,  Rishton Road and N along Hollowhead Lane,  crossing Whalley New Road A666 then along  Ribchester Road B6245. SW at Clayton Hey Farm and by the footpath W of the Sewerage Works. W by Showley Brook to and S by Saccary Lane, Zechariah Brow  and Barker Lane. W by Arley Brook and the Ribble Valley - Blackburn with Darwen civil boundary  crossing Preston New Road A677 just north of Yew Tree Drive A6119  to the Ribble Valley - Blackburn with Darwen civil boundary then to the Ribble Valley - South Ribble civil boundary to where it crosses Further Lane near Alum Scar Lane then by a  straight line north to Higher Barn Farm (presently KFC takeaway) crossing Preston New Road by a straight line NW  across Samlesbury airfield to meet the Ribble Valley - South Ribble civil boundary  at Myerscough Smithy on the A59, then by Ribble Valley - South Ribble civil boundary to the River Ribble at Spring Wood upsteam to the confluence with the River Calder at Hacking Hall.","Former boundary between English Martyrs and St Mary, Langho","Former boundary between  St Mary, Langho and St Mary Osbaldeston",,"From the boundary stone on Shawcliffe Lane  to the lane from Whalley Old Rd and to the junction of Elker Lane and Whalley New road (Pasturelands Drive being in English Martyrs) to the bridge over the A59,thence by a bee-line N to the weir opposite the sewage works on the River Calder. By this to its confluence with the River Ribble","Ribchester Road B6245",,PA,draft,,,a3/H001H018H019_20170729_A3.pdf
499,"2017-09-18 23:00:46",20170918,1,A037,15,"From the junction of Pottery Lane and Hyde Road, E along Hyde Road, Kirkmanshulme Lane, Pink Bank Lane, (including Woodhill Close, Totland Close, Calbourne Close, Newsham Walk, Cullercoats Walk, Wylam Walk, Specton Walk), Longsight Road, Mount Road,  Sandford Lane, Nelstrop Lane North and then by a beeline between Wilsthorpe Grove (St Mary’s parish) and Simon Freeman Close (St Joseph’s, Reddish parish) to and along Norfolk Avenue, Wellington Road North, Crossley Road, Grangethorpe Drive, N along Kingsway, Mossley Road and Birchfields Road, Birch Hall Lane, Stamford Road, Stockport Road, Stanley Grove to and N along the railway to and NE along Kirkmanshulme Lane to its junction with Hyde Road and Pottery Lane.","Former boundary between St Mary and St Richard",,,"From the junction of Birchfields Road and Old Hall Lane, E along Old Hall Lane, Park Grove to its junction with Stockport Road.",,,LP,draft,,,a3/A037_20170918_a3.pdf
500,"2017-09-18 23:00:46",20170918,1,C020,8,"From the point where Rochdale Canal crosses the railway, near Lord North Street, along the railway to its crossing with Ten Acres Lane, then S along Ten Acres Lane, Bank Bridge Road, Bank Street to the point where it crosses River Medlock. E along River Medlock to the point where it crosses Edge Lane then by a bee-line along W boundary of Sunnybank Park and across School Play Fields to Sunny Bank Road. Then W along Manchester Road, S along Buxton Lane, to and NE along Ashton Canal to Edge Lane. Then S along Edge Lane and W along Wheler Street and Ettrick Street to the end of the road and by a bee-line to Ashton Old Road,  Lees Street to the railway. Then W along the railway through Gorton, Ashburys, Ardwick and Piccadily Stations. Then  W along Fairfield Street, London Road, Piccadilly, Newton Street, Hilton Street, Stevenson Square, Hilton Street, Thomas Street, John Street, Turner Street, High Street, Shudehill, Swann Street, Oldham Road, Poland Street, to and E along Rochdale Canal to the point where it crosses the railway.","Former boundary between St Anne with St Brigid and St Willibrord",,,"Along Ashton canal, Ashton New Road, Bank Street and the footpath to the bridge on River Medlock, then W along River Medlock to its crossing with Bank Street.",,,LP,draft,,,a3/C020_20170918_a3.pdf
501,"2017-09-18 23:00:46",20170918,1,D024,4,"From the M65 Motorway junction  7 with the A6185 Dunkenhalgh Way, by a straight line to the junction of  Dill Hall Lane and First Avenue, then by First Avenue (both sides in St Mary''s Parish, Clayton le Moors) to and by Whalley Road to and along Haworth Street, excluding Epping Av., then by a straight line to the bend in Whinney Hill Road via but excluding  Sankey House Farm Caravan Site and by Whinney Hill Road and Clough Brook to the M65 Motorway, then eastwards by the M65 junction 8  with the A56(T). Then south by the A56(T)  Easterly  By-Pass to the junction with the A679 Burnley Road, by the Hyndburn and Burnley boundary and then westwards by the Hyndburn and Rossendale Boundary crossing the A56(T)  and the A680 (Manchester Road/Blackburn Road) to the line of the former Haslingden -Accrington railway line; then northwards by the cycleway that runs along the former railway to a point by the junction of Bath Street and Riley Street (both in St Anne''s parish) and westwards by a bee-line to the junction of Ormerod Street and Willows Lane and north along Willows Lane to Blackburn Road, then west along Blackburn Road to Park Road, and by Park Road (both sides being in St Anne''s parish) to the A679 Hyndburn Road, and north by the Dunkenhalgh Way to the M65 Motorway junction 7.","Former boundary between St Anne and St Joseph",,"From the junction of the Easterly By-Pass A56 with A679 Burnley Road, then south to the parking lay-by then in a straight line to and along Water Street, Alice Street, Burnley Road, Eastgate, A679 Hyndburn Road to the junction with Park Road.",,,,LP,draft,,,a3/D024_20170918_a3.pdf
502,"2017-09-18 23:00:46",20170918,1,E019,5,"From the point where Oldham – Tameside District boundary crosses M60 Motorway, E along that boundary to the point opposite junction of Park Bridge Road and Waggon Road. Then by a bee-line to Aston to Oldham Greenway. S by the Greenway  to the point opposite  Lees Road and Lily Lanes junction and by a E by a bee-line to that junction. E along Lily Lanes to its junction with unnamed road leading to Knott Hill Farm. Then by a bee-line crossing Mossley Road and Luzley Road to Manchester Road (A635).  S, and then W along River Tame (diocesan boundary) to the point where it meets Ashton Street, near Ashton Street junction with Gate Street. Then W by a bee-line to the S end of Mount Pleasant Street and by a bee-line between Nelson Street and Poplar Steet, across the railway to and NW along Groby Road. Then by a bee-line to the railway and by a straight line to the point opposite Park Road. Then N to and along Park Road, Manchester Road and the M60 Motorway junction 23. Then N along the Motorway to the point where it meets  Oldham – Tameside District boundary.","Former boundary between St Mary of the Angels and St Christopher",,,"From the point where River Tame crosses Clarence Street, then N along Clarence Street, the middle of Stamford park, W along Darnton Road to its junction with Arundel Street. Then W by a bee-line to the junction of Montague Road and Curzon Road and W along Curzon Road, Ladbrooke Road, Broadoak Road, Wood Lane, Gambrel Bank Road, Holland Grove, to and along Aston to Oldham Greenway to the point opposite  Lees Road and Lily Lanes junction.",,,LP,draft,,,a3/E019_20170918_a3.pdf
503,"2017-09-21 23:01:20",20170922,1,A037,15,"From the junction of Pottery Lane and Hyde Road, E along Hyde Road, Kirkmanshulme Lane, Pink Bank Lane, (including Woodhill Close, Totland Close, Calbourne Close, Newsham Walk, Cullercoats Walk, Wylam Walk, Specton Walk), Longsight Road, Mount Road,  Sandford Lane, Nelstrop Lane North and then by a beeline between Wilsthorpe Grove (St Mary’s parish) and Simon Freeman Close (St Joseph’s, Reddish parish) to and along Norfolk Avenue, Wellington Road North, Crossley Road, Grangethorpe Drive, N along Kingsway, Mossley Road and Birchfields Road, Birch Hall Lane, Stamford Road, Stockport Road, Stanley Grove to and N along the railway to and NE along Kirkmanshulme Lane to its junction with Hyde Road and Pottery Lane.","Former boundary between St Mary and St Richard",,,"From the junction of Birchfields Road and Old Hall Lane, E along Old Hall Lane, Park Grove to its junction with Stockport Road.",,,LP,approved,,,a3/A037_20170922_a3.pdf
504,"2017-09-21 23:01:20",20170922,1,C020,8,"From the point where Rochdale Canal crosses the railway, near Lord North Street, along the railway to its crossing with Ten Acres Lane, then S along Ten Acres Lane, Bank Bridge Road, Bank Street to the point where it crosses River Medlock. E along River Medlock to the point where it crosses Edge Lane then by a bee-line along W boundary of Sunnybank Park and across School Play Fields to Sunny Bank Road. Then W along Manchester Road, S along Buxton Lane, to and NE along Ashton Canal to Edge Lane. Then S along Edge Lane and W along Wheler Street and Ettrick Street to the end of the road and by a bee-line to Ashton Old Road,  Lees Street to the railway. Then W along the railway through Gorton, Ashburys, Ardwick and Piccadily Stations. Then  W along Fairfield Street, London Road, Piccadilly, Newton Street, Hilton Street, Stevenson Square, Hilton Street, Thomas Street, John Street, Turner Street, High Street, Shudehill, Swann Street, Oldham Road, Poland Street, to and E along Rochdale Canal to the point where it crosses the railway.","Former boundary between St Anne with St Brigid and St Willibrord",,,"Along Ashton canal, Ashton New Road, Bank Street and the footpath to the bridge on River Medlock, then W along River Medlock to its crossing with Bank Street.",,,LP,approved,,,a3/C020_20170922_a3.pdf
505,"2017-09-21 23:01:20",20170922,1,D024,4,"From the M65 Motorway junction  7 with the A6185 Dunkenhalgh Way, by a straight line to the junction of  Dill Hall Lane and First Avenue, then by First Avenue (both sides in St Mary''s Parish, Clayton le Moors) to and by Whalley Road to and along Haworth Street, excluding Epping Av., then by a straight line to the bend in Whinney Hill Road via but excluding  Sankey House Farm Caravan Site and by Whinney Hill Road and Clough Brook to the M65 Motorway, then eastwards by the M65 junction 8  with the A56(T). Then south by the A56(T)  Easterly  By-Pass to the junction with the A679 Burnley Road, by the Hyndburn and Burnley boundary and then westwards by the Hyndburn and Rossendale Boundary crossing the A56(T)  and the A680 (Manchester Road/Blackburn Road) to the line of the former Haslingden -Accrington railway line; then northwards by the cycleway that runs along the former railway to a point by the junction of Bath Street and Riley Street (both in St Anne''s parish) and westwards by a bee-line to the junction of Ormerod Street and Willows Lane and north along Willows Lane to Blackburn Road, then west along Blackburn Road to Park Road, and by Park Road (both sides being in St Anne''s parish) to the A679 Hyndburn Road, and north by the Dunkenhalgh Way to the M65 Motorway junction 7.","Former boundary between St Anne and St Joseph",,"From the junction of the Easterly By-Pass A56 with A679 Burnley Road, then south to the parking lay-by then in a straight line to and along Water Street, Alice Street, Burnley Road, Eastgate, A679 Hyndburn Road to the junction with Park Road.",,,,LP,approved,,,a3/D024_20170922_a3.pdf
506,"2017-09-21 23:01:20",20170922,1,E019,5,"From the point where Oldham – Tameside District boundary crosses M60 Motorway, E along that boundary to the point opposite junction of Park Bridge Road and Waggon Road. Then by a bee-line to Aston to Oldham Greenway. S by the Greenway  to the point opposite  Lees Road and Lily Lanes junction and by a E by a bee-line to that junction. E along Lily Lanes to its junction with unnamed road leading to Knott Hill Farm. Then by a bee-line crossing Mossley Road and Luzley Road to Manchester Road (A635).  S, and then W along River Tame (diocesan boundary) to the point where it meets Ashton Street, near Ashton Street junction with Gate Street. Then W by a bee-line to the S end of Mount Pleasant Street and by a bee-line between Nelson Street and Poplar Steet, across the railway to and NW along Groby Road. Then by a bee-line to the railway and by a straight line to the point opposite Park Road. Then N to and along Park Road, Manchester Road and the M60 Motorway junction 23. Then N along the Motorway to the point where it meets  Oldham – Tameside District boundary.","Former boundary between St Mary of the Angels and St Christopher",,,"From the point where River Tame crosses Clarence Street, then N along Clarence Street, the middle of Stamford park, W along Darnton Road to its junction with Arundel Street. Then W by a bee-line to the junction of Montague Road and Curzon Road and W along Curzon Road, Ladbrooke Road, Broadoak Road, Wood Lane, Gambrel Bank Road, Holland Grove, to and along Aston to Oldham Greenway to the point opposite  Lees Road and Lily Lanes junction.",,,LP,approved,,,a3/E019_20170922_a3.pdf
507,"2017-10-21 06:17:21",20170704,1,H035,5,"From the Diocesan Boundary E by the M65 Motorway to Bolton Road and NE along Sandy Lane (both sides in the Sacred Heart and St Edward Parish, Darwen) to the River Darwen and along Fore Street, Rakes Bridge and Stopes Brow to Roman Road and S to Davy Field Bridge, passing N of New Waterside Paper Mill and Bank Fold Farm, excluding Belthorn to and along Belthorn Road, Elton Road, then W by Rossendale - Hyndburn district boundary, and S by Blackburn – Rossendale district boundary and W along the north boundary of North Turton civil parish, to and N along diocesan boundary to its crossing with M65 Motorway.","Former boundary between Sacred Heart with St Edward and St Joseph, Darwen",,,"From Davy Field Bridge on the M65 at Roman Road to and along Dandy Row to and along Pot House Lane, Holden Fold to the Office public house, southwest by the public footpath, across Ivinson Road between Number 34 and Number 32, past and to the W of St James’ Church to the Punch Bowl public house, by the Chapels and S by Chapels Brow, Quaker Lane, Cotton Hall Street, under the railway and by the public footpath crossing open land and across the river bridge to Charles Street,across the A666 to and by Vale Street and Tockholes Road (both sides in the Sacred Heart and St Edwards parish), then by footpaths to Ryal Fold and the other Tockholes Road, then by the footpath to the bridge over the River Roddlesworth to the diocesan boundary.",,,LP,approved,,,a3/H035_20170704_A3.pdf
508,"2017-10-21 06:17:21",20170704,1,H036,7,"NE from Apronfull Hill OS778394 by the civil parish boundary to Ogden Clough, and along it to and along the Ribble Valley and Pendle District Boundary over Pendle Hill to the diocesan boundary at Helliwell Wood OS833428. NW by the diocesan boundary across Twiston Moor to the start of Ings Brook W by this brook via Clough Head, Ings End OS815447 to its confluence with Swanside Beck OS785454 and by Smithies Brook to Smithies Bridge on the A59. N by the River Ribble N to Skirden Beck to Grunsagill OS782543. N by the Ribble Valley – Craven Civil boundary to Tosside OS770560 N then W to Ravens Castle or Crowd Stones on Great Harlow Fell OS694613 W and S by the Ribble Valley – Lancaster Civil boundary over Hawthorntwaite Fell to the Ribble Valley – Wyre Civil boundary OS575505 SE to the cairn on Fair Snape Fell W by the Civil boundary with Bowland-with-Leagram to Burholme Bridge OS657479 S by the River Hodder to River Ribble N by the Ribble to a point opposite the confluence of Pig Hill Brook OS723394 SE by a straight line to the junction of the A671 and the A59T and by a second straight line to the 315 trig point near Jeppe Knave Grave OS762380,  then SE by the edge of the wood to and along the track and road past Wiswell Moor Houses to the track at Lower Clerk Farm OS751364, then by the stream to its confluence with Sabden Brook and by Sabden Brook to Old Read Bridge OS752354, then E along Old Roman Road, Back Lane and Stump Hall Road and Haddings Lane past Haddings Head, and right along the unnamed road and track to Spenbrook Road OS822383 and NW by tracks via Bull Hole to Well Head OS816393 on Well Head Road, then by straight lines to Driver Height, Spence Moor and Apronfull Hill.","Former boundary between St Michael with St John and St Mary, Sabden","Former boundary between St Michael with St John and St Hubert",,"By a straight line from crossing of Ribble Valley - Pendle District boundary and Ogden Clough to 376670,438451 near Wymondhouses Farm.","by a straight line from crossing of Ribble Valley - Pendle District boundary and Ogden Clough to 376670,438451 near Wymondhouses Farm.",,LP,approved,,,a3/H036_20170704_A3.pdf
509,"2017-10-21 12:02:05",20171021,1,C021,3,"From the roundabout joining Moston Lane, Charlestown Road and Ainsbrook Avenue, by a bee-line E to and across Colgrove Avenue, to and S along Lightbowne Road and Linford Avenue to the end of the road. Then by a beeline to the junction of Nuthurst Road and Blandford Drive, W along Nuthurst Road, Moston Lane East, to the junction of Moston Lane East and Belgrave Road, and by a bee-line to and W along Moston Brook to the point opposite Broadhurst Primary School and by a bee-line to the junction of St Mary’s Road and Williams Road, N along St Mary’s Road to the railway. W along the railway to and NW along Thorp Road, and along a footpath through Moston Vale to Carisbrook Street and its junction with Conran Street. NE along Conran Street and footpath to and W along Church Lane, Hillier Street to the point opposite Hillier Street North. N along Hillier Street North to and E along Moston Lane and N along Clough Lane to its junction with Glen Avenue, then by a straight line NW to Crowden Road, and W along Crowden Road, Moston Lane to the roundabout.","Former boundary between St Dunstan and St John Vianney",,,"From the point where the railway crosses St Mary’s Road,  N along St Mary’s Road, W along Joyce Street, Arbory Avenue (both sides in St Dunstan parish) to Lightbowne Road, and by a bee-line to and along Millais Street, Moston Lane, Bluebell Avenue to the end of the road. Then by a bee-line to Oak Bank Avenue, Gill Street, Glen Avenue to its junction with Clough Road.",,,AA,draft,,,a3/C021_20171021_a3.pdf
510,"2017-11-10 21:00:59",20190826,1,F026,4,"From the point where Broadhead Road crosses Twitchels Brook, S along Blackburn – Rossendale District boundary, Blackburn - Bury District boundary and Bolton - Bury District boundary to and NW along Arthur Lane, Stitch-Mi-Lane, New Lane, Blair Lane and Thicketford Road. Then  N along Crompton Way (A58) to intersection with railway line at Hall-i-th-Wood and N along the railway line to its crossing with Oaks Lane and then W along Oaks Lane to the River Croal and N along the River Croal to Eagley Brook. NW by Eagley Brook, Eagley Way, Blackburn Road (A666), Eagley Brook, Dewhurst Clough, Delph Brook and by Blackburn – Bolton District boundary to Blackburn Road (A666). N by Blackburn Road to Cadshaw Brook and along northern boundary of North Turton civil parish to the crossing of Broadhead Road and Twitchels Brook.","Former boundary between St Brendan and St John Evangelist",,,"From the confluence of River Croal and Eagley Brook, N to and E along Darwen Road, Turton Road and Printers Lane. Then N along Bradshaw Brook, across Jumbles Reservoir to and N along Blackburn – Bolton District boundary to the point it meets Bury boundary.",,,LP,approved,,,a3/F026_20190826_a3.pdf
511,"2017-12-17 22:36:26",20171215,1,D025,8,"S from Barrowford Road via Moor Isles Clough to its confluence with the River Calder, S by the River Calder to M65 Motorway and W to the  Green Brook S by the brook to the W end of Burnley Cemetery, then by a straight line to Higher Moor and by the Hyndburn - Burnley boundary to Burnley Road (A679) N by the A56(T) to the M65 Motorway  W by the M65 to Shorten Brook and by Shorten Brook to its confluence with the River Calder by Altham Bridge, by the River Calder to Sabden Brook and by Sabden Brook to Read Old Bridge E by Old Roman Road, Back Lane and Stump Hall Road to the junction with Guide Lane at Haddings Head, S by Guide Lane to Barrowford Road. ","Former boundary between St John the Baptist with St Philip and St Mary Magdalene",,,"N from the M65 Motorway by the Green Brook to Knots Lane, and Scott Street, and Crowley Crescent (both sides of all these three streets in St Mary Magdalene''s parish), to Padiham Road and W by Padiham Road to junction with Kiddrow Lane  N by a straight line to the confluence of Whittaker Clough and the River Calder, E bythe River Calder and its confluence with Moor Isles Clough.",,,LP,approved,,,a3/D025_20171215_a3.pdf
512,"2017-12-17 22:36:26",20171215,1,B024,4,"From the junction of Bury Old Road and Singleton Road, E along Bury Old Road, Waterloo Road,  S along Bury New Road and Sherborne Steet West to the end of the road and by a beeline to and W along River Irwell to the point opposite the junction of University Road and Wallness Lane. Then W by the University Road to the railway, and by Salford Crescent – Swinton railway to the point opposite the junction of Barfield Road and Bolton Road and by a beeline N to the Salford Crescent – Clifton railway. By that railway to and E along  Agecroft Road to and S along River Irwell to the point opposite Regatta Street. By a beeline NE to and along South Radford Street, Kingsley Avenue and by a beeline to the River Irwell. E along the River Irwell to the point opposite the junction of Bury New Road and Broom Lane. N along Bury New Road, Park Lane and Singleton Road to its junction with Bury Old Road.","Former boundary between St Thomas of Canterbury and St Sebastian and St Boniface",,,"From the junction of Bury New Road and Broughton Lane along Broughton Lane, Great Clowes Street and the Priory to its junction with Lower Broughton Road. Then by a beeline W to the River Irwell, and N along the river to the point opposite the junction of Bury New Road and Broom Lane.",,,LP,approved,,,a3/B023_20171215_a3.pdf
513,"2017-12-17 22:36:26",20171215,1,F027,10,"From the junction of Hight Street and Brigdeman Steet, NE along Bridgeman Street to the railway. S along the railway to the point opposite Ashby Close. By a beeline to Lower Doe Hey Reservoir (exluding Ashby Close), W along the middle of Lower and Higher Doe Hey Reservoir and Doe Hey Brook to Slack Fold Lane and by a beeline to and N along Smethurst Lane to Plodder Lane. E along Plodder Lane, Watergate Lane to M61 Motorway junction 4 and W along the Motorway, past junction 5 and by a beeline N including all of Winslow Road Estate, to the junction of Tempest Road and Junction Road West, N along Rumworth Road to Lostock station and E along the railway to the point opposite Gilnow Lane, and S along Gilnow Lane to and E along Deane Road, Cannon Street, Derby Street and Hight Street to its junction with Bridgeman Street.","Former boundary between St Ethelbert and St William of York",,,"From the junction of High Street and Bridgeman Street, SW along Bridgeman Street, S along Adelaide Street and by a beeline to and SW along Ellesmere Road, Moors Green Lane, Sapling Road, Smethurst Lane to the point opposite  Top O’ Th’ Height Farm.",,,LP,approved,,,a3/F027_20171215_a3.pdf
514,"2017-12-17 22:36:26",20171215,1,H037,2,"From Blackburn Railway Station, along Railway Road, Ainsworth Street, Barbara Castle Way, Preston New Road, East Park Road, Brantfell Road and via the steps to and along Revidge Road,  Paignton Road and by a beeline to and N along Lammack Road, crossing Ramsgreave Drive A6119 and Barker Lane to the junction with Zechariah Brow and Higher Ramsgreave Road, N by Saccary Lane and Anderton House, NW by Showley Brook and footpath S of Clayton Hey Farm, SE by Ribchester Road, crossing Whalley Road A666 by Hollowhead Lane, Rishton Road, Blackburn Old Road to the Hyndburn – Blackburn with Darwen Boundary, S along this boundary to the Leeds and Liverpool Canal and by the canal to the railway line and by the railway line to a point opposite Harwood Street, then by Harwood Street to and along the Liverpool and Leeds Canal to Cicely Street and by Cicely Lane to and along the railway to Blackburn Railway Station.","Former boundary between St Alban and Holy Souls",,,"From Lammack Road SE across the playing fields to the new estate, including Swallowfields and Curlew Close but excluding Kingfisher Close and Aspinall Fold and by the footpath south of 53 Pleckgate Road to Pleckgate Road and by Pleck Farm Avenue and Openshaw Drive to the “circle” and then by a line behind 96 Openshaw Drive to Whalley New Road by the Skew Bridge, including Sycamore Road and Sycamore Close but excluding Briar Road and Rosewood Avenue, and by Clarendon Road to and along Brownhill Drive to and along the footpath running parallel to and between Whalley Old Road and Cunliffe Road",,,LP,approved,,,a3/H037_20171215_a3.pdf
515,"2017-12-17 22:36:26",20171215,1,C022,3,"From the roundabout joining Moston Lane, Charlestown Road and Ainsbrook Avenue, by a bee-line E to and across Colgrove Avenue, to and S along Lightbowne Road and Linford Avenue to the end of the road. Then by a beeline to the junction of Nuthurst Road and Blandford Drive, W along Nuthurst Road, Moston Lane East, to the junction of Moston Lane East and Belgrave Road, and by a bee-line to and W along Moston Brook to the point opposite Broadhurst Primary School and by a bee-line to the junction of St Mary’s Road and Williams Road, N along St Mary’s Road to the railway. W along the railway to and NW along Thorp Road, and along a footpath through Moston Vale to Carisbrook Street and its junction with Conran Street. NE along Conran Street and footpath to and W along Church Lane, Hillier Street to the point opposite Hillier Street North. N along Hillier Street North to and E along Moston Lane and N along Clough Lane to its junction with Glen Avenue, then by a straight line NW to Crowden Road, and W along Crowden Road, Moston Lane to the roundabout.","Former boundary between St Dunstan and St John Vianney",,,"From the point where the railway crosses St Mary’s Road,  N along St Mary’s Road, W along Joyce Street, Arbory Avenue (both sides in St Dunstan parish) to Lightbowne Road, and by a bee-line to and along Millais Street, Moston Lane, Bluebell Avenue to the end of the road. Then by a bee-line to Oak Bank Avenue, Gill Street, Glen Avenue to its junction with Clough Road.",,,LP,approved,,,a3/C022_20171215_a3.pdf
516,"2018-05-11 21:49:36",20180511,1,B025,9,"From the point where M61 Motorway crosses Worsley Road North, E along the M61 Motorway and then N along M60 Motorway to junction 13 and Bridgewater way. Then W along Bridgewater Way and by a straight line N crossing East Lancashire Road, through Ellerbeck Crescent to the footpath (Tyldesley Loopline) to the point where it meets Leigh Guided Busway and then to and N along Wigan – Salford District boundary and Bolton – Salford District boundary to the point where M61 Motorway crosses Worsley Road North.","Former boundary between Christ the King and St Edmund",,,"From the point where M61 Motorway crosses Worsley Road North, S along Worsley Road North, Bolton Road, along N border of Tesco store to Campbell Way, then S by a beeline crossing High Street and Hilton Lane and going between Athens Drive (in Christ the King parish) and Kinsley Drive (in St Edmund parish) to Ellenbrok Loopline (E border of Dukes Manor) and by a beeline to the Tyldesly Loopline.",,,LP,approved,,,a3/B025_20180527_A3.pdf
517,"2018-10-07 22:31:20",20181007,1,C023,2,"From M60 Motorway junction 20, E along the Motorway, to the point opposite Manchester Creative & Media Academy. Then E by Victoria Ave East, Moston Lane and Crowden Road to the end of the road, and then by a bee-line across Boggart Hole Clough to the junction of Glen Avenue and Clough Road.  Along Clough Road (both sides being in Mount Carmel parish), Moston Lane, Hillier Street North to its end at the Moston Pub, directly across the footpath to the east of The Moston to the corner of Hillier Street and Princedom Street, along Hillier Street to its junction with Church Lane to its junction with Upper Conran Street, along Fernclough Road to Bentwood Walk (Naughton Walk, Saltburn Walk and Burntwood Walk all being in the parish of St Dunstan) to and across Broadwell Drive to Conran Street and its junction with Carisbrook Street opposite the Harpurhey Community Church, along Carisbrook Road and Rochdale Road to a point opposite the northern boundary of Manchester General Cemetery, and by a bee-line along this boundary to the River Irk, by the River Irk to Mill Brow, then by Mill Brow, Chapel Lane and Plant Hill Road to its junction with French Barn Lane, then by a bee-line to the junction of Hill Lane and Hilldale Avenue, and along Hilldale Avenue to its junction with Rochdale Road and N along Rochdale Road to M60 Motorway junction 20.","Former boundary between Mount Carmel and St John Bosco",,,"From the junction of  Hilldale Avenue and Rochdale Road, along Levedale Road, Elmton Road and White Moss Road to a point opposite Churston Ave, then buy a bee-line to a point between Dam Head Drive and Earby Grove, then by a bee-line to the junction of Charlestown Road and Polefield Road.",,,LP,approved,,,a3/C023_20181007_a3.pdf
518,"2018-10-07 22:31:20",20181007,1,F028,7,"From the junction of Colliers Row Road and Smithills Dean Road, S along Smithills Dean Road to the point where Smithills Dean Road meets Dean Brook, E by the Dean Brook, Astley Brook, to the point opposite Chapelfield Street, by Chapelfield Street and by a beeline to and along Wolfenden Street, then E along Halliwell Road, Kay Street, Topp Way, Higher Bridge Street, Prince Street, Merehall Drive, Gaskell Street, and W along Chorley Old Road (B6226) to its junction with Shepherd Cross Street  and by a bee-line SW to and along Victory Street, Beverly Road, Dobson Road. Then E along Gilnow Road and S by a bee-line to the railway including both sides of Gilnow Gardens in St Thomas of Canterbury parish. E along the railway, past Lostock station and by a bee-line to the footpath leading to Regent Road (including all of Overdene and Morris Fold Drive estate). Then N along Regent Road, W along Chorley New Road, and by a bee-line to Chorley Old Road (including both sides of Princess Road and the Kilphin). E along Chorley Old Road, N along Walker Fold Road, Colliers Row Road to its junction with Smithills Dean Road.","Former boundary between St James the Great and St Josep","Former boundary between St James the Great and St Thomas of Canterbury","Former boundary between St Joseph and St Thomas of Canterbury","From the junction of Captain’s Clough Road and Church Road, N along Captain’s Clough Road, Moss Bank Way, by a bee-line to Dean Brook (excluding Forest Road), NE along the brook, to the point opposite Redcar Road (including both sides in St Joseph’s, Halliwell) and to Smithills Croft Road.","From Smithills Dean Road, by a beeline W crossing Limefield Road and excluding both sides of Redcar Road, to Dean Brook, SE by the brook to and W along Moss Bank Way (A58), Captain’s Clough Road, W along Church Road, New Church Road, Chorley Old Road (B6226), S by Moss Bank Way to its junction with Old Kiln Lane (B6402), then N along Old Kiln Lane to its junction with Old Chorley Road.","From the junction of Shepherd Cross Street and Chorley Old Road, W along Chorley Old Road, Ivy Road, to its junction with Cunliffe Brow, then by Captain’s Clough to and N along Captain’s Clough Road to its junction with Church Road.",LP,approved,,,a3/F028_20181007_a3.pdf
519,"2018-10-07 22:31:20",20181007,1,G024,6,"From the crossing of Mills Hill – Castleton railway and M62 motorway, S along railway to the point where it crosses a river, near Scowcroft Farm. Then west by a bee-line to and along river Irk, Park Rd, Middleton Rd (A576), Manchester Old Rd. N by Parkfield Dr, to the NW corner of Leisure Park, and W by a beeline across golf club grounds to the junction of Heywood Old Rd and unnamed road near Virgin Active Lancashire (including all properties along Rowrah Cres), then by a beeline to M62 opposite Egypt Farm and E by M62 to the railway.",,,,,,,LP,approved,,,a3/G024_20181007_a3.pdf
520,"2018-11-23 13:07:39",20181121,1,H036,7,"NE from Apronfull Hill OS778394 by the civil parish boundary to Ogden Clough, and along it to and along the Ribble Valley and Pendle District Boundary over Pendle Hill to the diocesan boundary at Helliwell Wood OS833428. NW by the diocesan boundary across Twiston Moor to the start of Ings Brook W by this brook via Clough Head, Ings End OS815447 to its confluence with Swanside Beck OS785454 and by Smithies Brook to Smithies Bridge on the A59. N by the River Ribble N to Skirden Beck to Grunsagill OS782543. N by Tosside Beck to the point where it crosses B6478. Then N by a bee-line to the junction of A65 and B6480 at Clapham. Then W along B6480 to boundary between Lancaster and Craven Districts. S along that boundary and then the Ribble Valley – Lancaster Civil boundary over Hawthorntwaite Fell to the Ribble Valley – Wyre Civil boundary OS575505 SE to the cairn on Fair Snape Fell W by the Civil boundary with Bowland-with-Leagram to Burholme Bridge OS657479 S by the River Hodder to River Ribble SE by the Ribble to a point opposite the confluence of Pig Hill Brook OS723394 SE by a straight line to the junction of the A671 and the A59T and by a second straight line to the 315 trig point near Jeppe Knave Grave OS762380,  then SE by the edge of the wood to and along the track and road past Wiswell Moor Houses to the track at Lower Clerk Farm OS751364, then by the stream to its confluence with Sabden Brook and by Sabden Brook to Old Read Bridge OS752354, then E along Old Roman Road, Back Lane and Stump Hall Road and Haddings Lane past Haddings Head, and right along the unnamed road and track to Spenbrook Road OS822383 and NW by tracks via Bull Hole to Well Head OS816393 on Well Head Road, then by straight lines to Driver Height, Spence Moor and Apronfull Hill.","Former boundary between St Michael with St John and St Mary, Sabden","Former boundary between St Michael with St John and St Hubert",,"By a straight line from crossing of Ribble Valley - Pendle District boundary and Ogden Clough to 376670,438451 near Wymondhouses Farm.","by a straight line from crossing of Ribble Valley - Pendle District boundary and Ogden Clough to 376670,438451 near Wymondhouses Farm.",,LP,approved,,,a3/H036_20181121_A3.pdf
521,"2018-12-09 23:29:01",20181209,1,H039,1,"From the point where Ribble Valley – Blackburn District boundary crosses Lammack Road, S along Lammack Road,  to the bend in Lammack Road near West Leigh Road, and by a beeline to and along Paignton Road, W along Revidge Road and S along Brantfell Road, SW along East Park Road. East along Preston New Road and Barbara Castle Way. By a beeline S to and along Ainsworth Street, then W along Church Street, Higher Church Street, NW along Astley Gate, King Street, Whalley Banks and Bank Top. Then N along Garden Street, W along Wensley Road, to its junction with Buncer Lane, then N along Buncer Lane to its junction with Billinge Avenue (both sides in Sacred Heart & St Anne parish) and SW by a beeline to south end of Lawley Road (both sides in Sacred Heart & St Anne parish). N by Lawley Road, W by Under Billinge Lane and N following W boundary of Billinge Wood to and along Killiard Lane and Billinge End Road. Then by a beeline N to and along W boundary of Westholme Senior School and Sixth Form, continuing N to and E along Ribble Valley - Blackburn District boundary (near, but excluding Arley Farm) to its crossing with Lammack Road.","Former boundary between Sacred Heart and St Anne",,,"West along Preston New Road, NW along Crosshill Road and by a bee-line to the junction of Wensley Road and Buncer Lane.",,,LP,approved,,,a3/H03920181209_A3.pdf
522,"2018-12-09 23:29:01",20181209,1,H038,4,"From the crossing of Sandy Lane and M65 Motorway, westerly by the motorway to the Diocesan boundary and N following the River Roddlesworth to its confluence with the River Darwen and upstream along the River Darwen otherwise the Blackburn with Darwen – Chorley district boundary,  to its confluence with the Alum House Brook and north east to Arley Brook otherwise the Blackburn with Darwen – Ribble Valey district boundary to but excluding  Arley Farm and southward by the tracks passing by and excluding Westholme School and across Meins Road to Billinge End Road. Eastwards along Billinge End Road to and along Killards Lane and the track to Under Billinge Lane and by this lane, Lawley Road and Billinge Avenue (both of which are wholly in the parish of the Sacred Heart and St Anne) to and along Buncer Lane to its junction with Wensley Road then along Wensley Road, Garden Street, Bank Top, Whalley Banks, King Street, Astley Gate, Church Street and Railway Street to Blackburn Station; then south easterly by the railway line to Darwen Bridge and along Great Bolton Street and Bolton Road to the River Darwen. From the River Darwen along Sandy Lane (both sides in the Sacred Heart and St Joseph parish Darwen) to Bolton Road and M65 motorway.","Former boundary between St John Vianney and St Peter in Chains","Former boundary between St Peter and SS Mary and John","Former boundary between St John Vianney and Ss Mary and John","From crossing of M65 Motorway and Stockclough Lane, along Stockclough Lane and  a track via Fowler Fold, but excluding Lower Whitehalgh Farm to the junction of Horden Rake and Brokenstone Road, excluding Horden Farm and by a straight line to between 531 and 533 Livesey Branch Road, then by a beeline to and along Beechwood Drive and Leeds and Liverpool Canal to the point opposite Amberwood Drive.","From Leeds and Liverpool Canal (opposite Amberwood Drive), then N to and along St Francis Road, Preston Old Road to its junction with an unnamed road N of river Darwen, and by a beeline to the junction of Buncer Lane and Wensley Road.","From Bolton Road junction with Longshaw Lane, along Bolton Road to its junction with and N along Aqueduct Road, then W along Leeds and Liverpool Canal (opposite Amberwood Drive).",LP,approved,,,a3/H038_20181209_A3.pdf
523,"2018-12-09 23:29:01",20181209,1,B026,5,"From the junction of Rocky Lane and Chorlton Fold, E along Folly Brook to the border of Eccles College then by a beeline SW to Ellesmere Road (Godolphin Close and Welbeck Road both in Ss Peter and Paul parish).  SW along Ellesmere Road, E along Victoria Crescent, Half Edge Lane, Eccles Old Road, Stott Lane to its junction with Eccles New Road. Then by a beeline SW to the roundabout joining Coronet Way and Centenary Way, S along Centenary Way and W by Manchester Ship Canal. Then W by the canal to the point and by a beeline to and along SW border of Boysnope Park Golf Club and by a footpath crossing Raspberry Lane and Twelve Yards Road to the railway. W along the railway and N by a Wigan – Salford District boundary to Bridgewater Canal. Then E by the Canal and Bridgewater Way to its confluence with Folly Brook to the junction of Rocky Lane and Chorlton Fold.","Former boundary between Holy Cross, St Matthew and St Gilbert with St Mary",,,"From the Manchester Ship Canal opposite Ashbourne Road and  NW by a beeline to the junction of Ashbourne Road and Barton Lane, and W along Barton Lane. N along Fairless Road, Trafford Road, Renshae Avenue, Mellor Street, Liverpool Road, Green Lane,  Canal Bank, Bridgewater Way and by a beeline to Folly Brook.",,,LP,approved,,,a3/B026_20181209_A3.pdf
524,"2018-12-09 23:29:01",20181209,1,B027,6,"From the point where Agecroft Road crosses the railway, S along Salford Crescent – Clifton railway then by a bee-line to Salford Crescent – Swinton railway to Laundry Street. W along Laundry Street, Nave Court, Charles Street, Broad Street and by a bee-line to Chasely Road, Eccles Old Road, Half Edge Lane, Victoria Crescent, Ellesmere Road to the end of the road. Then NW by a beeline to Folly Brook and by a beeline across Eccles College to the border of Swinton Park Golf Club, and NE along Welwyn Drive (both sides in Our Lady of Hope parish), E along East Lancashire Road and Manchester road. Then by a bee-line NE to and along Highfiled Drive, Fairway, NW along Bolton Road and Agevroft Road to the point it crosses the railway.","Former boundary between St Luke and Ss Peter and Paul",,,"From the unction of Eccles Old Road and Claremont Road, N along Claremont Road, Cholmondeley Road, N along Lancaster Road and along Sunningdale Drive to the end of the road (both sides in St Luke parish).",,,LP,approved,,,a3/B027_20181209_A3.pdf
525,"2018-12-09 23:29:01",20181209,1,E023,8,"From the M60 Motorway junction 22, E along Hollins Road (A6104), to its junction with North Gate. S along North Gate, Fairfields, then by a beeline across Wood Park Clough to the junction of Crime Lane, Knott Lanes and unnamed road by Riversvale Farm. Along the unnamed road to the Tameside – Oldham District boundary and River Medlock. E along River Medlock to the railway bridge and by the railway to Millstream Lane. Then N by Manchester – Oldham District boundary, crossing Oldham Road and following Moston Brook to the point opposite the crossing of Rochdale canal and the railway. Then NE by Oldham Road to the M60 Motorway junction 22.","Former boundary between Immaculate Conception and Holy Family",,,"M60 Motorway",,,LP,approved,,,a3/E023_20181209_a3.pdf
526,"2018-12-09 23:29:01",20181209,1,E022,7,"From the junction of Ripponden Road and Ship Lane, along Saddleworth Civil Parish boundary to  Greenacres Road. Then W by Greenacres Road, Esther Street, Clarksfield Road, Brewerton Road, Roundthorn Road and by a bee-line to the River Medlock near, and including Coverham Avenue and Ferndale Close. S by River Medlock to Abbey Hills Road, Lees New Road to, but excluding Cockfields Farm. Then W by a beeline to and N along Snipe Clough and King’s Road to the point opposite Belgrave Road. By a bee-line to and NW by Belgrave Road and Scottfield road, and by a bee-line to Park Road, excluing Eldon Street and Brookfield Street estate. E by Park Road, then NE by Woodstock Street, Waterloo Street and NE by a footpath s of Oldham Way to the junction of Oldham Way and Lees Road, and N by the Railway to the point opposite Sumner Streer, and E to the Saddleworth Civil Parish boundary and Lower Dingle. E along Lower Dingle to Ripponden Road and its junction with Ship Lane.","Former boundary between Sacred Heart with Our Lady and St Anne with St Michael",,,"From the S border of Lower Strinesdale Reservoir. Then W by a bee-line to Furze Lane (all of Armdale Rise estate  in St Anne and St Michael parish). SW along Furze Lane, NW border of Waterhead Park and then S by Sharples Hall Street and by a beeline to and along Leamington Street, Vincent Avenue, Little Moor Lane, Shrewsbury Avenue, Vulcan Street, Prince Charlie Street, Derker Street, Arnold Street to the Railway.",,,LP,approved,,,a3/E022_20181209_a3.pdf
527,"2018-12-09 23:29:01",20181209,1,G025,1,"From Smithy Bridge Railway station, E along Smithy Bridge Road and in a straight line across Hollingworth Lake to M62 Motorway near Lower Booth Hollins Farm. Then E along M62 Rochdale – Calderdale District boundary. Then S by the diocesan boundary to the junction of Ripponden Road (A672) and Buckstones Road (B6197) at Grains Bar. NW along Buckstones Road to Brunchapel Farm, then N by a beeline  to the W boundary of the Brushes Clough Reservoir and by a stream following into it from the west to the point opposite Golden Street, then by a bee-line to the junction of Dunwoods Park Courst and Milnrow Road, N along Milnrow Road to the point where it meets Shaw and Crompton and Newhey railway. By a beeline to and W along Mossgate Road to the point opposite Higher Rise (road), then by a beeline excluding all of Greenhill Avenue, crossing Rochdale Road and Castleton Road (near Gravel Hole Methodist Church, Pit Lane), to and W along Thornham Lane, to its junction with Oldham Way, and then following Oldham – Rochdale District boundary and by a bee-line to M62 junction 20 , N along the motorway to and E along Rochdale Canal Greenfield Lane, Queensway, Kingsway to the junction of Moss Bridge Road and Kingsway. Then N along Moss Bridge Road,  Channing Street, Church Road, to the Rochdale – Smithy Bridge railway and E along that railway to Smithy Bridge station.","Former boundary between Sacred Heart and Holy Family",,,"From the junction of Milnrow Road and Shaw Road, W along Shaw Road, NewHey Road, Elizabethan Way to M62 junction 21, and W along the Motorway and Road A6193 to its junction with Kingsway.",,,LP,approved,,,a3/G025_20181209_a3.pdf
528,"2018-12-11 21:42:04",20181211,1,E024,1,"From the junction of Rochdale Road and Crompton Street, E along Crompton Street, to its junction with Godson Street. NE by a bee-line through Oldham Edge to Higginshaw Lane (including Milne Street, but excluding Meek street) and to and S along the railway to Lees Road and by a bee-line to the footpath S of Oldham Way to Waterloo Road, Woodstock Street, Park Road and by a bee-line to Scottfield Road (including all of Eldon Street and Webster Street). Then S along Scottfield Road, Belgrave Road, to the junction with a road leading to Meldrum Street, and by a bee-line NE to the Kind’s Road. SE along King’s Road and by Snipe Clough to and along Oldham – Tameside District boundary, to Valley Farm. Then N along the Road leading to Valley Farm and crossing Knott Lane by a bee-line to the junction of Green Lane and Fairfields. Then along Fairfields, North Gate, Hollins Road to its junction with Frederick Street. Then by Frederick Street, Manchester Street,  Featherstall Road South to Rochdale Road and its junction with Crompton Street.","Former boundary between St Mary with St Patrick and Holy Rosary",,,"From the junction of Frederick Street and Hollins Road, E along Hollins Road, Copster Hill Road, Schofield Street, Ashton Street, Villa Road, Belgrave Road,  and by a straight line to King’s Road.",,,LP,approved,,,a3/E024_20181211_a3.pdf
529,"2019-06-02 15:37:18",20190602,1,E014,2,"From the point where Rochdale – Oldham District boundary crosses Cinder Hill Lane near Cinder Hill Lane, S along Cinder Hill Lane to the bend in the road, and by a straight line to and SE along A627(M) Motorway, Chadderton Way (A627) to the rondabout. Then S along Featherstall Road South, Featherstall Road South, Manchester Street, Frederick Street, Hollins Road to M60 Motorway, junction 22. Then NW along the Motorway to junction 21 and then N by the Rochdale Canal and W along Middleton Road to and N along the railway and then by Rochdale – Oldham District boundary to the point where it crosses Cinder Hill Lane.","Former boundary between St Herbert and Corpus Chisti",,,"From the point  on the Rochdale Canal opposite the junction of Moston Road and Grimshaw lane, and by a beeline E to the point where the railway crosses Featherstall Road South.",,,LP,approved,,,a3/E014_20190602_a3.pdf
530,"2019-06-02 15:37:18",20190602,1,B020,8,"From the point where Bolton – Salford District boundary crosses the railway, N and then E along that boundary and then along Salford – Bury District boundary (River Irwell) to Agecrofft Road. SE along Agecroft Road, S along Bolton Road, Fairway, S along Highfield Driver, Manchester Road, East Lancashire Road to its junction with Barton Road. Then S by a bee-line to the Folly Brook and W along the brook going across Rocky Lane, Worsley Golf Course and by a beeline near Clubhouse to the Bridgewater way (water line). W by the Bridgewater Way to M60 (junction 13) and N by M60 then E just past junction 15. Then N by a beeline crossing M60 near junction 15 to and along Bolton – Salford District boundary to the point where it crosses the railway.","Former boundary between St Charles and St Mark","Former boundary between St Charles and St Mary","Former boundary between St Mark and St Mary","From M60, E just past junction 15 and by a beeline N to the middle of Sindsley Road, then by a beeline SE to the junction of Moss Bank Road and Charles Street, including all of Ardens Close estate. Then by a beeline S to Mulgrave Street, Westminster Street, Cemetery Road to and E along the railway and by a beeline S to and along Elm Street, Chorley Road to its junction with Station Road.","From the junction of Chorley Road and Partington Lane (B5231) S along Partington Lane, Worsley Road, Campbell Road, and by a beeline S to the W border of Eccles College and Folly Brook.","From the point on the Bury – Salford District boundary opposite Clifton station, by a beeline S through Clifton station to and W along Lumns Lane and Rake Lane. Then S by a beeline to Silverdale, and by a bee-line to and S along Carrington Street. Then W by Bolton Road, Pendlebury Road to the railway. Then W by the railway to Swinton station and S by Station Road to its junction with Chorley Road.",LP,approved,,,a3/B020_20190602_a3.pdf
531,"2019-06-02 15:37:18",20190602,1,A030,4,"From the confluence of River Mersey and Manchester Ship Canal, NE along Manchester Ship Canal then SE by M60 Motorway to the point opposite Shetland Way. W by Shetland Way, Skye Road (both sides in Our Lady and English Martyrs up to its junction with Iona Way), then by a beeline S to Kingsway Park, along Kingsway Park by a beeline to Romley Road, Lostock Road, Rochester Road, Canterbury Road, Furness Road, Winchester Roadm West Bourne Park, St Clements Fold (both sides in Our Lady and English Martyrs parish), Ciss Lane, Stretford Road, Lime Tree Close and by a beeline to River Mersey to its confluence with Manchester Ship Canal.","Former boundary between Our Lady and the English Martyrs and St Monica",,,"From Manchester Ship Canal along west border of United Utilities Wastewater Treatment Plant. Then S by Woodhouse, E by Davy Hulme Road, Bowers Avenue, Moorside Road, Brook Road, Flixton Road, Penny Bridge Lane and by a beeline S to and W along Church Road to 253 Church Road (near bus stop ID MANJPADG) and by a beeline S to River Mersey",,,LP,approved,,,a3/A030_20190602_a3.pdf
532,"2019-06-02 15:37:18",20190602,1,G021,5,"From the junction of Parkfield Drive and Manchester Old Road, E along Manchester Old Road, Middleton Way, Barton Road, Park Road to and E along River Irk, to the point opposite Whitby Street. Then by a beeline NE along, but excluding Gleenwood Drive to the point where Rochdale Canal meets Rochdale – Oldham District boundary. Then S by that boundary to Middleton Road, to and S along Rochdale Canal to junction 21 on M60 Motorway.  Then W along the M60 Motorway and Rochdale – Manchester District boundary to the point where it meets Wince Brook. E by the Brook to the point opposite Parkfiled Drive and by a beeline to the Parkfield Drive.","Former boundary between St Peter and St Thomas More",,,"From the point opposite to Parkfield Drive on Wince Brook to the pint opposite Greenson Drive on Wince Brook, by a bee-line to Hall Driver, Alkrington Hall Road North, Manchester New Road (A664),  E along Mount Road, and along Round Thorn Road in a straight line to and S along Wince Brook to Rochdale – Oldham District boundary. Then by that boundary to M60 Motorway.",,,LP,approved,,,a3/G021_20190602_a3.pdf
533,"2019-07-15 15:03:07",20191103,1,B028,10,"From the junction of University Road and Wallness Lane, by a straight line E to River Irwell. Then along the River Irwelland Manchester Ship Canal to the point opposite the footpath near SIS Live Teleport (Media City UK),  then by a bee-line NE to and E along Broadway, to the point opposite Olympic Court. By a bee-line N to and along Olympic Court, Montford Street, West Ashton Street, Eccles New Road,  to the point opposite Cyprus Close. By a bee-line N to and E along  the railway to the roundabout joining M602 and Albion Way (A5063). N by Albion Way and Salford Crescent – Swinton railway and by a beeline NE to the University Road and its junction with Wallness Lane.","Former boundary between St John the Evangelist and St Joseph, Ordsall",,,"Along the railway from railway bridge on river Irwell to to the roundabout joining M602 and Albion Way (A5063).",,,LP,approved,,,a3/B028_20191103_a3.pdf
534,"2017-05-01 11:22:07",20171227,1,F002,5,"From Belmont Road (A675) along northern boundary of North Turton Civil Parish to its crossing with Blackburn Road. S along Blackburn Road (A666) to and along Delph Brook, Dewhurst Clough, Eagley Brook, Blackburn Road (A666), Eagley Way and Eagley Brook to its confluence with River Croal. S along river Croal, then E along Oaks Lane to its crossing with the railway. S along the railway, E then S along Crompton Way, Abingdon Road (both sides in St Columba parish), Ainsworth Lane, Entwistle Street and by a beeline to and N along River Tonge the the junction of Waters Meeting Road and Brittania Way. SW along Waters Meeting Road, to and S along Blackburn Road, then NW along Halliwell Road, Wolfenden Street by a bee-line to Back Sutcliffe Street and by a bee-line to Astley Brook, including Crumpsall Street and Chapelfield Street in Holy Infant parish. Then by that brook and Dean Brook to and NW along Smithills Dean Road to its junction with Colliers Row Road. Then by a bee-line to Blackburn – Bolton District boundary and Chorley – Blackburn District boundary to its crossing with Belmont Road and North Turton Civil Parish boundary.","Former boundary between Holy Infant and St Columba",,,"From the junction of Waters Meeting Road and Britannia Way, N along Eagley Brook to the point opposite Wrath Close.",,,LP,approved,,,a3/F002_20171227_A3.pdf
535,"2017-11-10 21:00:59",20171109,1,F026,4,"From the point where Broadhead Road crosses Twitchels Brook, S along Blackburn – Rossendale District boundary, Blackburn  - Bury District boundary and Bolton - Bury District boundary to  and NW along Arthur Lane, Stitch-Mi-Lane, New Lane, Blair Lane, Thicketford Road to and N along Broadshaw Brook to its crossing with Printers Lane, and W along Printers Lane, N and then W along Turton Road, then across Birtenshaw School and by a footpath to Eagley Brook. N by Eagly Brook, Dewhurst Clough, Delph Brook and by Blackburn – Bolton District boundary to Blackburn Road (A666). N by Blackburn Road to Cadshaw Brook and along northern boundary of North Turton civil parish to the crossing of Broadhead Road and Twitchels Brook.","Former boundary between St Brendan and St John Evangelist",,,"From the point where Broadshaw Brook crosses Printers Lane, N along Broadshaw brook, across Jumbles Reservoir to and N along Blackburn – Bolton District boundary to the point it meets Bury boundary.",,,LP,approved,,,a3/F026_20171109_a3.pdf
536,"2022-07-13 17:02:00",20220713,1,B019,7,"From the point where Wigan – Salford District boundary crosses the railway, E along the railway, then S along the footpath going past Manor Farm and Bartonmoss Farm, crossing M62 Motorway, continuing in a straight line to the SW border of Boysnope Park Golf Club. Along that border and by a bee-line to Manchester Ship Canal (Salford – Trafford District boundary).  Then N along Warrington – Salford District boundary and E along Wigan – Salford District boundary to the point where it crosses the railway.","Former boundary between St Teresa and St Joseph"," "," ","From the point opposite Fairhills Road, W along Fairhills Road, Roscoe Road, Astley Road to the Wigan – Salford District boundary."," "," ",LP,approved," "," ",a3/B019_20220713_A3.pdf
537,"2022-07-13 17:20:00",20220713,1,G020,2,"From the Rochdale - Rossendale District boundary near Brownhouse Wham Reservoir, N along that boundary to Hades Hill and then along Rochdale - Calderdale District boundary, across Warland Reservoir, crossing Turvin Road (B6138) and Halifax Road (A58) to M62 Motorway near junction 22. Then W along the motorway to Lower Booth Hollins Farm and by a bee-line across Hollingworth Lake to Smithy Bridge Road and railway station. Then SW along the railway to the point it crosses Newbold railway branch. Then N by a bee-line to River Roch and W along it to South Parade. Then W to the roundabout and by a bee-line N to Spotland Road (A680) and its junction with Mount Street.  Then by a bee-line S to the junction of Norman Road and Mellor Street. W and then N along Mellor Street and River Spodden to the Rochdale – Rossendale boundary and along that boundary to the point near Brownhouse Wham Reservoir","Former boundary between St Mary and St Patrick"," "," ","From the Smithy Bridge Railway Station to New Road, Halifax Road, Union Road. Then W by a beeline to the junction of Thimble Close and Birch Road, N along Birch Road to its junction with Ramsden Road and W by a beeline to Rochdale – Rossendale District boundary."," "," ",LP,approved," "," ",a3/G020_20220713_A3.pdf
538,"2022-07-15 17:40:00",20220715,1,D006,9,"From the point where Barrowford road meets Barrowford - Nelson civil parish boundary, and E along that boundary, then Colne - Nelson civil parish boundary and Trawden Forest - Nelson civil parish boundary to the point where it meets Back Lane. Then W along Pendle and Burnley District Boundary at Upper Coldwell Reservoir. Then by this boundary to Barden Lane. By Barden Lane to New in Pendle Bridge and by Pendle Water to the Pendle and Burnley District boundary so as to include the whole of the Healeywood Drive Estate in the parish of St John Southworth, Nelson. Then by the Pendle and Burnley District Boundary by the River Calder and Moor Isles Clough to Barrowford Road, along Guide Lane past Haddings Head and right along the unnamed road to the start of the path, along the path past Rigg of England to Spen Height, diagonally by the footpath to Spen End, by the path south east of Spen End to the track to wards the White Swan Hotel on Wheatley Lane Road. Then north easterly along Wheatley Lane Road to the Catholic Cemetery and then south easterly by the path passing but excluding Laund Farm to Barrowford Road and by Barrowford Road to the point it meets Barrowford - Nelson parish boundary."," "," "," "," "," "," ",LP,approved," "," ",a3/D006_20220715_a3.pdf
539,"2022-07-15 17:51:00",20220715,1,D018,10,"From the point where Barrowford - Nelson civil parish boundary meets Barrowford Road, W  along Barrowford Road to the roundabout by Parrock Road, and by the track past and including Laund Farm to Wheatley Lane Road, and by Wheatley Lane Road to the track east of the White Swan Hotel and by this track to Spen End and by the track to Spen Height and along the track past the radio mast to Spenbrook Road and north-westerly by tracks via Bull Hole to Well Head on Well Head Road. Then by bee-lines to Driver Height, Spence Moor and Apronfull Hill and by the civil parish boundary to Ogden Clough and along the Ribble Valley and Pendle District Boundary over Pendle Hill to the diocesan boundary at Helliwell Wood and by the diocesan boundary to Hey Slack then via Red Spar to the Upper Coldwell Reservoir and by Back Lane and then N by Trawden Forest - Nelson civil parish boundary, W by Colne - Nelson civil parish boundary and Barrowford - Nelson civil parish boundary to the point where it meets Barrowford Road."," "," "," "," "," "," ",LP,approved," "," ",a3/D018_20220715_a3.pdf
540,"2023-07-20 16:35:20",20230720,1,D026,2,"From the junction of the Hyndburn, Rossendale and Burnley District Boundaries at Higher Moor, (to the E of Accrington) E by the Rossendale - Burnley District boundary to the inflow into Clowbridge Reservoir at Limy Water, SE by the Rossendale - Burnley District boundary to the E side of Clough Bottom Reservoir, S by a straight line to Newchurch Old Road at its junction with the footpath then by a line drawn between the Fernhill estate (Rawtenstall and Newchurch parish) and the Rockcliffe Estate (Bacup and Whitworth parish) to the steps on Anvil Street, W along Anvil Street, Rushton St, crossing Newchurch Road, Glen Street and Lee Road to the SE corner of the cemetery, S by a straight line to the civil parish boundary stone at Jackson''s Moor. S to the boundary stone at Old Slink Slack and W by the Rossendale - Rochdale District boundary to and along the track (Rossendale Way) passing S of Cowpe Lowe to the end of Sand Beds Lane, W in a straight line to the boundary stone on Burnley Road, continuing in a straight line to and N along the A56(T) by-pass to the roundabout connecting the A56(T), the A680 and the B6527,  N by a straight lin e  crossing Haslingdon Road A681 to the junction of Kirkhill Road and Haslingden Old Road  at Height End, N by Laund Lane to Cribden End Lane and N by the track to Cribden Side and N by the King’s Highway to and along the Rossendale - Hyndburn District Boundary to Higher Moor where the boundaries of Hyndburn, Rossendale and Burnley Districts meet.","Former boundary between St James the Lees and St Joseph with St Peter"," "," ","S in a straight line to Edge Lane, Dobbin Lane and Peel Street crossing Bacup, Road A681 and S from the junction with Hill End Lane to Cowpe Lowe to meet the end of Sand Beds Lane."," "," ",LP,approved," "," ",a3/D026_20230720_a3.pdf
