{"type":"FeatureCollection","features":[{"type":"Feature","properties":{"id":"A006","name":"Our Lady and St Alphonsus, Old Trafford","deaneryId":"A"},"geometry":{"type":"MultiPolygon","coordinates":[[[[-2.24056,53.46216],[-2.23999,53.46237],[-2.23918,53.46369],[-2.23614,53.46443],[-2.23541,53.46326],[-2.23565,53.46039],[-2.2357,53.45807],[-2.2388,53.45807],[-2.23992,53.45799],[-2.23996,53.45332],[-2.24776,53.45343],[-2.24831,53.4536],[-2.25154,53.45514],[-2.25243,53.45514],[-2.25749,53.45327],[-2.25758,53.45354],[-2.25787,53.45403],[-2.25837,53.45506],[-2.25849,53.45682],[-2.25819,53.45882],[-2.27147,53.45072],[-2.27326,53.45057],[-2.27752,53.45053],[-2.27857,53.45421],[-2.28078,53.45399],[-2.28227,53.45366],[-2.28274,53.45351],[-2.28347,53.45407],[-2.28433,53.45503],[-2.28445,53.45533],[-2.28445,53.45569],[-2.28434,53.45602],[-2.28507,53.45633],[-2.28406,53.4569],[-2.28326,53.45758],[-2.28215,53.45863],[-2.28001,53.46028],[-2.28157,53.46136],[-2.28167,53.46163],[-2.28197,53.46257],[-2.28204,53.46332],[-2.28306,53.46412],[-2.2836,53.46447],[-2.2841,53.46483],[-2.28404,53.46546],[-2.28258,53.46494],[-2.28187,53.46482],[-2.28061,53.46493],[-2.27898,53.46539],[-2.27101,53.47066],[-2.26764,53.47001],[-2.26704,53.46965],[-2.26656,53.46962],[-2.26571,53.46973],[-2.26457,53.46875],[-2.26512,53.46845],[-2.26418,53.46767],[-2.26347,53.4676],[-2.26246,53.46719],[-2.26068,53.46593],[-2.26022,53.46554],[-2.25995,53.46559],[-2.25914,53.46429],[-2.2584,53.46379],[-2.25845,53.46302],[-2.25812,53.46302],[-2.25804,53.46225],[-2.25751,53.46237],[-2.25721,53.46236],[-2.25628,53.46207],[-2.25598,53.46206],[-2.255,53.46223],[-2.25407,53.46246],[-2.25332,53.4629],[-2.25263,53.46306],[-2.25212,53.46302],[-2.25155,53.4628],[-2.25127,53.46244],[-2.25036,53.46269],[-2.24854,53.46281],[-2.24205,53.46231],[-2.24122,53.46213],[-2.24056,53.46216]]]]}},{"type":"Feature","properties":{"id":"A007","name":"Our Lady and St John, Chorlton-cum-Hardy","deaneryId":"A"},"geometry":{"type":"MultiPolygon","coordinates":[[[[-2.28507,53.45633],[-2.28434,53.45602],[-2.28445,53.45569],[-2.28445,53.45533],[-2.28433,53.45503],[-2.28347,53.45407],[-2.28274,53.45351],[-2.28227,53.45366],[-2.28078,53.45399],[-2.27857,53.45421],[-2.27752,53.45053],[-2.27326,53.45057],[-2.27147,53.45072],[-2.27144,53.45056],[-2.26971,53.45058],[-2.26955,53.44782],[-2.26763,53.44785],[-2.2676,53.44688],[-2.26434,53.44691],[-2.26399,53.44316],[-2.26222,53.44326],[-2.26164,53.43916],[-2.25823,53.43941],[-2.2579,53.43819],[-2.25979,53.43774],[-2.26172,53.4369],[-2.26369,53.43574],[-2.26507,53.43465],[-2.26699,53.43348],[-2.27851,53.43033],[-2.27976,53.43031],[-2.28122,53.43067],[-2.28148,53.43084],[-2.28221,53.43131],[-2.28323,53.43171],[-2.28669,53.43024],[-2.28719,53.43084],[-2.28786,53.43139],[-2.28807,53.4316],[-2.28876,53.43199],[-2.28994,53.4322],[-2.2907,53.43222],[-2.29141,53.43234],[-2.29226,53.43251],[-2.2931,53.43266],[-2.29383,53.43268],[-2.29475,53.43254],[-2.29519,53.43245],[-2.29578,53.43246],[-2.2967,53.43269],[-2.29819,53.43307],[-2.29897,53.4332],[-2.29955,53.4333],[-2.29988,53.43349],[-2.30005,53.43388],[-2.29991,53.4346],[-2.29988,53.43546],[-2.30004,53.43583],[-2.30018,53.43634],[-2.3,53.43677],[-2.29972,53.43728],[-2.29939,53.43721],[-2.29849,53.43679],[-2.29783,53.43661],[-2.29756,53.43647],[-2.29707,53.43646],[-2.29639,53.43606],[-2.29548,53.43586],[-2.29407,53.43605],[-2.29546,53.43874],[-2.29138,53.43927],[-2.28996,53.44134],[-2.29146,53.44306],[-2.29342,53.44373],[-2.29327,53.44442],[-2.29183,53.44527],[-2.28997,53.44495],[-2.28904,53.44597],[-2.29356,53.45055],[-2.28742,53.45226],[-2.28729,53.45225],[-2.28711,53.45225],[-2.28681,53.45205],[-2.2866,53.45198],[-2.28628,53.45197],[-2.28601,53.45205],[-2.28591,53.45221],[-2.28593,53.45237],[-2.28648,53.4529],[-2.28689,53.45297],[-2.28718,53.45289],[-2.28793,53.45365],[-2.28815,53.45385],[-2.28498,53.45608],[-2.28521,53.45619],[-2.28507,53.45633]]]]}},{"type":"Feature","properties":{"id":"A008","name":"St Mary the Hidden Gem, Manchester","deaneryId":"A"},"geometry":{"type":"MultiPolygon","coordinates":[[[[-2.26399,53.47373],[-2.26275,53.47676],[-2.26022,53.47775],[-2.25844,53.47897],[-2.25672,53.48001],[-2.25451,53.48118],[-2.25301,53.48179],[-2.25081,53.48257],[-2.24807,53.4837],[-2.24738,53.48398],[-2.24568,53.4851],[-2.24526,53.48578],[-2.24409,53.4856],[-2.2435,53.48541],[-2.24209,53.4852],[-2.24212,53.48511],[-2.2411,53.48457],[-2.24065,53.48448],[-2.23974,53.48454],[-2.23915,53.48466],[-2.23882,53.48476],[-2.23874,53.48473],[-2.23869,53.48451],[-2.23876,53.48396],[-2.23833,53.48402],[-2.23677,53.4834],[-2.23629,53.48376],[-2.23339,53.48234],[-2.23267,53.48201],[-2.23453,53.48069],[-2.23474,53.48075],[-2.23549,53.48037],[-2.24212,53.47633],[-2.2426,53.47618],[-2.24121,53.47465],[-2.24391,53.47391],[-2.24734,53.47403],[-2.24881,53.4743],[-2.25164,53.47444],[-2.25202,53.47434],[-2.25272,53.47386],[-2.25323,53.47403],[-2.25359,53.47403],[-2.25434,53.4737],[-2.25495,53.47359],[-2.25583,53.47365],[-2.25641,53.47395],[-2.2566,53.4744],[-2.25702,53.47467],[-2.25869,53.47442],[-2.26094,53.47361],[-2.26294,53.47324],[-2.26349,53.47366],[-2.26399,53.47373]]]]}},{"type":"Feature","properties":{"id":"A009","name":"St Augustine, All Saints","deaneryId":"A"},"geometry":{"type":"MultiPolygon","coordinates":[[[[-2.22613,53.46428],[-2.2301,53.46295],[-2.22946,53.46231],[-2.22848,53.4609],[-2.2308,53.46041],[-2.23565,53.46039],[-2.23541,53.46326],[-2.23614,53.46443],[-2.23918,53.46369],[-2.23999,53.46237],[-2.24056,53.46216],[-2.24122,53.46213],[-2.24205,53.46231],[-2.24854,53.46281],[-2.25036,53.46269],[-2.25127,53.46244],[-2.25155,53.4628],[-2.25212,53.46302],[-2.25263,53.46306],[-2.25332,53.4629],[-2.25407,53.46246],[-2.255,53.46223],[-2.25598,53.46206],[-2.25628,53.46207],[-2.25721,53.46236],[-2.25751,53.46237],[-2.25804,53.46225],[-2.25812,53.46302],[-2.25845,53.46302],[-2.2584,53.46379],[-2.25914,53.46429],[-2.25995,53.46559],[-2.26022,53.46554],[-2.26068,53.46593],[-2.26246,53.46719],[-2.26347,53.4676],[-2.26418,53.46767],[-2.26512,53.46845],[-2.26457,53.46875],[-2.26571,53.46973],[-2.26656,53.46962],[-2.26704,53.46965],[-2.26764,53.47001],[-2.27101,53.47066],[-2.26511,53.47274],[-2.26399,53.47373],[-2.26349,53.47366],[-2.26294,53.47324],[-2.26094,53.47361],[-2.25869,53.47442],[-2.25702,53.47467],[-2.2566,53.4744],[-2.25641,53.47395],[-2.25583,53.47365],[-2.25495,53.47359],[-2.25434,53.4737],[-2.25359,53.47403],[-2.25323,53.47403],[-2.25272,53.47386],[-2.25202,53.47434],[-2.25164,53.47444],[-2.24881,53.4743],[-2.24734,53.47403],[-2.24391,53.47391],[-2.24121,53.47465],[-2.2426,53.47618],[-2.24212,53.47633],[-2.23549,53.48037],[-2.23474,53.48075],[-2.23453,53.48069],[-2.23424,53.48057],[-2.23329,53.47954],[-2.2314,53.47639],[-2.22519,53.47608],[-2.22021,53.47416],[-2.2158,53.47209],[-2.2208,53.47178],[-2.22279,53.47016],[-2.22276,53.46951],[-2.22266,53.46933],[-2.22226,53.46888],[-2.22155,53.4684],[-2.22052,53.46776],[-2.22276,53.46574],[-2.22288,53.46532],[-2.22267,53.46499],[-2.22267,53.46499],[-2.22394,53.46456],[-2.22775,53.4656],[-2.22613,53.46428]]]]}},{"type":"Feature","properties":{"id":"A010","name":"English Martyrs, Whalley Range","deaneryId":"A"},"geometry":{"type":"MultiPolygon","coordinates":[[[[-2.2579,53.43819],[-2.25823,53.43941],[-2.26164,53.43916],[-2.26222,53.44326],[-2.26399,53.44316],[-2.26434,53.44691],[-2.2676,53.44688],[-2.26763,53.44785],[-2.26955,53.44782],[-2.26971,53.45058],[-2.27144,53.45056],[-2.27147,53.45072],[-2.25819,53.45882],[-2.25849,53.45682],[-2.25837,53.45506],[-2.25787,53.45403],[-2.25758,53.45354],[-2.25749,53.45327],[-2.25243,53.45514],[-2.25154,53.45514],[-2.24995,53.45439],[-2.24831,53.4536],[-2.24776,53.45343],[-2.23996,53.45332],[-2.23994,53.45031],[-2.23869,53.45033],[-2.23954,53.44839],[-2.23939,53.44638],[-2.24444,53.44631],[-2.24413,53.44088],[-2.24595,53.44086],[-2.24808,53.44074],[-2.25007,53.44051],[-2.25149,53.44022],[-2.25162,53.43948],[-2.25309,53.43925],[-2.2579,53.43819]]]]}},{"type":"Feature","properties":{"id":"A011","name":"St Bernadette, Withington","deaneryId":"A"},"geometry":{"type":"MultiPolygon","coordinates":[[[[-2.26507,53.43465],[-2.26369,53.43574],[-2.26172,53.4369],[-2.25979,53.43774],[-2.2579,53.43819],[-2.25309,53.43925],[-2.25162,53.43948],[-2.25149,53.44022],[-2.25007,53.44051],[-2.24808,53.44074],[-2.24595,53.44086],[-2.24413,53.44088],[-2.24401,53.43987],[-2.24244,53.44005],[-2.23798,53.43997],[-2.23709,53.4398],[-2.24046,53.43469],[-2.238,53.43412],[-2.24116,53.43113],[-2.23854,53.43012],[-2.24371,53.4258],[-2.24988,53.42721],[-2.25327,53.4292],[-2.2564,53.43066],[-2.25971,53.43181],[-2.26507,53.43465]]]]}},{"type":"Feature","properties":{"id":"A012","name":"St Ambrose, Chorlton","deaneryId":"A"},"geometry":{"type":"MultiPolygon","coordinates":[[[[-2.28669,53.43024],[-2.28323,53.43171],[-2.28221,53.43131],[-2.28148,53.43084],[-2.28122,53.43067],[-2.27976,53.43031],[-2.27851,53.43033],[-2.26699,53.43348],[-2.26507,53.43465],[-2.25971,53.43181],[-2.2564,53.43066],[-2.25327,53.4292],[-2.24988,53.42721],[-2.24371,53.4258],[-2.24259,53.42532],[-2.24608,53.42217],[-2.24213,53.42099],[-2.24754,53.41536],[-2.25209,53.41283],[-2.25385,53.4121],[-2.2534,53.41282],[-2.25258,53.41342],[-2.25123,53.41502],[-2.25112,53.41535],[-2.25108,53.41607],[-2.25059,53.41732],[-2.25078,53.4181],[-2.25065,53.41855],[-2.24982,53.41928],[-2.24962,53.41989],[-2.24977,53.42042],[-2.25074,53.42153],[-2.25147,53.42215],[-2.25265,53.42254],[-2.25329,53.42236],[-2.25421,53.42141],[-2.25421,53.42107],[-2.25391,53.42077],[-2.25327,53.42048],[-2.25295,53.42024],[-2.25263,53.41952],[-2.25273,53.41898],[-2.25325,53.41864],[-2.25396,53.41836],[-2.25542,53.41815],[-2.2578,53.41813],[-2.2587,53.41791],[-2.25913,53.41677],[-2.2596,53.4164],[-2.26069,53.41613],[-2.26239,53.416],[-2.26312,53.41603],[-2.26423,53.41643],[-2.26533,53.4173],[-2.26563,53.41806],[-2.26574,53.41887],[-2.26535,53.41974],[-2.26548,53.4202],[-2.26576,53.42057],[-2.2667,53.42091],[-2.26784,53.42122],[-2.26902,53.42143],[-2.27061,53.42141],[-2.27196,53.42137],[-2.27252,53.42157],[-2.2731,53.42219],[-2.27385,53.42265],[-2.27535,53.42323],[-2.27647,53.42342],[-2.27773,53.42354],[-2.28078,53.42397],[-2.28346,53.4249],[-2.28428,53.42558],[-2.28466,53.4263],[-2.28507,53.427],[-2.28537,53.4275],[-2.28565,53.42819],[-2.28589,53.42914],[-2.28593,53.42946],[-2.28669,53.43024]]]]}},{"type":"Feature","properties":{"id":"A014","name":"St Kentigern, Fallowfield","deaneryId":"A"},"geometry":{"type":"MultiPolygon","coordinates":[[[[-2.23996,53.45332],[-2.2372,53.45332],[-2.23437,53.45273],[-2.23198,53.45272],[-2.23191,53.45212],[-2.23166,53.45155],[-2.23001,53.45153],[-2.22969,53.44975],[-2.22956,53.4495],[-2.22408,53.45077],[-2.22209,53.45136],[-2.22038,53.44919],[-2.22018,53.44878],[-2.21962,53.44784],[-2.21823,53.44671],[-2.21574,53.44687],[-2.2098,53.44694],[-2.20679,53.44726],[-2.20518,53.44211],[-2.20536,53.44196],[-2.2037,53.44214],[-2.20585,53.43789],[-2.20604,53.43787],[-2.20703,53.43806],[-2.2137,53.43815],[-2.21439,53.44083],[-2.21627,53.44088],[-2.21795,53.44116],[-2.21925,53.44129],[-2.22305,53.44175],[-2.226,53.43811],[-2.23493,53.4407],[-2.23564,53.44072],[-2.23565,53.44058],[-2.23638,53.43966],[-2.23709,53.4398],[-2.23798,53.43997],[-2.24244,53.44005],[-2.24401,53.43987],[-2.24413,53.44088],[-2.24444,53.44631],[-2.23939,53.44638],[-2.23954,53.44839],[-2.23869,53.45033],[-2.23994,53.45031],[-2.23996,53.45332]]]]}},{"type":"Feature","properties":{"id":"A015","name":"St Cuthbert, Withington","deaneryId":"A"},"geometry":{"type":"MultiPolygon","coordinates":[[[[-2.24608,53.42217],[-2.24259,53.42532],[-2.24371,53.4258],[-2.23854,53.43012],[-2.24116,53.43113],[-2.238,53.43412],[-2.24046,53.43469],[-2.23709,53.4398],[-2.23638,53.43966],[-2.23565,53.44058],[-2.23564,53.44072],[-2.23493,53.4407],[-2.226,53.43811],[-2.22305,53.44175],[-2.21795,53.44116],[-2.21627,53.44088],[-2.21439,53.44083],[-2.2137,53.43815],[-2.21363,53.43792],[-2.21598,53.43771],[-2.2148,53.43482],[-2.21454,53.4336],[-2.21766,53.42449],[-2.22482,53.42159],[-2.22479,53.42086],[-2.22532,53.42083],[-2.22601,53.42093],[-2.22648,53.42107],[-2.22755,53.42111],[-2.22791,53.4212],[-2.22978,53.42205],[-2.23074,53.42241],[-2.23237,53.42248],[-2.234,53.42272],[-2.23492,53.42274],[-2.23558,53.42269],[-2.23581,53.42273],[-2.23603,53.42265],[-2.23941,53.42016],[-2.24213,53.42099],[-2.24608,53.42217]]]]}},{"type":"Feature","properties":{"id":"A016","name":"St Catherine of Sienna, Didsbury","deaneryId":"A"},"geometry":{"type":"MultiPolygon","coordinates":[[[[-2.25385,53.4121],[-2.25209,53.41283],[-2.24754,53.41536],[-2.24213,53.42099],[-2.23941,53.42016],[-2.23603,53.42265],[-2.23581,53.42273],[-2.23558,53.42269],[-2.23492,53.42274],[-2.234,53.42272],[-2.23237,53.42248],[-2.23074,53.42241],[-2.22978,53.42205],[-2.22791,53.4212],[-2.22755,53.42111],[-2.22648,53.42107],[-2.22601,53.42093],[-2.22532,53.42083],[-2.22479,53.42086],[-2.22482,53.42159],[-2.21766,53.42449],[-2.21522,53.42455],[-2.21442,53.42447],[-2.21362,53.42434],[-2.20744,53.42301],[-2.2049,53.42188],[-2.20754,53.42035],[-2.20674,53.42026],[-2.2062,53.42011],[-2.20689,53.4189],[-2.20783,53.41892],[-2.2087,53.4188],[-2.20937,53.41816],[-2.2095,53.41783],[-2.20982,53.41785],[-2.21349,53.41884],[-2.2149,53.4115],[-2.21436,53.41106],[-2.21544,53.41088],[-2.21498,53.40969],[-2.21306,53.40682],[-2.21366,53.40656],[-2.21598,53.40595],[-2.2168,53.40578],[-2.21754,53.40563],[-2.21915,53.40531],[-2.2195,53.40508],[-2.21928,53.40372],[-2.21967,53.40306],[-2.21997,53.40237],[-2.22083,53.40168],[-2.22246,53.40127],[-2.22417,53.40137],[-2.22653,53.40119],[-2.22911,53.40086],[-2.23301,53.40088],[-2.23636,53.40106],[-2.23872,53.40071],[-2.24022,53.40073],[-2.24263,53.40178],[-2.24447,53.40298],[-2.24486,53.40375],[-2.2443,53.40472],[-2.24258,53.40539],[-2.2419,53.40587],[-2.24121,53.4061],[-2.23907,53.40697],[-2.23812,53.40772],[-2.23872,53.40989],[-2.23902,53.41096],[-2.23967,53.41166],[-2.24147,53.41229],[-2.24331,53.41278],[-2.2443,53.41258],[-2.24486,53.41194],[-2.24567,53.41084],[-2.2464,53.41035],[-2.24679,53.40951],[-2.24636,53.40889],[-2.24546,53.40843],[-2.24486,53.40802],[-2.24486,53.40745],[-2.24533,53.40705],[-2.24591,53.40679],[-2.24683,53.40672],[-2.24737,53.40678],[-2.24801,53.40718],[-2.24887,53.40769],[-2.25263,53.40867],[-2.25355,53.40924],[-2.25372,53.40984],[-2.25402,53.41077],[-2.25385,53.4121]]]]}},{"type":"Feature","properties":{"id":"A020","name":"St Bernard, Burnage","deaneryId":"A"},"geometry":{"type":"MultiPolygon","coordinates":[[[[-2.21766,53.42449],[-2.21454,53.4336],[-2.2148,53.43482],[-2.21598,53.43771],[-2.21363,53.43792],[-2.2137,53.43815],[-2.20703,53.43806],[-2.20604,53.43787],[-2.20645,53.43667],[-2.2036,53.43614],[-2.20041,53.43604],[-2.19971,53.43619],[-2.19862,53.43605],[-2.19653,53.43593],[-2.19142,53.43516],[-2.19338,53.42772],[-2.19445,53.42769],[-2.19604,53.42801],[-2.19631,53.42804],[-2.19897,53.42736],[-2.20177,53.42351],[-2.2049,53.42188],[-2.20744,53.42301],[-2.21362,53.42434],[-2.21442,53.42447],[-2.21522,53.42455],[-2.21766,53.42449]]]]}},{"type":"Feature","properties":{"id":"A021","name":"Sacred Heart and St Francis of Assisi, Gorton","deaneryId":"A"},"geometry":{"type":"MultiPolygon","coordinates":[[[[-2.2158,53.47209],[-2.21363,53.47124],[-2.21189,53.47091],[-2.20554,53.47137],[-2.20333,53.47156],[-2.20096,53.47167],[-2.19827,53.47174],[-2.19473,53.47187],[-2.19101,53.47151],[-2.18793,53.47099],[-2.17978,53.46958],[-2.17673,53.46907],[-2.17274,53.46871],[-2.16911,53.46881],[-2.16677,53.46613],[-2.16654,53.46574],[-2.1665,53.46552],[-2.16613,53.4651],[-2.16534,53.4643],[-2.16506,53.46402],[-2.16501,53.46385],[-2.16396,53.46308],[-2.16368,53.46276],[-2.16248,53.46202],[-2.1618,53.46166],[-2.16137,53.46119],[-2.16122,53.46072],[-2.16122,53.46041],[-2.16122,53.45965],[-2.16065,53.45814],[-2.1596,53.45803],[-2.15899,53.4579],[-2.15693,53.45785],[-2.15702,53.45705],[-2.15713,53.45693],[-2.16063,53.45584],[-2.16109,53.45564],[-2.16111,53.45539],[-2.16005,53.45392],[-2.15988,53.45333],[-2.16173,53.45316],[-2.16139,53.45164],[-2.16492,53.45313],[-2.16614,53.45367],[-2.16759,53.4494],[-2.16828,53.44931],[-2.17198,53.44829],[-2.17265,53.4479],[-2.17458,53.44777],[-2.17551,53.44776],[-2.17609,53.44781],[-2.17667,53.44796],[-2.17687,53.4481],[-2.1772,53.44842],[-2.17924,53.4481],[-2.1792,53.44858],[-2.17956,53.4495],[-2.18102,53.45371],[-2.18222,53.45371],[-2.18349,53.45376],[-2.18411,53.45385],[-2.1844,53.45398],[-2.18452,53.4544],[-2.18787,53.45596],[-2.18827,53.45651],[-2.18866,53.45649],[-2.18912,53.45639],[-2.19017,53.45625],[-2.19064,53.45767],[-2.19095,53.4582],[-2.19231,53.46049],[-2.19115,53.46079],[-2.19,53.46099],[-2.18844,53.46111],[-2.18659,53.46148],[-2.1856,53.46185],[-2.18302,53.46249],[-2.18245,53.46232],[-2.18204,53.46226],[-2.18161,53.46267],[-2.19636,53.46536],[-2.20795,53.46749],[-2.21047,53.46916],[-2.21208,53.47013],[-2.2158,53.47209]]]]}},{"type":"Feature","properties":{"id":"A022","name":"Holy Family, Denton","deaneryId":"A"},"geometry":{"type":"MultiPolygon","coordinates":[[[[-2.1362,53.45701],[-2.13576,53.45247],[-2.13781,53.45036],[-2.13918,53.44897],[-2.14292,53.44528],[-2.14482,53.44372],[-2.14595,53.44462],[-2.14757,53.44569],[-2.14954,53.44674],[-2.15156,53.44584],[-2.15196,53.44549],[-2.15388,53.44482],[-2.15716,53.44513],[-2.16362,53.44549],[-2.16889,53.44539],[-2.17308,53.44555],[-2.17309,53.44577],[-2.17215,53.44721],[-2.1721,53.4474],[-2.1722,53.4476],[-2.17243,53.44778],[-2.17265,53.4479],[-2.17265,53.4479],[-2.17198,53.44829],[-2.16828,53.44931],[-2.16759,53.4494],[-2.16614,53.45367],[-2.16492,53.45313],[-2.16139,53.45164],[-2.16173,53.45316],[-2.15988,53.45333],[-2.16005,53.45392],[-2.16111,53.45539],[-2.16109,53.45564],[-2.16063,53.45584],[-2.15713,53.45693],[-2.15702,53.45705],[-2.15693,53.45785],[-2.15693,53.45785],[-2.15899,53.4579],[-2.1596,53.45803],[-2.16065,53.45814],[-2.16122,53.45965],[-2.16122,53.46041],[-2.16122,53.46072],[-2.16137,53.46119],[-2.1618,53.46166],[-2.16102,53.46204],[-2.16027,53.46208],[-2.15948,53.4623],[-2.15926,53.46218],[-2.15928,53.46191],[-2.15883,53.46188],[-2.15793,53.46216],[-2.15735,53.46257],[-2.15676,53.46288],[-2.15646,53.46317],[-2.15645,53.46345],[-2.15636,53.46356],[-2.15581,53.4634],[-2.15536,53.46312],[-2.15506,53.46308],[-2.15467,53.46309],[-2.15106,53.46014],[-2.1503,53.45952],[-2.14966,53.45929],[-2.15052,53.45808],[-2.14719,53.458],[-2.14692,53.4575],[-2.1362,53.45701]]]]}},{"type":"Feature","properties":{"id":"A023","name":"St Joseph, Reddish","deaneryId":"A"},"geometry":{"type":"MultiPolygon","coordinates":[[[[-2.17656,53.43304],[-2.17576,53.43377],[-2.17576,53.43429],[-2.17541,53.43417],[-2.17525,53.43456],[-2.17516,53.43555],[-2.17412,53.4406],[-2.17427,53.44197],[-2.17414,53.44267],[-2.17347,53.44506],[-2.17308,53.44555],[-2.16889,53.44539],[-2.16362,53.44549],[-2.15716,53.44513],[-2.15388,53.44482],[-2.15196,53.44549],[-2.15156,53.44584],[-2.14954,53.44674],[-2.14757,53.44569],[-2.14595,53.44462],[-2.14482,53.44372],[-2.14362,53.44228],[-2.14299,53.4413],[-2.14261,53.44042],[-2.14218,53.43937],[-2.14174,53.43818],[-2.14298,53.43782],[-2.14379,53.43774],[-2.14437,53.43787],[-2.14476,53.43766],[-2.14463,53.43733],[-2.1442,53.437],[-2.14343,53.43667],[-2.14246,53.43636],[-2.14238,53.43619],[-2.14266,53.436],[-2.14304,53.4359],[-2.14369,53.43566],[-2.14407,53.43537],[-2.14424,53.43498],[-2.14439,53.43465],[-2.14484,53.43454],[-2.14534,53.43457],[-2.14579,53.43476],[-2.14645,53.43502],[-2.1471,53.43541],[-2.14761,53.43526],[-2.14804,53.43429],[-2.14802,53.43352],[-2.14763,53.43309],[-2.14723,53.43266],[-2.14736,53.43228],[-2.14774,53.4322],[-2.14879,53.43236],[-2.14909,53.43211],[-2.14871,53.43162],[-2.14817,53.43141],[-2.14746,53.43132],[-2.14633,53.43121],[-2.14587,53.43103],[-2.14583,53.43073],[-2.1459,53.42951],[-2.1462,53.42933],[-2.14699,53.42937],[-2.14783,53.42958],[-2.14832,53.42976],[-2.14866,53.43006],[-2.14894,53.43026],[-2.14918,53.43016],[-2.14918,53.42989],[-2.14896,53.42953],[-2.14884,53.42917],[-2.14877,53.42868],[-2.1486,53.4283],[-2.14826,53.42814],[-2.14774,53.42809],[-2.14725,53.4281],[-2.14587,53.4281],[-2.14532,53.42807],[-2.1448,53.42792],[-2.14517,53.42759],[-2.14603,53.4273],[-2.14717,53.42734],[-2.14753,53.42703],[-2.14754,53.42669],[-2.14666,53.42603],[-2.14623,53.42586],[-2.14561,53.42571],[-2.14875,53.42452],[-2.15126,53.42436],[-2.15249,53.42426],[-2.15454,53.42429],[-2.15441,53.42483],[-2.15444,53.42607],[-2.15968,53.42614],[-2.16053,53.42596],[-2.15961,53.42531],[-2.16079,53.42478],[-2.16205,53.42447],[-2.16465,53.4242],[-2.16643,53.42414],[-2.16701,53.42394],[-2.1683,53.42313],[-2.17089,53.42554],[-2.1748,53.42807],[-2.17535,53.42852],[-2.17493,53.42896],[-2.17452,53.42926],[-2.17409,53.42943],[-2.17463,53.43134],[-2.17457,53.43264],[-2.17679,53.4324],[-2.17656,53.43304]]]]}},{"type":"Feature","properties":{"id":"A025","name":"St Mary, Heaton Mersey","deaneryId":"A"},"geometry":{"type":"MultiPolygon","coordinates":[[[[-2.18687,53.43519],[-2.18565,53.43532],[-2.18418,53.43535],[-2.18376,53.43468],[-2.18026,53.431],[-2.17855,53.43158],[-2.17679,53.4324],[-2.17457,53.43264],[-2.17463,53.43134],[-2.17409,53.42943],[-2.17452,53.42926],[-2.17493,53.42896],[-2.17535,53.42852],[-2.1748,53.42807],[-2.17089,53.42554],[-2.1683,53.42313],[-2.16701,53.42394],[-2.16643,53.42414],[-2.16465,53.4242],[-2.16205,53.42447],[-2.16079,53.42478],[-2.15961,53.42531],[-2.16053,53.42596],[-2.15968,53.42614],[-2.15444,53.42607],[-2.15441,53.42483],[-2.15454,53.42429],[-2.15249,53.42426],[-2.15126,53.42436],[-2.14875,53.42452],[-2.14561,53.42571],[-2.14409,53.42584],[-2.14373,53.42609],[-2.14364,53.4266],[-2.14356,53.42703],[-2.14345,53.4274],[-2.14311,53.42758],[-2.14272,53.42746],[-2.14255,53.42717],[-2.14242,53.42666],[-2.14259,53.42577],[-2.14263,53.42501],[-2.14195,53.42449],[-2.14148,53.42411],[-2.14165,53.42368],[-2.14216,53.42339],[-2.14289,53.4235],[-2.14508,53.42383],[-2.1471,53.42396],[-2.14761,53.4236],[-2.14783,53.4227],[-2.14808,53.42178],[-2.14783,53.42109],[-2.14808,53.42045],[-2.14941,53.41979],[-2.1507,53.41933],[-2.15087,53.41879],[-2.15152,53.41859],[-2.15336,53.41841],[-2.15448,53.41841],[-2.15521,53.4181],[-2.15577,53.41754],[-2.15555,53.41682],[-2.15547,53.41618],[-2.1562,53.41575],[-2.15654,53.41524],[-2.15632,53.4148],[-2.1565,53.41432],[-2.15761,53.41416],[-2.15778,53.41362],[-2.15778,53.41283],[-2.1589,53.41222],[-2.15954,53.41186],[-2.16044,53.41125],[-2.16079,53.41066],[-2.16105,53.41022],[-2.16199,53.40979],[-2.16315,53.40935],[-2.16465,53.40925],[-2.16632,53.4093],[-2.16898,53.40906],[-2.17029,53.40898],[-2.17156,53.40889],[-2.17259,53.40856],[-2.17319,53.40805],[-2.17398,53.40742],[-2.17428,53.40784],[-2.17422,53.40818],[-2.17433,53.40843],[-2.17482,53.40865],[-2.17508,53.40894],[-2.1751,53.40946],[-2.1754,53.40986],[-2.17615,53.40992],[-2.17561,53.41087],[-2.1757,53.41135],[-2.17649,53.41242],[-2.17656,53.41291],[-2.17622,53.41397],[-2.17619,53.41464],[-2.17649,53.41464],[-2.17718,53.41579],[-2.17721,53.41656],[-2.17714,53.41759],[-2.17678,53.4179],[-2.17568,53.41819],[-2.17428,53.41827],[-2.17291,53.41834],[-2.18687,53.43519]]]]}},{"type":"Feature","properties":{"id":"A026","name":"St Mary and St John Fisher, Denton","deaneryId":"A"},"geometry":{"type":"MultiPolygon","coordinates":[[[[-2.14921,53.46033],[-2.14688,53.46558],[-2.14613,53.46612],[-2.14502,53.46655],[-2.14373,53.46674],[-2.14306,53.46697],[-2.14285,53.46729],[-2.14306,53.46876],[-2.14298,53.46936],[-2.14169,53.4704],[-2.141,53.47067],[-2.14012,53.47064],[-2.1365,53.47167],[-2.13512,53.47176],[-2.13386,53.47212],[-2.13281,53.47162],[-2.13122,53.47134],[-2.12974,53.4712],[-2.12654,53.47123],[-2.12568,53.47141],[-2.12463,53.47202],[-2.12394,53.47311],[-2.12319,53.47378],[-2.12214,53.47428],[-2.12075,53.47351],[-2.11886,53.47251],[-2.11486,53.4696],[-2.11095,53.46852],[-2.10521,53.46842],[-2.10474,53.4681],[-2.10307,53.46742],[-2.10306,53.46724],[-2.10483,53.4664],[-2.1053,53.46607],[-2.10571,53.46577],[-2.10622,53.46552],[-2.10613,53.46531],[-2.1051,53.46493],[-2.10472,53.46496],[-2.10302,53.46561],[-2.10257,53.4657],[-2.10227,53.46551],[-2.10208,53.46503],[-2.10269,53.46414],[-2.10277,53.46399],[-2.10196,53.46371],[-2.10147,53.46339],[-2.10124,53.46279],[-2.10094,53.46227],[-2.10066,53.46218],[-2.10026,53.46227],[-2.09895,53.46362],[-2.09868,53.4636],[-2.09814,53.46352],[-2.09811,53.46324],[-2.0986,53.46264],[-2.09927,53.46217],[-2.09935,53.46169],[-2.09904,53.46146],[-2.09869,53.46133],[-2.09852,53.46096],[-2.0984,53.46074],[-2.09805,53.46066],[-2.09665,53.46086],[-2.09587,53.46073],[-2.09555,53.46049],[-2.09513,53.45957],[-2.09516,53.45935],[-2.09664,53.45857],[-2.09675,53.45839],[-2.09663,53.45818],[-2.09629,53.45812],[-2.09582,53.45814],[-2.09535,53.45832],[-2.0945,53.45882],[-2.09403,53.45882],[-2.09373,53.45866],[-2.09384,53.45808],[-2.09448,53.45771],[-2.09481,53.45741],[-2.09579,53.45534],[-2.09618,53.45483],[-2.09621,53.45444],[-2.09548,53.45361],[-2.09528,53.45328],[-2.09563,53.45256],[-2.09623,53.45184],[-2.09637,53.45108],[-2.09634,53.45055],[-2.09597,53.4503],[-2.09488,53.45024],[-2.0935,53.45016],[-2.09242,53.45035],[-2.09193,53.45033],[-2.09093,53.45016],[-2.09073,53.44984],[-2.09056,53.44959],[-2.09015,53.44939],[-2.08959,53.44936],[-2.0892,53.44934],[-2.08835,53.44946],[-2.08791,53.44933],[-2.08782,53.44913],[-2.08822,53.44883],[-2.08873,53.44844],[-2.0893,53.44814],[-2.08989,53.4476],[-2.0902,53.44709],[-2.09036,53.44676],[-2.09111,53.44621],[-2.0913,53.44594],[-2.09122,53.44562],[-2.08999,53.44459],[-2.08879,53.44389],[-2.08861,53.44363],[-2.08868,53.44345],[-2.08896,53.44336],[-2.09058,53.4425],[-2.09099,53.4422],[-2.09157,53.44205],[-2.0921,53.44189],[-2.09234,53.4416],[-2.09244,53.44072],[-2.09214,53.44015],[-2.09217,53.43978],[-2.09225,53.43926],[-2.0929,53.43728],[-2.09343,53.43675],[-2.0939,53.43645],[-2.09646,53.437],[-2.09729,53.43702],[-2.09774,53.43695],[-2.09802,53.43665],[-2.09822,53.43629],[-2.09806,53.4358],[-2.09778,53.43533],[-2.09732,53.43454],[-2.09673,53.43392],[-2.09668,53.43372],[-2.0969,53.43344],[-2.09781,53.43334],[-2.10063,53.43354],[-2.10127,53.43339],[-2.10174,53.43298],[-2.10197,53.4327],[-2.10263,53.43261],[-2.10391,53.4329],[-2.10468,53.43326],[-2.10609,53.43332],[-2.10736,53.43372],[-2.10815,53.43433],[-2.10836,53.43469],[-2.11015,53.43573],[-2.11074,53.43633],[-2.11091,53.43652],[-2.1109,53.43689],[-2.11102,53.4373],[-2.11168,53.43784],[-2.11279,53.43856],[-2.11378,53.43939],[-2.11494,53.44012],[-2.11559,53.44058],[-2.11608,53.4407],[-2.11675,53.44048],[-2.11719,53.44001],[-2.11737,53.43962],[-2.11733,53.43932],[-2.11693,53.43927],[-2.11603,53.43939],[-2.1154,53.43941],[-2.11495,53.4393],[-2.11469,53.43905],[-2.11472,53.43879],[-2.11518,53.43842],[-2.1158,53.43817],[-2.11633,53.43805],[-2.1173,53.43723],[-2.11769,53.43709],[-2.11815,53.43704],[-2.11868,53.43704],[-2.11915,53.43695],[-2.11946,53.43672],[-2.11963,53.43645],[-2.12002,53.4364],[-2.1203,53.43644],[-2.12052,53.4367],[-2.12074,53.43693],[-2.1205,53.43731],[-2.11991,53.43806],[-2.11951,53.43846],[-2.11932,53.43868],[-2.11969,53.43925],[-2.12047,53.43967],[-2.12133,53.44011],[-2.12245,53.44088],[-2.12271,53.44105],[-2.12288,53.44112],[-2.1234,53.44104],[-2.12372,53.44073],[-2.12384,53.43993],[-2.12362,53.43922],[-2.12249,53.43845],[-2.12239,53.43823],[-2.12246,53.43801],[-2.12279,53.43776],[-2.12306,53.43764],[-2.12425,53.43801],[-2.12491,53.43817],[-2.12575,53.4385],[-2.12712,53.43879],[-2.12887,53.43937],[-2.12973,53.43956],[-2.1305,53.4395],[-2.13115,53.4393],[-2.13171,53.4389],[-2.13217,53.43856],[-2.13325,53.43836],[-2.13373,53.43814],[-2.13408,53.43763],[-2.13427,53.43744],[-2.1345,53.43735],[-2.13515,53.43746],[-2.13537,53.43771],[-2.13548,53.43822],[-2.13525,53.43863],[-2.13544,53.43913],[-2.13577,53.43933],[-2.13635,53.43915],[-2.13682,53.43872],[-2.13696,53.43797],[-2.13726,53.43782],[-2.13774,53.43771],[-2.13822,53.43778],[-2.1386,53.43803],[-2.13915,53.43821],[-2.13957,53.43833],[-2.14001,53.43862],[-2.14025,53.439],[-2.14048,53.43929],[-2.14063,53.43942],[-2.14123,53.43927],[-2.14145,53.439],[-2.14174,53.43818],[-2.14261,53.44042],[-2.14299,53.4413],[-2.14362,53.44228],[-2.14482,53.44372],[-2.14292,53.44528],[-2.13918,53.44897],[-2.13781,53.45036],[-2.13576,53.45247],[-2.1362,53.45701],[-2.14692,53.4575],[-2.14719,53.458],[-2.15052,53.45808],[-2.14966,53.45929],[-2.1503,53.45952],[-2.15106,53.46014],[-2.15065,53.4603],[-2.14921,53.46033]]]]}},{"type":"Feature","properties":{"id":"A027","name":"St Winifred, Heaton Mersey","deaneryId":"A"},"geometry":{"type":"MultiPolygon","coordinates":[[[[-2.17398,53.40742],[-2.17476,53.40683],[-2.17553,53.40644],[-2.17613,53.40639],[-2.17828,53.40665],[-2.18175,53.40646],[-2.18415,53.40612],[-2.18617,53.40576],[-2.18883,53.40568],[-2.19212,53.4059],[-2.19598,53.4061],[-2.1983,53.40621],[-2.2001,53.40672],[-2.20164,53.40616],[-2.20387,53.40518],[-2.20559,53.40498],[-2.20696,53.40518],[-2.20834,53.406],[-2.20937,53.40682],[-2.21108,53.40697],[-2.21306,53.40682],[-2.21498,53.40969],[-2.21544,53.41088],[-2.21436,53.41106],[-2.2149,53.4115],[-2.21349,53.41884],[-2.20982,53.41785],[-2.2095,53.41783],[-2.20937,53.41816],[-2.2087,53.4188],[-2.20783,53.41892],[-2.20689,53.4189],[-2.2062,53.42011],[-2.20674,53.42026],[-2.20754,53.42035],[-2.2049,53.42188],[-2.20177,53.42351],[-2.19897,53.42736],[-2.19631,53.42804],[-2.19604,53.42801],[-2.19445,53.42769],[-2.19338,53.42772],[-2.19142,53.43516],[-2.18965,53.43483],[-2.18878,53.43477],[-2.1883,53.43484],[-2.18687,53.43519],[-2.17291,53.41834],[-2.17428,53.41827],[-2.17568,53.41819],[-2.17678,53.4179],[-2.17714,53.41759],[-2.17721,53.41656],[-2.17718,53.41579],[-2.17649,53.41464],[-2.17619,53.41464],[-2.17622,53.41397],[-2.17656,53.41291],[-2.17649,53.41242],[-2.1757,53.41135],[-2.17561,53.41087],[-2.17615,53.40992],[-2.1754,53.40986],[-2.1751,53.40946],[-2.17508,53.40894],[-2.17482,53.40865],[-2.17433,53.40843],[-2.17422,53.40818],[-2.17428,53.40784],[-2.17398,53.40742]]]]}},{"type":"Feature","properties":{"id":"A029","name":"Saint Antony of Padua, Stretford and Trafford Park","deaneryId":"A"},"geometry":{"type":"MultiPolygon","coordinates":[[[[-2.28306,53.46412],[-2.28204,53.46332],[-2.28197,53.46257],[-2.28157,53.46136],[-2.28001,53.46028],[-2.28215,53.45863],[-2.28326,53.45758],[-2.28406,53.4569],[-2.28507,53.45633],[-2.28521,53.45619],[-2.28498,53.45608],[-2.28815,53.45385],[-2.28793,53.45365],[-2.28718,53.45289],[-2.28689,53.45297],[-2.28648,53.4529],[-2.28593,53.45237],[-2.28591,53.45221],[-2.28601,53.45205],[-2.28628,53.45197],[-2.2866,53.45198],[-2.28681,53.45205],[-2.28711,53.45225],[-2.28742,53.45226],[-2.29356,53.45055],[-2.28904,53.44597],[-2.28997,53.44495],[-2.29183,53.44527],[-2.29327,53.44442],[-2.29342,53.44373],[-2.29146,53.44306],[-2.28996,53.44134],[-2.29138,53.43927],[-2.29546,53.43874],[-2.29407,53.43605],[-2.29548,53.43586],[-2.29639,53.43606],[-2.29707,53.43646],[-2.29756,53.43647],[-2.29783,53.43661],[-2.29849,53.43679],[-2.29939,53.43721],[-2.29972,53.43728],[-2.29996,53.4378],[-2.30063,53.43815],[-2.30138,53.43837],[-2.30232,53.43839],[-2.30305,53.43824],[-2.30434,53.43761],[-2.30541,53.43687],[-2.30629,53.43646],[-2.307,53.4364],[-2.3088,53.4366],[-2.30962,53.43687],[-2.31026,53.43706],[-2.31082,53.43693],[-2.31129,53.4364],[-2.31249,53.43559],[-2.31327,53.43537],[-2.31436,53.43523],[-2.3152,53.43504],[-2.31597,53.43466],[-2.31683,53.43453],[-2.31794,53.43404],[-2.31887,53.43355],[-2.31977,53.43315],[-2.32058,53.43316],[-2.32148,53.43323],[-2.32185,53.43314],[-2.32292,53.43268],[-2.32348,53.43261],[-2.32417,53.4327],[-2.32505,53.43303],[-2.32571,53.43316],[-2.32666,53.43311],[-2.32715,53.4331],[-2.3276,53.43316],[-2.32844,53.43342],[-2.3302,53.43404],[-2.33118,53.43465],[-2.33232,53.43497],[-2.33369,53.435],[-2.33421,53.43527],[-2.33444,53.43596],[-2.33451,53.43733],[-2.33505,53.43761],[-2.33558,53.43764],[-2.33693,53.43727],[-2.33822,53.43707],[-2.33968,53.43683],[-2.34065,53.43651],[-2.34107,53.43644],[-2.3415,53.43669],[-2.34223,53.43727],[-2.34245,53.43748],[-2.34419,53.43875],[-2.34575,53.44013],[-2.34637,53.44081],[-2.34494,53.44569],[-2.34529,53.44636],[-2.34552,53.44642],[-2.34606,53.44635],[-2.34609,53.44647],[-2.34645,53.44642],[-2.34659,53.44795],[-2.34651,53.44849],[-2.34648,53.44905],[-2.34771,53.44931],[-2.34886,53.45179],[-2.34912,53.45244],[-2.34868,53.45243],[-2.348,53.45241],[-2.34808,53.45489],[-2.34981,53.45489],[-2.34994,53.45543],[-2.35038,53.45668],[-2.35029,53.45707],[-2.34923,53.45708],[-2.34945,53.45835],[-2.35009,53.45981],[-2.35,53.46031],[-2.35125,53.46042],[-2.3509,53.4612],[-2.35082,53.46172],[-2.35044,53.46175],[-2.35071,53.46228],[-2.34957,53.4625],[-2.34953,53.46256],[-2.35318,53.46353],[-2.35837,53.46478],[-2.36288,53.46585],[-2.36503,53.46653],[-2.36677,53.46744],[-2.36914,53.4693],[-2.35236,53.47469],[-2.34399,53.47654],[-2.32653,53.48033],[-2.32284,53.48033],[-2.31734,53.47921],[-2.3055,53.47349],[-2.28404,53.46546],[-2.2841,53.46483],[-2.2836,53.46447],[-2.28306,53.46412]]]]}},{"type":"Feature","properties":{"id":"A030","name":"St John Henry Newman, Urmston & Flixton","deaneryId":"A"},"geometry":{"type":"MultiPolygon","coordinates":[[[[-2.37566,53.43577],[-2.37661,53.43628],[-2.37777,53.43651],[-2.37931,53.43608],[-2.37978,53.43608],[-2.38026,53.43664],[-2.38081,53.4372],[-2.38086,53.43787],[-2.38062,53.43839],[-2.38032,53.4386],[-2.37987,53.43861],[-2.37886,53.43851],[-2.37841,53.43863],[-2.37822,53.43893],[-2.37828,53.43926],[-2.37878,53.43932],[-2.37976,53.43922],[-2.38077,53.4394],[-2.38167,53.43963],[-2.38268,53.43948],[-2.38367,53.43931],[-2.38399,53.43893],[-2.38309,53.43779],[-2.38358,53.43755],[-2.38459,53.43761],[-2.38609,53.43797],[-2.38629,53.4382],[-2.3865,53.43844],[-2.38644,53.43899],[-2.38616,53.43958],[-2.38558,53.43991],[-2.38463,53.44014],[-2.38451,53.44058],[-2.38481,53.44073],[-2.38635,53.44051],[-2.38779,53.44019],[-2.38916,53.44014],[-2.39,53.43991],[-2.39092,53.43927],[-2.39131,53.43876],[-2.39129,53.43802],[-2.39146,53.43711],[-2.39133,53.43663],[-2.39019,53.43581],[-2.38914,53.43534],[-2.3883,53.43465],[-2.38854,53.43399],[-2.38916,53.43319],[-2.39058,53.43257],[-2.39204,53.43256],[-2.3938,53.43288],[-2.39523,53.4336],[-2.3959,53.43399],[-2.39742,53.43424],[-2.39867,53.43433],[-2.39944,53.43465],[-2.40015,53.43525],[-2.4003,53.43608],[-2.40045,53.43686],[-2.4018,53.43748],[-2.40216,53.43791],[-2.40163,53.43842],[-2.40079,53.43913],[-2.40096,53.43961],[-2.40154,53.43971],[-2.40249,53.43955],[-2.40403,53.43996],[-2.40601,53.43955],[-2.40987,53.43894],[-2.41176,53.43828],[-2.4139,53.43715],[-2.41239,53.43998],[-2.41098,53.44262],[-2.40915,53.44564],[-2.40592,53.45095],[-2.40197,53.45463],[-2.40089,53.45535],[-2.39167,53.46118],[-2.38047,53.46501],[-2.36914,53.4693],[-2.36677,53.46744],[-2.36503,53.46653],[-2.36288,53.46585],[-2.35837,53.46478],[-2.35318,53.46353],[-2.34953,53.46256],[-2.34957,53.4625],[-2.35071,53.46228],[-2.35044,53.46175],[-2.35082,53.46172],[-2.3509,53.4612],[-2.35125,53.46042],[-2.35,53.46031],[-2.35009,53.45981],[-2.34945,53.45835],[-2.34923,53.45708],[-2.35029,53.45707],[-2.35038,53.45668],[-2.34994,53.45543],[-2.34981,53.45489],[-2.34808,53.45489],[-2.348,53.45241],[-2.34868,53.45243],[-2.34912,53.45244],[-2.34886,53.45179],[-2.34771,53.44931],[-2.34648,53.44905],[-2.34651,53.44849],[-2.34659,53.44795],[-2.34645,53.44642],[-2.34609,53.44647],[-2.34606,53.44635],[-2.34552,53.44642],[-2.34529,53.44636],[-2.34494,53.44569],[-2.34637,53.44081],[-2.34706,53.44082],[-2.34921,53.44028],[-2.35101,53.4399],[-2.35187,53.44008],[-2.35228,53.43987],[-2.35204,53.43943],[-2.3517,53.43891],[-2.3509,53.43828],[-2.3503,53.43791],[-2.35032,53.43773],[-2.35065,53.4375],[-2.35129,53.43744],[-2.35159,53.4376],[-2.35195,53.43797],[-2.35328,53.43802],[-2.35363,53.43773],[-2.35431,53.43727],[-2.35562,53.43697],[-2.3564,53.43677],[-2.3574,53.43549],[-2.3579,53.43539],[-2.35916,53.43573],[-2.35985,53.43571],[-2.36071,53.43517],[-2.36094,53.43467],[-2.36088,53.43392],[-2.36069,53.43335],[-2.36006,53.43284],[-2.35989,53.43254],[-2.36045,53.43167],[-2.36082,53.43146],[-2.36157,53.43169],[-2.36313,53.43237],[-2.36352,53.43247],[-2.36401,53.43232],[-2.36438,53.43188],[-2.36491,53.43185],[-2.36588,53.43245],[-2.36721,53.43328],[-2.36734,53.43383],[-2.3674,53.43436],[-2.36805,53.43472],[-2.36811,53.435],[-2.36736,53.43638],[-2.36715,53.43679],[-2.36742,53.43723],[-2.36824,53.4373],[-2.36948,53.43705],[-2.37105,53.43696],[-2.37219,53.43675],[-2.37324,53.43673],[-2.3744,53.43687],[-2.37481,53.43678],[-2.37485,53.43632],[-2.37463,53.43596],[-2.37474,53.43566],[-2.37566,53.43577]]]]}},{"type":"Feature","properties":{"id":"A034","name":"St Joseph and St Edward, Longsight & Rusholme","deaneryId":"A"},"geometry":{"type":"MultiPolygon","coordinates":[[[[-2.20679,53.44726],[-2.2098,53.44694],[-2.21574,53.44687],[-2.21823,53.44671],[-2.21962,53.44784],[-2.22018,53.44878],[-2.22038,53.44919],[-2.22209,53.45136],[-2.22408,53.45077],[-2.22956,53.4495],[-2.22969,53.44975],[-2.23001,53.45153],[-2.23166,53.45155],[-2.23191,53.45212],[-2.23198,53.45272],[-2.23437,53.45273],[-2.2372,53.45332],[-2.23996,53.45332],[-2.23992,53.45799],[-2.2388,53.45807],[-2.2357,53.45807],[-2.23565,53.46039],[-2.2308,53.46041],[-2.22848,53.4609],[-2.22946,53.46231],[-2.2301,53.46295],[-2.22613,53.46428],[-2.22775,53.4656],[-2.22394,53.46456],[-2.22267,53.46499],[-2.22288,53.46532],[-2.22276,53.46574],[-2.22052,53.46776],[-2.22155,53.4684],[-2.22226,53.46888],[-2.22266,53.46933],[-2.22276,53.46951],[-2.22279,53.47016],[-2.2208,53.47178],[-2.2158,53.47209],[-2.21208,53.47013],[-2.21047,53.46916],[-2.20795,53.46749],[-2.19636,53.46536],[-2.19748,53.46396],[-2.19774,53.46309],[-2.19727,53.46181],[-2.19727,53.4612],[-2.19769,53.46067],[-2.19853,53.46006],[-2.19982,53.4598],[-2.19821,53.45719],[-2.19993,53.45655],[-2.19875,53.4554],[-2.20602,53.45305],[-2.20689,53.453],[-2.20872,53.4507],[-2.20679,53.44726]]]]}},{"type":"Feature","properties":{"id":"A037","name":"St Robert of Newminster, Levenshulme","deaneryId":"A"},"geometry":{"type":"MultiPolygon","coordinates":[[[[-2.19142,53.43516],[-2.19653,53.43593],[-2.19862,53.43605],[-2.19971,53.43619],[-2.20041,53.43604],[-2.2036,53.43614],[-2.20645,53.43667],[-2.20604,53.43787],[-2.20585,53.43789],[-2.2037,53.44214],[-2.20536,53.44196],[-2.20518,53.44211],[-2.20679,53.44726],[-2.20872,53.4507],[-2.20689,53.453],[-2.20602,53.45305],[-2.19875,53.4554],[-2.19993,53.45655],[-2.19821,53.45719],[-2.19982,53.4598],[-2.19853,53.46006],[-2.19769,53.46067],[-2.19727,53.4612],[-2.19727,53.46181],[-2.19774,53.46309],[-2.19748,53.46396],[-2.19636,53.46536],[-2.18161,53.46267],[-2.18204,53.46226],[-2.18245,53.46232],[-2.18302,53.46249],[-2.1856,53.46185],[-2.18659,53.46148],[-2.18844,53.46111],[-2.19,53.46099],[-2.19115,53.46079],[-2.19231,53.46049],[-2.19064,53.45767],[-2.19017,53.45625],[-2.18912,53.45639],[-2.18866,53.45649],[-2.18827,53.45651],[-2.18787,53.45596],[-2.18452,53.4544],[-2.1844,53.45398],[-2.18411,53.45385],[-2.18349,53.45376],[-2.18222,53.45371],[-2.18102,53.45371],[-2.1792,53.44858],[-2.17924,53.4481],[-2.1772,53.44842],[-2.17687,53.4481],[-2.17667,53.44796],[-2.17609,53.44781],[-2.17551,53.44776],[-2.17458,53.44777],[-2.17265,53.4479],[-2.17243,53.44778],[-2.1722,53.4476],[-2.1721,53.4474],[-2.17215,53.44721],[-2.17309,53.44577],[-2.17308,53.44555],[-2.17347,53.44506],[-2.17414,53.44267],[-2.17427,53.44197],[-2.17412,53.4406],[-2.17516,53.43555],[-2.17525,53.43456],[-2.17541,53.43417],[-2.17576,53.43429],[-2.17576,53.43377],[-2.17656,53.43304],[-2.17679,53.4324],[-2.17855,53.43158],[-2.18026,53.431],[-2.18376,53.43468],[-2.18418,53.43535],[-2.18565,53.43532],[-2.18687,53.43519],[-2.1883,53.43484],[-2.18878,53.43477],[-2.18965,53.43483],[-2.19142,53.43516]]]]}},{"type":"Feature","properties":{"id":"B006","name":"St James and All Souls, Salford","deaneryId":"B"},"geometry":{"type":"MultiPolygon","coordinates":[[[[-2.28284,53.47995],[-2.28383,53.48028],[-2.2899,53.48116],[-2.2903,53.47996],[-2.29083,53.48001],[-2.29151,53.47807],[-2.29195,53.47813],[-2.29274,53.47642],[-2.29383,53.47614],[-2.29524,53.47546],[-2.29683,53.47494],[-2.30018,53.47413],[-2.30275,53.47377],[-2.3055,53.47349],[-2.31734,53.47921],[-2.32284,53.48033],[-2.32522,53.48033],[-2.3253,53.48178],[-2.32086,53.48393],[-2.32082,53.48502],[-2.32136,53.48919],[-2.3183,53.48924],[-2.31697,53.4895],[-2.3143,53.49093],[-2.31303,53.49157],[-2.31163,53.49203],[-2.31033,53.49223],[-2.30694,53.49253],[-2.30554,53.49246],[-2.3043,53.49231],[-2.30191,53.49188],[-2.30168,53.4942],[-2.30168,53.4942],[-2.3008,53.49425],[-2.29827,53.49471],[-2.29704,53.49535],[-2.29355,53.49365],[-2.29119,53.49461],[-2.28962,53.49558],[-2.28563,53.49328],[-2.28327,53.49228],[-2.28136,53.49171],[-2.27923,53.49088],[-2.27819,53.49018],[-2.27699,53.48904],[-2.27617,53.48798],[-2.27602,53.48771],[-2.27574,53.48646],[-2.27556,53.48534],[-2.27619,53.48557],[-2.27614,53.48469],[-2.27634,53.48393],[-2.27677,53.48322],[-2.2787,53.48138],[-2.28007,53.48047],[-2.28093,53.48024],[-2.28232,53.48019],[-2.28284,53.47995]]]]}},{"type":"Feature","properties":{"id":"B019","name":"St Teresa of Avila and St Joseph, Irlam","deaneryId":"B"},"geometry":{"type":"MultiPolygon","coordinates":[[[[-2.41239,53.43998],[-2.4139,53.43715],[-2.41519,53.43454],[-2.41665,53.43227],[-2.41828,53.4303],[-2.42266,53.42697],[-2.42781,53.4247],[-2.43321,53.42253],[-2.44442,53.41777],[-2.44914,53.41605],[-2.44935,53.41636],[-2.44948,53.41685],[-2.45021,53.41706],[-2.45055,53.41721],[-2.45087,53.41755],[-2.45105,53.4181],[-2.45122,53.41861],[-2.45105,53.41896],[-2.45023,53.41957],[-2.44987,53.42003],[-2.4492,53.42043],[-2.44903,53.42141],[-2.44892,53.42223],[-2.44903,53.42284],[-2.44916,53.42311],[-2.44978,53.42352],[-2.45029,53.42416],[-2.45064,53.42489],[-2.45152,53.42682],[-2.4521,53.42726],[-2.45278,53.42747],[-2.45358,53.42787],[-2.45431,53.4285],[-2.45491,53.42942],[-2.45519,53.42993],[-2.45716,53.43133],[-2.45859,53.43253],[-2.45932,53.43322],[-2.45989,53.43379],[-2.46123,53.4357],[-2.46188,53.43644],[-2.46228,53.43666],[-2.46265,53.43688],[-2.46391,53.43706],[-2.46557,53.43701],[-2.46652,53.43704],[-2.46714,53.43723],[-2.46813,53.43766],[-2.46998,53.43858],[-2.47064,53.43886],[-2.47222,53.43904],[-2.47325,53.43911],[-2.47405,53.43939],[-2.47589,53.44116],[-2.47716,53.44257],[-2.47791,53.4433],[-2.47821,53.44357],[-2.47836,53.4439],[-2.47752,53.44556],[-2.47589,53.44758],[-2.47581,53.44794],[-2.47594,53.44822],[-2.47804,53.44954],[-2.47948,53.45063],[-2.48152,53.45254],[-2.48267,53.45368],[-2.48317,53.45397],[-2.48424,53.45434],[-2.486,53.45514],[-2.48656,53.45569],[-2.48649,53.45627],[-2.48679,53.4571],[-2.48686,53.4579],[-2.48772,53.45872],[-2.48905,53.45928],[-2.48965,53.45959],[-2.48978,53.46026],[-2.45317,53.46345],[-2.43448,53.46507],[-2.4354,53.47209],[-2.42197,53.47446],[-2.413,53.46324],[-2.41085,53.46071],[-2.40477,53.4594],[-2.4002,53.45948],[-2.39651,53.45812],[-2.40197,53.45463],[-2.40592,53.45095],[-2.40915,53.44564],[-2.41098,53.44262],[-2.41239,53.43998]]]]}},{"type":"Feature","properties":{"id":"B020","name":"St Ambrose Barlow, Swinton & Pendlebury","deaneryId":"B"},"geometry":{"type":"MultiPolygon","coordinates":[[[[-2.362,53.52686],[-2.35871,53.52521],[-2.35558,53.52486],[-2.35186,53.52476],[-2.35325,53.52881],[-2.353,53.5324],[-2.35449,53.53284],[-2.35363,53.53436],[-2.3521,53.53511],[-2.35224,53.53588],[-2.3492,53.5356],[-2.34821,53.53605],[-2.34873,53.53666],[-2.34866,53.53733],[-2.34728,53.53756],[-2.34408,53.53716],[-2.34178,53.53639],[-2.33822,53.53363],[-2.33532,53.53136],[-2.33328,53.53086],[-2.33103,53.53028],[-2.32811,53.52959],[-2.32687,53.5285],[-2.32477,53.5273],[-2.32069,53.52689],[-2.31953,53.52702],[-2.31537,53.52738],[-2.31346,53.52743],[-2.31172,53.52748],[-2.31015,53.52708],[-2.30966,53.5265],[-2.30775,53.5253],[-2.30558,53.52383],[-2.30365,53.52267],[-2.30194,53.52051],[-2.30237,53.51878],[-2.30262,53.51778],[-2.30142,53.51671],[-2.29756,53.51566],[-2.29554,53.51569],[-2.29425,53.51538],[-2.2928,53.51454],[-2.29533,53.51288],[-2.29574,53.51202],[-2.29663,53.51127],[-2.29808,53.51089],[-2.29967,53.51062],[-2.30468,53.51056],[-2.30906,53.50974],[-2.31322,53.50809],[-2.31182,53.50668],[-2.31473,53.50566],[-2.31451,53.5051],[-2.31582,53.50395],[-2.31558,53.50385],[-2.31558,53.50349],[-2.31541,53.50308],[-2.3173,53.50303],[-2.32215,53.50255],[-2.327,53.50227],[-2.32719,53.50043],[-2.32902,53.49813],[-2.32976,53.49751],[-2.33633,53.49609],[-2.33721,53.4961],[-2.33805,53.49608],[-2.33869,53.49649],[-2.33942,53.49684],[-2.34069,53.49724],[-2.34507,53.49719],[-2.34687,53.49719],[-2.34989,53.49661],[-2.35245,53.49632],[-2.35526,53.49556],[-2.35863,53.49428],[-2.35966,53.4929],[-2.37459,53.4981],[-2.37742,53.49795],[-2.37948,53.49856],[-2.38086,53.49974],[-2.3836,53.50124],[-2.38103,53.50341],[-2.37403,53.50811],[-2.37099,53.51051],[-2.36979,53.51296],[-2.36811,53.51834],[-2.36614,53.52044],[-2.36193,53.52263],[-2.3612,53.5234],[-2.36103,53.52528],[-2.362,53.52686]]]]}},{"type":"Feature","properties":{"id":"B024","name":"The Three Martyrs: St Sebastian, St Boniface and St Thomas of Canterbury, Salford","deaneryId":"B"},"geometry":{"type":"MultiPolygon","coordinates":[[[[-2.25341,53.49048],[-2.25497,53.4906],[-2.2579,53.49061],[-2.26308,53.49046],[-2.26445,53.49008],[-2.26529,53.48937],[-2.26608,53.48528],[-2.26589,53.48432],[-2.2661,53.48376],[-2.26732,53.48353],[-2.26846,53.48354],[-2.26941,53.48392],[-2.26999,53.48475],[-2.26988,53.48557],[-2.26876,53.48743],[-2.26836,53.48974],[-2.27076,53.48974],[-2.27457,53.48976],[-2.27543,53.48907],[-2.27617,53.48798],[-2.27699,53.48904],[-2.27819,53.49018],[-2.27923,53.49088],[-2.28136,53.49171],[-2.28327,53.49228],[-2.28563,53.49328],[-2.28962,53.49558],[-2.29202,53.49713],[-2.29288,53.49785],[-2.2937,53.50186],[-2.29437,53.50304],[-2.29513,53.50424],[-2.29578,53.50549],[-2.29681,53.507],[-2.29811,53.50894],[-2.29967,53.51062],[-2.29808,53.51089],[-2.29663,53.51127],[-2.29574,53.51202],[-2.29533,53.51288],[-2.2928,53.51454],[-2.29151,53.51357],[-2.29048,53.51158],[-2.29022,53.50934],[-2.29048,53.50678],[-2.28988,53.50461],[-2.28235,53.50783],[-2.27919,53.50704],[-2.27679,53.50652],[-2.27661,53.50683],[-2.27549,53.50691],[-2.27473,53.50824],[-2.27361,53.50922],[-2.27258,53.5098],[-2.27127,53.5101],[-2.27011,53.51011],[-2.26732,53.50967],[-2.26593,53.50931],[-2.26499,53.50879],[-2.26265,53.50954],[-2.26327,53.51119],[-2.26355,53.51191],[-2.26383,53.51225],[-2.26346,53.51236],[-2.26336,53.51267],[-2.26312,53.51376],[-2.26269,53.51436],[-2.26164,53.5155],[-2.26132,53.51587],[-2.26142,53.51611],[-2.25911,53.51717],[-2.2575,53.51802],[-2.25548,53.51757],[-2.25052,53.51637],[-2.24936,53.51578],[-2.24812,53.5151],[-2.24688,53.51431],[-2.24643,53.51388],[-2.24492,53.51175],[-2.24316,53.50959],[-2.24192,53.50842],[-2.24261,53.5066],[-2.24327,53.50489],[-2.24522,53.50151],[-2.24582,53.50011],[-2.24638,53.49927],[-2.2487,53.49724],[-2.24964,53.49592],[-2.25024,53.49518],[-2.25123,53.49499],[-2.24906,53.49239],[-2.25237,53.49149],[-2.25341,53.49048]]]]}},{"type":"Feature","properties":{"id":"B025","name":"Holy Trinity, Worsley","deaneryId":"B"},"geometry":{"type":"MultiPolygon","coordinates":[[[[-2.39785,53.49618],[-2.39924,53.50303],[-2.40026,53.50907],[-2.40061,53.51039],[-2.40055,53.51063],[-2.40088,53.5109],[-2.40054,53.5121],[-2.40955,53.5122],[-2.41412,53.51224],[-2.41527,53.5154],[-2.4186,53.51642],[-2.41902,53.51803],[-2.42219,53.52],[-2.43098,53.52235],[-2.45085,53.52562],[-2.45308,53.526],[-2.45099,53.52839],[-2.44847,53.52817],[-2.44815,53.5286],[-2.44789,53.52937],[-2.44699,53.52952],[-2.44673,53.52985],[-2.44622,53.53021],[-2.44575,53.53021],[-2.44476,53.5309],[-2.44446,53.53143],[-2.44399,53.53169],[-2.44369,53.53207],[-2.44317,53.5322],[-2.44334,53.53248],[-2.44283,53.53286],[-2.44266,53.53319],[-2.44184,53.53368],[-2.44137,53.5349],[-2.4415,53.53541],[-2.44201,53.53615],[-2.44184,53.53692],[-2.44205,53.5382],[-2.44218,53.53921],[-2.44141,53.53966],[-2.44042,53.54028],[-2.44004,53.54061],[-2.43965,53.5413],[-2.43982,53.54212],[-2.43939,53.54288],[-2.43459,53.54204],[-2.43115,53.54161],[-2.4266,53.54143],[-2.42206,53.54128],[-2.41695,53.54024],[-2.41245,53.53889],[-2.40867,53.53862],[-2.40412,53.53883],[-2.40009,53.53878],[-2.39948,53.53878],[-2.39425,53.5373],[-2.39237,53.53627],[-2.38923,53.53426],[-2.38351,53.53222],[-2.37562,53.53046],[-2.36481,53.52812],[-2.362,53.52686],[-2.36103,53.52528],[-2.3612,53.5234],[-2.36193,53.52263],[-2.36614,53.52044],[-2.36811,53.51834],[-2.36979,53.51296],[-2.37099,53.51051],[-2.37403,53.50811],[-2.38103,53.50341],[-2.3836,53.50124],[-2.38086,53.49974],[-2.38249,53.49902],[-2.38635,53.49872],[-2.39047,53.49826],[-2.39322,53.49724],[-2.39639,53.49632],[-2.39785,53.49618]]]]}},{"type":"Feature","properties":{"id":"B026","name":"St John Paul II, Eccles","deaneryId":"B"},"geometry":{"type":"MultiPolygon","coordinates":[[[[-2.34399,53.47654],[-2.35236,53.47469],[-2.36914,53.4693],[-2.38047,53.46501],[-2.39167,53.46118],[-2.39651,53.45812],[-2.4002,53.45948],[-2.40477,53.4594],[-2.41085,53.46069],[-2.413,53.46324],[-2.42197,53.47446],[-2.4354,53.47209],[-2.43588,53.47554],[-2.43748,53.47914],[-2.43833,53.48296],[-2.43768,53.48332],[-2.4374,53.48368],[-2.43703,53.4852],[-2.43602,53.48694],[-2.43538,53.48844],[-2.43613,53.49111],[-2.43803,53.49246],[-2.43442,53.49538],[-2.42789,53.49428],[-2.42489,53.49484],[-2.42257,53.49611],[-2.42025,53.49729],[-2.41545,53.49851],[-2.41201,53.49913],[-2.40961,53.49821],[-2.40712,53.49657],[-2.40583,53.4955],[-2.40084,53.49591],[-2.39639,53.49632],[-2.39322,53.49724],[-2.39047,53.49826],[-2.38635,53.49872],[-2.38249,53.49902],[-2.38086,53.49974],[-2.37948,53.49856],[-2.37742,53.49795],[-2.37459,53.4981],[-2.35966,53.4929],[-2.35863,53.49428],[-2.35526,53.49556],[-2.35245,53.49632],[-2.34989,53.49661],[-2.34687,53.49719],[-2.34507,53.49719],[-2.34069,53.49724],[-2.3456,53.49294],[-2.33707,53.48892],[-2.33674,53.48877],[-2.33575,53.4893],[-2.33465,53.48975],[-2.33316,53.48991],[-2.332,53.48975],[-2.3312,53.48961],[-2.33052,53.48944],[-2.32969,53.48923],[-2.3287,53.48878],[-2.32809,53.48887],[-2.32674,53.489],[-2.32476,53.48911],[-2.32136,53.48919],[-2.32082,53.48502],[-2.32086,53.48393],[-2.3253,53.48178],[-2.32522,53.48033],[-2.32653,53.48033],[-2.34399,53.47654]]]]}},{"type":"Feature","properties":{"id":"B028","name":"Our Lady of Mount Carmel and Saint Joseph, Salford","deaneryId":"B"},"geometry":{"type":"MultiPolygon","coordinates":[[[[-2.28093,53.48024],[-2.28007,53.48047],[-2.2787,53.48138],[-2.27677,53.48322],[-2.27634,53.48393],[-2.27614,53.48469],[-2.27619,53.48557],[-2.27556,53.48534],[-2.27574,53.48646],[-2.27602,53.48771],[-2.27617,53.48798],[-2.27543,53.48907],[-2.27457,53.48976],[-2.26836,53.48974],[-2.26876,53.48743],[-2.26988,53.48557],[-2.26999,53.48475],[-2.26941,53.48392],[-2.26846,53.48354],[-2.26732,53.48353],[-2.2661,53.48376],[-2.26589,53.48432],[-2.26608,53.48527],[-2.26529,53.48937],[-2.26445,53.49008],[-2.26308,53.49046],[-2.2579,53.49061],[-2.25497,53.4906],[-2.25173,53.49036],[-2.24971,53.48982],[-2.24896,53.4893],[-2.24861,53.48824],[-2.24505,53.48675],[-2.24526,53.48578],[-2.24568,53.4851],[-2.24738,53.48398],[-2.25081,53.48257],[-2.25301,53.48179],[-2.25451,53.48118],[-2.25672,53.48001],[-2.25844,53.47897],[-2.26022,53.47775],[-2.26275,53.47676],[-2.26399,53.47373],[-2.26511,53.47274],[-2.27101,53.47066],[-2.27898,53.46539],[-2.28061,53.46493],[-2.28187,53.46482],[-2.28258,53.46494],[-2.28404,53.46546],[-2.3055,53.47349],[-2.30275,53.47377],[-2.30018,53.47413],[-2.29683,53.47494],[-2.29524,53.47546],[-2.29383,53.47614],[-2.29275,53.47642],[-2.29195,53.47813],[-2.29151,53.47807],[-2.29083,53.48001],[-2.2903,53.47995],[-2.2899,53.48116],[-2.28383,53.48028],[-2.28284,53.47995],[-2.28232,53.48019],[-2.28093,53.48024]]]]}},{"type":"Feature","properties":{"id":"B037","name":"Our Lady of Hope, Salford","deaneryId":"B"},"geometry":{"type":"MultiPolygon","coordinates":[[[[-2.3183,53.48924],[-2.32136,53.48919],[-2.32476,53.48911],[-2.32674,53.489],[-2.32809,53.48887],[-2.3287,53.48878],[-2.32969,53.48923],[-2.33052,53.48944],[-2.3312,53.48961],[-2.332,53.48975],[-2.33316,53.48991],[-2.33465,53.48975],[-2.33575,53.4893],[-2.33674,53.48877],[-2.33707,53.48892],[-2.3456,53.49294],[-2.34069,53.49724],[-2.33942,53.49684],[-2.33869,53.49649],[-2.33805,53.49608],[-2.33721,53.4961],[-2.33633,53.49609],[-2.32976,53.49751],[-2.32902,53.49813],[-2.32719,53.50043],[-2.327,53.50227],[-2.32215,53.50255],[-2.3173,53.50303],[-2.31541,53.50308],[-2.31558,53.50349],[-2.31558,53.50385],[-2.31582,53.50395],[-2.31451,53.5051],[-2.31473,53.50566],[-2.31182,53.50668],[-2.31322,53.50809],[-2.30906,53.50974],[-2.30468,53.51056],[-2.29967,53.51062],[-2.29811,53.50894],[-2.29681,53.507],[-2.29578,53.50549],[-2.29513,53.50424],[-2.29437,53.50304],[-2.2937,53.50186],[-2.29288,53.49785],[-2.29202,53.49713],[-2.28962,53.49558],[-2.29119,53.49461],[-2.29355,53.49365],[-2.29704,53.49535],[-2.29827,53.49471],[-2.3008,53.49425],[-2.30168,53.4942],[-2.30191,53.49188],[-2.3043,53.49231],[-2.30554,53.49246],[-2.30694,53.49253],[-2.31033,53.49223],[-2.31163,53.49203],[-2.31303,53.49157],[-2.3143,53.49093],[-2.31697,53.4895],[-2.3183,53.48924]]]]}},{"type":"Feature","properties":{"id":"C001","name":"Christ the King, Newton Heath","deaneryId":"C"},"geometry":{"type":"MultiPolygon","coordinates":[[[[-2.20857,53.49646],[-2.20352,53.49809],[-2.19774,53.49999],[-2.19433,53.50121],[-2.19299,53.50142],[-2.19386,53.50272],[-2.19144,53.50366],[-2.18866,53.50483],[-2.18727,53.50554],[-2.18337,53.50779],[-2.18351,53.50746],[-2.1778,53.50691],[-2.17837,53.5056],[-2.17656,53.50535],[-2.17739,53.50491],[-2.17527,53.50256],[-2.17059,53.50318],[-2.17263,53.50236],[-2.17079,53.50164],[-2.17087,53.50153],[-2.17022,53.50126],[-2.16887,53.50106],[-2.16607,53.49867],[-2.16442,53.49938],[-2.16406,53.49939],[-2.16152,53.49788],[-2.16349,53.4969],[-2.16407,53.49294],[-2.16306,53.4926],[-2.16323,53.49205],[-2.16367,53.4917],[-2.16427,53.49133],[-2.16501,53.49151],[-2.16593,53.49154],[-2.16742,53.49184],[-2.16802,53.49185],[-2.16953,53.49129],[-2.1742,53.49128],[-2.17513,53.4915],[-2.17582,53.49142],[-2.1764,53.49152],[-2.17734,53.49203],[-2.17791,53.49214],[-2.17873,53.492],[-2.18032,53.49152],[-2.18104,53.49122],[-2.18155,53.49092],[-2.18331,53.49089],[-2.18448,53.49066],[-2.18618,53.49054],[-2.18603,53.49138],[-2.18611,53.49171],[-2.18627,53.49186],[-2.18703,53.49198],[-2.18721,53.4921],[-2.18728,53.49241],[-2.18918,53.49239],[-2.19476,53.49305],[-2.20234,53.4949],[-2.20857,53.49646]]]]}},{"type":"Feature","properties":{"id":"C005","name":"St Anne, Crumpsall","deaneryId":"C"},"geometry":{"type":"MultiPolygon","coordinates":[[[[-2.22336,53.5069],[-2.2243,53.50675],[-2.22506,53.50652],[-2.22553,53.50606],[-2.22635,53.50628],[-2.2273,53.50627],[-2.22799,53.50616],[-2.22877,53.50582],[-2.22893,53.50537],[-2.22856,53.50502],[-2.22863,53.50475],[-2.22902,53.50447],[-2.22962,53.50407],[-2.23022,53.50386],[-2.23206,53.50375],[-2.23562,53.50437],[-2.23581,53.50461],[-2.23611,53.50496],[-2.24192,53.50842],[-2.24316,53.50959],[-2.24492,53.51175],[-2.24643,53.51388],[-2.24688,53.51431],[-2.24812,53.5151],[-2.24936,53.51578],[-2.25052,53.51637],[-2.25548,53.51757],[-2.2575,53.51802],[-2.25838,53.51853],[-2.25917,53.51931],[-2.25985,53.52004],[-2.26166,53.5212],[-2.26278,53.52217],[-2.26333,53.52301],[-2.26346,53.5236],[-2.26428,53.52468],[-2.26275,53.52486],[-2.25672,53.52715],[-2.2546,53.52758],[-2.2543,53.52732],[-2.25346,53.52701],[-2.2523,53.52648],[-2.25132,53.52619],[-2.24572,53.52546],[-2.24447,53.52476],[-2.24323,53.52434],[-2.241,53.52406],[-2.24059,53.52378],[-2.24085,53.52355],[-2.24072,53.52328],[-2.23999,53.52317],[-2.23952,53.52323],[-2.2387,53.52319],[-2.23767,53.52343],[-2.2357,53.52342],[-2.23525,53.52305],[-2.23516,53.52276],[-2.23379,53.52231],[-2.23325,53.52239],[-2.23278,53.52277],[-2.23235,53.5229],[-2.23166,53.52275],[-2.23072,53.5223],[-2.22971,53.52208],[-2.22928,53.52181],[-2.22696,53.52179],[-2.22327,53.52022],[-2.22217,53.51953],[-2.22221,53.51872],[-2.22116,53.51813],[-2.22124,53.51663],[-2.22194,53.51663],[-2.22282,53.51639],[-2.22323,53.5156],[-2.22273,53.51521],[-2.22143,53.5152],[-2.22038,53.51484],[-2.22098,53.51403],[-2.22168,53.51322],[-2.22131,53.5129],[-2.22272,53.51122],[-2.22093,53.50964],[-2.22175,53.50905],[-2.22073,53.508],[-2.22186,53.50784],[-2.22259,53.50712],[-2.22336,53.5069]]]]}},{"type":"Feature","properties":{"id":"C006","name":"St Anne, Higher Openshaw","deaneryId":"C"},"geometry":{"type":"MultiPolygon","coordinates":[[[[-2.16619,53.46916],[-2.16918,53.47295],[-2.16903,53.47414],[-2.16467,53.47579],[-2.16496,53.47709],[-2.1658,53.4772],[-2.16609,53.47871],[-2.16341,53.47784],[-2.16147,53.47698],[-2.16156,53.47761],[-2.16172,53.47929],[-2.16154,53.48054],[-2.15856,53.48032],[-2.15635,53.4801],[-2.15513,53.47986],[-2.15402,53.4798],[-2.15331,53.47985],[-2.1476,53.47939],[-2.14569,53.47954],[-2.1382,53.47893],[-2.12937,53.47818],[-2.12877,53.47699],[-2.12841,53.47626],[-2.12815,53.47552],[-2.12418,53.47547],[-2.12214,53.47428],[-2.12319,53.47378],[-2.12394,53.47311],[-2.12463,53.47202],[-2.12568,53.47141],[-2.12654,53.47123],[-2.12974,53.4712],[-2.13122,53.47134],[-2.13281,53.47162],[-2.13386,53.47212],[-2.13512,53.47176],[-2.1365,53.47167],[-2.14012,53.47064],[-2.141,53.47067],[-2.14169,53.4704],[-2.14298,53.46936],[-2.14306,53.46876],[-2.14285,53.46729],[-2.14306,53.46697],[-2.14373,53.46674],[-2.14502,53.46655],[-2.14613,53.46612],[-2.14688,53.46558],[-2.14921,53.46033],[-2.15065,53.4603],[-2.15106,53.46014],[-2.15467,53.46309],[-2.15506,53.46308],[-2.15536,53.46312],[-2.15581,53.4634],[-2.15636,53.46356],[-2.15645,53.46345],[-2.15646,53.46317],[-2.15676,53.46288],[-2.15735,53.46257],[-2.15793,53.46216],[-2.15883,53.46188],[-2.15928,53.46191],[-2.15926,53.46218],[-2.15948,53.4623],[-2.16027,53.46208],[-2.16102,53.46204],[-2.1618,53.46166],[-2.16248,53.46202],[-2.16368,53.46276],[-2.16396,53.46308],[-2.16501,53.46385],[-2.16506,53.46402],[-2.16534,53.4643],[-2.16613,53.4651],[-2.1665,53.46552],[-2.16654,53.46574],[-2.16677,53.46613],[-2.16911,53.46881],[-2.16619,53.46916]]]]}},{"type":"Feature","properties":{"id":"C007","name":"St Chad, Cheetham Hill","deaneryId":"C"},"geometry":{"type":"MultiPolygon","coordinates":[[[[-2.25341,53.49048],[-2.25237,53.49149],[-2.24906,53.49239],[-2.25123,53.49499],[-2.25024,53.49518],[-2.24964,53.49592],[-2.2487,53.49724],[-2.24638,53.49927],[-2.24582,53.50011],[-2.24522,53.50151],[-2.24327,53.50489],[-2.24192,53.50842],[-2.23611,53.50496],[-2.23581,53.50461],[-2.23562,53.50437],[-2.23206,53.50375],[-2.23022,53.50386],[-2.22962,53.50407],[-2.22902,53.50447],[-2.22791,53.50353],[-2.22692,53.502],[-2.22645,53.50121],[-2.22608,53.50033],[-2.22617,53.4983],[-2.22666,53.49809],[-2.22784,53.49733],[-2.22772,53.49699],[-2.22756,53.49652],[-2.22787,53.49632],[-2.22845,53.49651],[-2.22878,53.49644],[-2.2291,53.49563],[-2.22876,53.49466],[-2.2301,53.49281],[-2.23078,53.49254],[-2.23138,53.49245],[-2.23258,53.49254],[-2.23361,53.49242],[-2.23424,53.49207],[-2.23587,53.49043],[-2.24095,53.4887],[-2.24001,53.48778],[-2.2375,53.48686],[-2.23593,53.48627],[-2.23736,53.48554],[-2.23874,53.48473],[-2.23882,53.48476],[-2.23915,53.48466],[-2.23974,53.48454],[-2.24065,53.48448],[-2.2411,53.48457],[-2.24212,53.48511],[-2.24209,53.4852],[-2.2435,53.48541],[-2.24409,53.4856],[-2.24526,53.48578],[-2.24505,53.48675],[-2.24697,53.48755],[-2.24861,53.48824],[-2.24896,53.4893],[-2.24971,53.48982],[-2.25173,53.49036],[-2.25341,53.49048]]]]}},{"type":"Feature","properties":{"id":"C008","name":"St Clare, Higher Blackley","deaneryId":"C"},"geometry":{"type":"MultiPolygon","coordinates":[[[[-2.2546,53.52758],[-2.23684,53.55519],[-2.22613,53.55077],[-2.21099,53.5477],[-2.21131,53.54721],[-2.21042,53.54649],[-2.21011,53.54589],[-2.20933,53.54437],[-2.21021,53.54434],[-2.21192,53.54398],[-2.21281,53.54403],[-2.21435,53.54384],[-2.21591,53.54395],[-2.21739,53.54382],[-2.21883,53.5439],[-2.21883,53.5439],[-2.2184,53.54362],[-2.21781,53.54345],[-2.21761,53.54307],[-2.2177,53.5424],[-2.21726,53.54227],[-2.21586,53.54219],[-2.21496,53.54229],[-2.21382,53.54199],[-2.21339,53.54199],[-2.21325,53.54216],[-2.21297,53.54206],[-2.21243,53.5416],[-2.21196,53.54138],[-2.21092,53.54075],[-2.2107,53.5404],[-2.21042,53.53996],[-2.20982,53.53972],[-2.20939,53.53944],[-2.20889,53.53884],[-2.20854,53.53843],[-2.20805,53.53849],[-2.20755,53.53846],[-2.20702,53.53809],[-2.20654,53.53765],[-2.20602,53.53722],[-2.20558,53.53674],[-2.20577,53.53644],[-2.2063,53.5362],[-2.20693,53.53578],[-2.20691,53.5351],[-2.20691,53.53434],[-2.2106,53.52941],[-2.21166,53.5296],[-2.21441,53.52961],[-2.22261,53.52808],[-2.2237,53.52754],[-2.2246,53.52732],[-2.226,53.52698],[-2.22649,53.52676],[-2.22574,53.52609],[-2.2258,53.5257],[-2.22604,53.5253],[-2.2258,53.52495],[-2.22563,53.52457],[-2.22518,53.5243],[-2.22499,53.52411],[-2.22488,53.52379],[-2.22465,53.5235],[-2.22426,53.52315],[-2.22415,53.52271],[-2.22435,53.52253],[-2.22553,53.52268],[-2.22634,53.52269],[-2.22679,53.52266],[-2.22696,53.52179],[-2.22928,53.52181],[-2.22971,53.52208],[-2.23072,53.5223],[-2.23166,53.52275],[-2.23235,53.5229],[-2.23278,53.52277],[-2.23325,53.52239],[-2.23379,53.52231],[-2.23516,53.52276],[-2.23525,53.52305],[-2.2357,53.52342],[-2.23767,53.52343],[-2.2387,53.52319],[-2.23952,53.52323],[-2.23999,53.52317],[-2.24072,53.52328],[-2.24085,53.52355],[-2.24059,53.52378],[-2.241,53.52406],[-2.24323,53.52434],[-2.24447,53.52476],[-2.24572,53.52546],[-2.25132,53.52619],[-2.2523,53.52648],[-2.25346,53.52701],[-2.2543,53.52732],[-2.2546,53.52758]]]]}},{"type":"Feature","properties":{"id":"C012","name":"St Margaret Mary, New Moston","deaneryId":"C"},"geometry":{"type":"MultiPolygon","coordinates":[[[[-2.18599,53.52907],[-2.17877,53.52771],[-2.17302,53.52745],[-2.1707,53.52758],[-2.1677,53.52789],[-2.16375,53.52794],[-2.16036,53.52722],[-2.15658,53.5249],[-2.15375,53.52332],[-2.15135,53.52245],[-2.14598,53.52102],[-2.14366,53.51995],[-2.14366,53.51995],[-2.14822,53.51661],[-2.15624,53.51135],[-2.158,53.51076],[-2.158,53.51076],[-2.15778,53.51355],[-2.15977,53.51414],[-2.16143,53.51464],[-2.16135,53.51495],[-2.17439,53.51819],[-2.178,53.51993],[-2.17894,53.52023],[-2.17804,53.52153],[-2.18263,53.52253],[-2.17847,53.5242],[-2.17615,53.52551],[-2.18657,53.5285],[-2.18599,53.52907]]]]}},{"type":"Feature","properties":{"id":"C013","name":"St Patrick, Collyhurst","deaneryId":"C"},"geometry":{"type":"MultiPolygon","coordinates":[[[[-2.24095,53.4887],[-2.23587,53.49043],[-2.23424,53.49207],[-2.23361,53.49242],[-2.23258,53.49254],[-2.23138,53.49245],[-2.23078,53.49254],[-2.2301,53.49281],[-2.22876,53.49466],[-2.2291,53.49563],[-2.22878,53.49644],[-2.22845,53.49651],[-2.22787,53.49632],[-2.22756,53.49652],[-2.22772,53.49699],[-2.22784,53.49733],[-2.22666,53.49809],[-2.22617,53.4983],[-2.22608,53.50033],[-2.22645,53.50121],[-2.22692,53.502],[-2.22791,53.50353],[-2.22902,53.50447],[-2.22863,53.50475],[-2.22856,53.50502],[-2.22893,53.50537],[-2.22877,53.50582],[-2.22799,53.50616],[-2.2273,53.50627],[-2.22635,53.50628],[-2.22553,53.50606],[-2.22506,53.50652],[-2.2243,53.50675],[-2.22336,53.5069],[-2.2205,53.50687],[-2.21872,53.50662],[-2.21788,53.50661],[-2.21768,53.50663],[-2.21745,53.50779],[-2.21714,53.50844],[-2.21666,53.5092],[-2.21352,53.50834],[-2.21293,53.50812],[-2.21044,53.50704],[-2.20782,53.50627],[-2.20619,53.50612],[-2.2048,53.50595],[-2.20355,53.50546],[-2.20276,53.50542],[-2.20014,53.50525],[-2.19763,53.50498],[-2.19509,53.50361],[-2.19386,53.50272],[-2.19299,53.50142],[-2.19433,53.50121],[-2.19774,53.49999],[-2.20352,53.49809],[-2.20857,53.49646],[-2.20234,53.4949],[-2.21411,53.48939],[-2.21597,53.48826],[-2.21691,53.48758],[-2.21977,53.48686],[-2.221,53.48603],[-2.22145,53.48579],[-2.22188,53.48564],[-2.22248,53.48561],[-2.22398,53.4849],[-2.22643,53.48729],[-2.23149,53.48549],[-2.23286,53.48479],[-2.23593,53.48627],[-2.24001,53.48778],[-2.24095,53.4887]]]]}},{"type":"Feature","properties":{"id":"C014","name":"St Stephen, Droylsden","deaneryId":"C"},"geometry":{"type":"MultiPolygon","coordinates":[[[[-2.16593,53.49154],[-2.16501,53.49151],[-2.16427,53.49133],[-2.16367,53.4917],[-2.16323,53.49205],[-2.16306,53.4926],[-2.16238,53.4932],[-2.16105,53.49338],[-2.15933,53.49313],[-2.15933,53.49313],[-2.15834,53.49356],[-2.1583,53.49394],[-2.158,53.49438],[-2.1571,53.49433],[-2.15645,53.49405],[-2.15598,53.49343],[-2.15495,53.49351],[-2.15456,53.49308],[-2.15405,53.49285],[-2.15169,53.49295],[-2.15113,53.4931],[-2.14847,53.493],[-2.14791,53.49346],[-2.1468,53.49392],[-2.14611,53.49376],[-2.14504,53.49387],[-2.14298,53.49435],[-2.14251,53.49491],[-2.1419,53.49471],[-2.14083,53.49471],[-2.14053,53.49558],[-2.13748,53.49583],[-2.135,53.49576],[-2.13173,53.4981],[-2.13079,53.49839],[-2.12804,53.49839],[-2.12671,53.49854],[-2.12602,53.49901],[-2.12341,53.49665],[-2.12126,53.49476],[-2.11853,53.49199],[-2.1167,53.48902],[-2.11521,53.48459],[-2.11577,53.48194],[-2.12413,53.4796],[-2.12937,53.47818],[-2.1382,53.47893],[-2.14569,53.47954],[-2.1476,53.47939],[-2.15331,53.47985],[-2.15402,53.4798],[-2.15513,53.47986],[-2.15635,53.4801],[-2.15856,53.48032],[-2.15905,53.4819],[-2.16126,53.48653],[-2.16244,53.48853],[-2.16417,53.49002],[-2.16593,53.49154]]]]}},{"type":"Feature","properties":{"id":"C020","name":"Holy Spirit, Manchester","deaneryId":"C"},"geometry":{"type":"MultiPolygon","coordinates":[[[[-2.23874,53.48473],[-2.23736,53.48554],[-2.23593,53.48627],[-2.23286,53.48479],[-2.23149,53.48549],[-2.22643,53.48729],[-2.22398,53.4849],[-2.22248,53.48561],[-2.22188,53.48564],[-2.22145,53.48579],[-2.221,53.48603],[-2.21977,53.48686],[-2.21691,53.48758],[-2.21597,53.48826],[-2.21411,53.48939],[-2.20234,53.4949],[-2.19476,53.49305],[-2.18918,53.49239],[-2.18728,53.49241],[-2.18721,53.4921],[-2.18703,53.49198],[-2.18627,53.49186],[-2.18611,53.49171],[-2.18603,53.49138],[-2.18618,53.49054],[-2.18448,53.49066],[-2.18331,53.49089],[-2.18155,53.49092],[-2.18104,53.49122],[-2.18032,53.49152],[-2.17873,53.492],[-2.17791,53.49214],[-2.17734,53.49203],[-2.1764,53.49152],[-2.17582,53.49142],[-2.17513,53.4915],[-2.1742,53.49128],[-2.16953,53.49129],[-2.16802,53.49185],[-2.16742,53.49184],[-2.16593,53.49154],[-2.16244,53.48853],[-2.16126,53.48653],[-2.15905,53.4819],[-2.15856,53.48032],[-2.16154,53.48054],[-2.16172,53.47929],[-2.16156,53.47761],[-2.16147,53.47698],[-2.16341,53.47784],[-2.16609,53.47871],[-2.1658,53.4772],[-2.16496,53.47709],[-2.16467,53.47579],[-2.16903,53.47414],[-2.16918,53.47295],[-2.16619,53.46916],[-2.16911,53.46881],[-2.17274,53.46871],[-2.17673,53.46907],[-2.17978,53.46958],[-2.18793,53.47099],[-2.19102,53.47151],[-2.19473,53.47187],[-2.19827,53.47174],[-2.20096,53.47167],[-2.20333,53.47156],[-2.20554,53.47137],[-2.21189,53.47091],[-2.21363,53.47124],[-2.2158,53.47209],[-2.22021,53.47416],[-2.22519,53.47608],[-2.2314,53.47639],[-2.23329,53.47954],[-2.23424,53.48057],[-2.23453,53.48069],[-2.23267,53.48201],[-2.23339,53.48234],[-2.23629,53.48376],[-2.23677,53.4834],[-2.23833,53.48402],[-2.23876,53.48396],[-2.23869,53.48451],[-2.23874,53.48473]]]]}},{"type":"Feature","properties":{"id":"C022","name":"St Dunstan and St John Vianney, Moston","deaneryId":"C"},"geometry":{"type":"MultiPolygon","coordinates":[[[[-2.18337,53.50779],[-2.18727,53.50554],[-2.18866,53.50483],[-2.19144,53.50366],[-2.19386,53.50272],[-2.19509,53.50361],[-2.19763,53.50498],[-2.20014,53.50525],[-2.20276,53.50542],[-2.20355,53.50546],[-2.2048,53.50595],[-2.20619,53.50612],[-2.20782,53.50627],[-2.21044,53.50704],[-2.21293,53.50812],[-2.21048,53.50967],[-2.20988,53.50982],[-2.20894,53.50981],[-2.20797,53.50994],[-2.20789,53.51046],[-2.20729,53.51122],[-2.20722,53.51233],[-2.20703,53.51245],[-2.20703,53.51329],[-2.20525,53.5133],[-2.20426,53.51352],[-2.20319,53.51732],[-2.18508,53.52069],[-2.18452,53.5205],[-2.18207,53.52079],[-2.18225,53.52171],[-2.18263,53.52253],[-2.17804,53.52153],[-2.17894,53.52023],[-2.178,53.51993],[-2.17439,53.51819],[-2.16135,53.51495],[-2.16143,53.51464],[-2.15977,53.51414],[-2.16082,53.51336],[-2.16045,53.513],[-2.16089,53.51292],[-2.16247,53.51286],[-2.16385,53.51309],[-2.16447,53.51354],[-2.16815,53.51346],[-2.17126,53.51315],[-2.17241,53.51246],[-2.17325,53.51178],[-2.174,53.51061],[-2.17431,53.50899],[-2.17522,53.50829],[-2.17559,53.50808],[-2.17567,53.50749],[-2.17617,53.50719],[-2.17673,53.50696],[-2.1778,53.50691],[-2.18351,53.50746],[-2.18337,53.50779]]]]}},{"type":"Feature","properties":{"id":"C023","name":"Our Lady of Mount Carmel with Saint John Bosco, Blackley","deaneryId":"C"},"geometry":{"type":"MultiPolygon","coordinates":[[[[-2.21293,53.50812],[-2.21352,53.50834],[-2.21666,53.5092],[-2.21714,53.50844],[-2.21745,53.50779],[-2.21768,53.50663],[-2.21788,53.50661],[-2.21872,53.50662],[-2.2205,53.50687],[-2.22336,53.5069],[-2.22259,53.50712],[-2.22186,53.50784],[-2.22073,53.508],[-2.22175,53.50905],[-2.22093,53.50964],[-2.22272,53.51122],[-2.22131,53.5129],[-2.22168,53.51322],[-2.22098,53.51403],[-2.22038,53.51484],[-2.22143,53.5152],[-2.22273,53.51521],[-2.22323,53.5156],[-2.22282,53.51639],[-2.22194,53.51663],[-2.22124,53.51663],[-2.22116,53.51813],[-2.22221,53.51872],[-2.22217,53.51953],[-2.22327,53.52022],[-2.22696,53.52179],[-2.22679,53.52266],[-2.22634,53.52269],[-2.22553,53.52268],[-2.22435,53.52253],[-2.22415,53.52271],[-2.22426,53.52315],[-2.22465,53.5235],[-2.22488,53.52379],[-2.22499,53.52411],[-2.22518,53.5243],[-2.22563,53.52457],[-2.2258,53.52495],[-2.22604,53.5253],[-2.2258,53.5257],[-2.22574,53.52609],[-2.22649,53.52676],[-2.226,53.52698],[-2.2246,53.52732],[-2.2237,53.52754],[-2.22261,53.52808],[-2.21441,53.52961],[-2.21267,53.52961],[-2.21166,53.5296],[-2.2106,53.52941],[-2.20691,53.53434],[-2.20546,53.5332],[-2.20295,53.53245],[-2.20063,53.53216],[-2.19553,53.53179],[-2.1925,53.53107],[-2.18976,53.53014],[-2.18599,53.52907],[-2.18657,53.5285],[-2.17615,53.52551],[-2.17847,53.5242],[-2.18263,53.52253],[-2.18225,53.52171],[-2.18207,53.52079],[-2.18452,53.5205],[-2.18508,53.52069],[-2.20319,53.51732],[-2.20426,53.51352],[-2.20525,53.5133],[-2.20703,53.51329],[-2.20703,53.51245],[-2.20722,53.51233],[-2.20729,53.51122],[-2.20789,53.51046],[-2.20797,53.50994],[-2.20894,53.50981],[-2.20988,53.50982],[-2.21048,53.50967],[-2.21293,53.50812]]]]}},{"type":"Feature","properties":{"id":"D002","name":"St Hubert with St Wulstan, Great Harwood","deaneryId":"D"},"geometry":{"type":"MultiPolygon","coordinates":[[[[-2.41035,53.8107],[-2.39824,53.80516],[-2.39862,53.80471],[-2.39901,53.80372],[-2.39747,53.80311],[-2.39339,53.80329],[-2.39133,53.80286],[-2.39051,53.80235],[-2.38789,53.80233],[-2.38584,53.80243],[-2.38343,53.8024],[-2.38232,53.80283],[-2.3791,53.8026],[-2.37884,53.80217],[-2.37918,53.80078],[-2.37867,53.8005],[-2.37717,53.80085],[-2.37614,53.80073],[-2.37446,53.80075],[-2.37051,53.80159],[-2.36979,53.80123],[-2.36953,53.80025],[-2.36888,53.79918],[-2.36936,53.79733],[-2.37142,53.79589],[-2.3715,53.79543],[-2.37103,53.7949],[-2.36991,53.79419],[-2.3703,53.79365],[-2.37099,53.79317],[-2.3718,53.7935],[-2.37236,53.79391],[-2.37326,53.79398],[-2.37485,53.79348],[-2.37558,53.79302],[-2.37609,53.79274],[-2.37768,53.79221],[-2.3776,53.79158],[-2.37867,53.79089],[-2.3791,53.79006],[-2.37772,53.78965],[-2.37669,53.78899],[-2.37691,53.78841],[-2.37755,53.78793],[-2.37833,53.78762],[-2.38116,53.78762],[-2.38189,53.78752],[-2.38193,53.78706],[-2.38412,53.78648],[-2.38498,53.78666],[-2.38575,53.78656],[-2.38584,53.78559],[-2.38687,53.78552],[-2.38738,53.78468],[-2.38807,53.78397],[-2.38961,53.78397],[-2.39146,53.78354],[-2.39163,53.78285],[-2.39081,53.78184],[-2.39129,53.78136],[-2.39296,53.78159],[-2.39395,53.78197],[-2.39489,53.78118],[-2.39755,53.78149],[-2.39995,53.781],[-2.40094,53.7807],[-2.40193,53.78019],[-2.40287,53.77986],[-2.40335,53.77928],[-2.40403,53.77897],[-2.40476,53.77837],[-2.40579,53.77824],[-2.40678,53.77776],[-2.40716,53.77745],[-2.40837,53.77722],[-2.40862,53.7769],[-2.40901,53.77667],[-2.40995,53.77684],[-2.41051,53.77783],[-2.41055,53.77842],[-2.41107,53.77862],[-2.41141,53.77908],[-2.41274,53.7787],[-2.41485,53.77735],[-2.42047,53.77553],[-2.42257,53.77499],[-2.42386,53.77444],[-2.42429,53.77598],[-2.42515,53.7771],[-2.42738,53.7787],[-2.43064,53.78037],[-2.43184,53.78039],[-2.43308,53.78084],[-2.43484,53.78033],[-2.43625,53.77986],[-2.43978,53.78014],[-2.44175,53.78014],[-2.44283,53.7806],[-2.44564,53.78095],[-2.46674,53.78106],[-2.46296,53.78261],[-2.46091,53.78393],[-2.45837,53.78511],[-2.45589,53.78563],[-2.4534,53.78678],[-2.45003,53.7885],[-2.4474,53.78989],[-2.44379,53.79149],[-2.43992,53.79529],[-2.42495,53.80219],[-2.41035,53.8107]]]]}},{"type":"Feature","properties":{"id":"D004","name":"St Charles, Rishton","deaneryId":"D"},"geometry":{"type":"MultiPolygon","coordinates":[[[[-2.42386,53.77444],[-2.42257,53.77499],[-2.42047,53.77553],[-2.41485,53.77735],[-2.41274,53.7787],[-2.41141,53.77908],[-2.41107,53.77862],[-2.41055,53.77842],[-2.41051,53.77783],[-2.40995,53.77684],[-2.40901,53.77667],[-2.40862,53.7769],[-2.40837,53.77722],[-2.40716,53.77745],[-2.40678,53.77776],[-2.40579,53.77824],[-2.40476,53.77837],[-2.40403,53.77897],[-2.40335,53.77928],[-2.40287,53.77986],[-2.40193,53.78019],[-2.40094,53.7807],[-2.39995,53.781],[-2.39755,53.78149],[-2.39489,53.78118],[-2.3939,53.7807],[-2.39373,53.78017],[-2.39541,53.78055],[-2.39601,53.78017],[-2.39601,53.77966],[-2.39485,53.77897],[-2.39442,53.77847],[-2.39639,53.7773],[-2.39772,53.777],[-2.39828,53.77651],[-2.39768,53.77591],[-2.39729,53.77545],[-2.39772,53.77509],[-2.39764,53.77461],[-2.39837,53.77367],[-2.39935,53.77332],[-2.40111,53.77307],[-2.40176,53.77261],[-2.40129,53.77213],[-2.40111,53.7718],[-2.40159,53.77096],[-2.40111,53.76977],[-2.40081,53.76913],[-2.4018,53.76868],[-2.40262,53.76832],[-2.4015,53.76774],[-2.40206,53.76708],[-2.4018,53.76634],[-2.40201,53.76596],[-2.4009,53.76571],[-2.3997,53.76599],[-2.3982,53.76576],[-2.39759,53.7653],[-2.39785,53.76487],[-2.39948,53.7649],[-2.39867,53.76426],[-2.39781,53.76444],[-2.39635,53.76366],[-2.39888,53.76287],[-2.40167,53.76223],[-2.40704,53.7617],[-2.41214,53.76173],[-2.41822,53.76216],[-2.4238,53.76211],[-2.42813,53.76157],[-2.432,53.76056],[-2.43468,53.75956],[-2.43834,53.75772],[-2.4416,53.75628],[-2.4439,53.75612],[-2.44536,53.75658],[-2.44359,53.75825],[-2.44364,53.75886],[-2.44766,53.76084],[-2.44922,53.76221],[-2.4497,53.76353],[-2.44811,53.7657],[-2.44682,53.76678],[-2.44991,53.76835],[-2.45132,53.76908],[-2.45278,53.77015],[-2.4529,53.77033],[-2.45338,53.77111],[-2.45347,53.77324],[-2.45596,53.77423],[-2.45921,53.77677],[-2.46079,53.77803],[-2.46281,53.77847],[-2.46674,53.78106],[-2.44564,53.78095],[-2.44283,53.7806],[-2.44175,53.78014],[-2.43978,53.78014],[-2.43625,53.77986],[-2.43484,53.78033],[-2.43308,53.78084],[-2.43184,53.78039],[-2.43064,53.78037],[-2.42738,53.7787],[-2.42515,53.7771],[-2.42429,53.77598],[-2.42386,53.77444]]]]}},{"type":"Feature","properties":{"id":"D006","name":"St John Southworth, Nelson","deaneryId":"D"},"geometry":{"type":"MultiPolygon","coordinates":[[[[-2.21781,53.84549],[-2.2176,53.84552],[-2.21739,53.8456],[-2.21687,53.84613],[-2.21582,53.84712],[-2.21556,53.8476],[-2.21534,53.8477],[-2.21501,53.84777],[-2.21469,53.84778],[-2.21432,53.84777],[-2.21261,53.8474],[-2.21227,53.84745],[-2.21187,53.8478],[-2.21165,53.84842],[-2.21126,53.84898],[-2.21134,53.84907],[-2.21153,53.84923],[-2.21159,53.84941],[-2.21158,53.84952],[-2.21142,53.84961],[-2.21097,53.84967],[-2.21034,53.84969],[-2.2089,53.84987],[-2.20859,53.84998],[-2.20832,53.85012],[-2.20788,53.85029],[-2.20751,53.85036],[-2.20644,53.85019],[-2.20579,53.85003],[-2.20538,53.84996],[-2.20494,53.84994],[-2.204,53.85003],[-2.20342,53.85027],[-2.20323,53.85045],[-2.20284,53.85039],[-2.20272,53.8503],[-2.20256,53.84988],[-2.20248,53.84978],[-2.20241,53.84974],[-2.20237,53.8496],[-2.20229,53.84958],[-2.2022,53.8494],[-2.20179,53.84886],[-2.20179,53.84878],[-2.20192,53.8487],[-2.20191,53.84862],[-2.20181,53.84855],[-2.20179,53.8485],[-2.20161,53.84832],[-2.20028,53.84898],[-2.19821,53.8475],[-2.19785,53.84706],[-2.19784,53.84646],[-2.19778,53.84633],[-2.19762,53.84613],[-2.19738,53.84598],[-2.1971,53.84583],[-2.19672,53.84568],[-2.19662,53.84575],[-2.19507,53.84574],[-2.19473,53.84572],[-2.19432,53.84565],[-2.19281,53.84524],[-2.1919,53.84515],[-2.1913,53.84497],[-2.19054,53.84499],[-2.19022,53.84494],[-2.19007,53.84493],[-2.18997,53.84481],[-2.18967,53.84469],[-2.18894,53.84426],[-2.18852,53.84412],[-2.18825,53.84397],[-2.18801,53.84371],[-2.18757,53.84336],[-2.1874,53.84326],[-2.18663,53.84295],[-2.1862,53.84282],[-2.18561,53.84269],[-2.18554,53.84294],[-2.18551,53.84345],[-2.18555,53.84364],[-2.18538,53.84384],[-2.18535,53.84395],[-2.18559,53.84486],[-2.18559,53.84535],[-2.18555,53.84565],[-2.18549,53.84574],[-2.18508,53.84558],[-2.18489,53.84553],[-2.18448,53.84537],[-2.18447,53.84542],[-2.18383,53.84507],[-2.18371,53.84504],[-2.18352,53.84493],[-2.18323,53.84487],[-2.1832,53.84488],[-2.18316,53.84485],[-2.18314,53.84484],[-2.18308,53.84481],[-2.18299,53.84481],[-2.1829,53.84476],[-2.18288,53.84475],[-2.18279,53.84471],[-2.18273,53.8447],[-2.18271,53.8447],[-2.1827,53.8447],[-2.18268,53.8447],[-2.18267,53.8447],[-2.18267,53.8447],[-2.18266,53.8447],[-2.18265,53.8447],[-2.18264,53.8447],[-2.18263,53.8447],[-2.18263,53.8447],[-2.18262,53.8447],[-2.18261,53.84469],[-2.1826,53.84469],[-2.18259,53.84467],[-2.18258,53.84467],[-2.18258,53.84467],[-2.18258,53.84467],[-2.18256,53.84466],[-2.18221,53.84454],[-2.18198,53.84437],[-2.18231,53.84394],[-2.18163,53.84377],[-2.18122,53.84367],[-2.18103,53.84362],[-2.18081,53.84349],[-2.1807,53.84344],[-2.18061,53.84336],[-2.18044,53.84327],[-2.18034,53.84326],[-2.18004,53.84317],[-2.17924,53.84298],[-2.17903,53.84296],[-2.17872,53.84292],[-2.17838,53.84287],[-2.17687,53.84262],[-2.17462,53.84227],[-2.17351,53.84226],[-2.17352,53.84219],[-2.17337,53.84219],[-2.17337,53.84224],[-2.17333,53.84224],[-2.17334,53.84228],[-2.17327,53.84228],[-2.17301,53.84229],[-2.17302,53.84228],[-2.17267,53.8423],[-2.17246,53.84235],[-2.17225,53.84244],[-2.17198,53.84251],[-2.17175,53.84252],[-2.17166,53.84252],[-2.17173,53.84165],[-2.17039,53.84175],[-2.17027,53.84131],[-2.16892,53.84137],[-2.16897,53.84142],[-2.16705,53.84197],[-2.16699,53.84191],[-2.16651,53.84205],[-2.16623,53.84212],[-2.16625,53.84214],[-2.16548,53.84237],[-2.16501,53.8419],[-2.16378,53.84204],[-2.16316,53.84223],[-2.16233,53.8417],[-2.16155,53.8422],[-2.16198,53.8424],[-2.16258,53.8428],[-2.16262,53.84285],[-2.16127,53.84352],[-2.16033,53.8429],[-2.15885,53.84201],[-2.15993,53.84161],[-2.15908,53.84117],[-2.15887,53.84122],[-2.15806,53.84065],[-2.15582,53.84107],[-2.15557,53.8411],[-2.15528,53.84098],[-2.15491,53.84091],[-2.1546,53.84083],[-2.15391,53.84051],[-2.15375,53.8405],[-2.15296,53.84021],[-2.15251,53.83997],[-2.15245,53.83988],[-2.15268,53.83983],[-2.15275,53.83972],[-2.15277,53.83958],[-2.1528,53.83933],[-2.15279,53.83893],[-2.15275,53.83866],[-2.15253,53.83844],[-2.15148,53.83752],[-2.15036,53.83669],[-2.15034,53.83662],[-2.15041,53.8365],[-2.1504,53.83637],[-2.15036,53.83626],[-2.15027,53.83589],[-2.1502,53.83579],[-2.15018,53.83576],[-2.15017,53.83567],[-2.1503,53.83516],[-2.1503,53.83503],[-2.15012,53.83472],[-2.1501,53.83443],[-2.15018,53.83407],[-2.1503,53.83233],[-2.15035,53.83214],[-2.15076,53.83215],[-2.15111,53.83212],[-2.15141,53.83205],[-2.15096,53.83068],[-2.15081,53.8307],[-2.15021,53.83082],[-2.1502,53.83082],[-2.15014,53.83077],[-2.15009,53.83055],[-2.14996,53.83039],[-2.14988,53.83019],[-2.14985,53.82989],[-2.14969,53.82968],[-2.14922,53.82919],[-2.14894,53.82904],[-2.14873,53.82911],[-2.14856,53.82915],[-2.14835,53.82917],[-2.14826,53.82918],[-2.14805,53.82918],[-2.1423,53.82792],[-2.14195,53.82757],[-2.14191,53.82748],[-2.14177,53.82738],[-2.14191,53.8273],[-2.14192,53.8273],[-2.14239,53.82724],[-2.14307,53.82723],[-2.14357,53.82664],[-2.1448,53.82581],[-2.14493,53.82579],[-2.14505,53.82572],[-2.14501,53.82568],[-2.14938,53.82392],[-2.15068,53.82394],[-2.15297,53.82467],[-2.15246,53.82364],[-2.15424,53.82316],[-2.15908,53.82329],[-2.16469,53.82256],[-2.17241,53.82304],[-2.18545,53.82239],[-2.1922,53.82317],[-2.19538,53.82509],[-2.19705,53.82499],[-2.19553,53.82372],[-2.19489,53.82194],[-2.19877,53.81864],[-2.20303,53.81559],[-2.20564,53.8134],[-2.20654,53.81236],[-2.20702,53.81183],[-2.20743,53.81142],[-2.20754,53.81139],[-2.20734,53.81175],[-2.20724,53.81198],[-2.20718,53.8123],[-2.20719,53.81237],[-2.20707,53.81297],[-2.20696,53.81329],[-2.21009,53.81418],[-2.21043,53.81371],[-2.21224,53.81382],[-2.21423,53.81436],[-2.21658,53.81511],[-2.2196,53.8162],[-2.22093,53.81671],[-2.22397,53.81784],[-2.22417,53.81638],[-2.22572,53.81616],[-2.22765,53.81558],[-2.22816,53.81515],[-2.23061,53.81469],[-2.23155,53.81479],[-2.23254,53.81461],[-2.23312,53.81462],[-2.23384,53.81445],[-2.23449,53.81418],[-2.235,53.81385],[-2.23902,53.81328],[-2.24637,53.81227],[-2.24748,53.81337],[-2.24876,53.81403],[-2.25031,53.81454],[-2.24971,53.8132],[-2.24915,53.81241],[-2.24908,53.81188],[-2.25046,53.81165],[-2.26095,53.80779],[-2.26104,53.8081],[-2.26152,53.80839],[-2.2625,53.80886],[-2.26284,53.80955],[-2.26361,53.8101],[-2.26554,53.80988],[-2.26692,53.81008],[-2.26692,53.81211],[-2.26636,53.81325],[-2.26696,53.81365],[-2.26863,53.81403],[-2.26984,53.81477],[-2.27056,53.81558],[-2.27134,53.8157],[-2.2746,53.81874],[-2.27503,53.82031],[-2.27752,53.82239],[-2.27803,53.82351],[-2.27872,53.827],[-2.28069,53.82814],[-2.2816,53.82982],[-2.28284,53.83078],[-2.28387,53.83189],[-2.2842,53.83229],[-2.28454,53.83266],[-2.28526,53.83297],[-2.28528,53.83336],[-2.28583,53.834],[-2.28485,53.83435],[-2.2833,53.83469],[-2.28262,53.83475],[-2.2744,53.83804],[-2.27047,53.83979],[-2.26903,53.84053],[-2.26437,53.84307],[-2.26211,53.84428],[-2.25539,53.84242],[-2.25274,53.84073],[-2.25184,53.84002],[-2.25077,53.83929],[-2.24878,53.84032],[-2.24823,53.84097],[-2.24715,53.84163],[-2.24524,53.84265],[-2.24271,53.84318],[-2.24098,53.84314],[-2.23971,53.84295],[-2.23802,53.84389],[-2.23716,53.84498],[-2.23555,53.8463],[-2.23233,53.84382],[-2.23103,53.84306],[-2.22855,53.84217],[-2.22718,53.84237],[-2.22379,53.84344],[-2.22299,53.84353],[-2.2231,53.84367],[-2.22329,53.8438],[-2.22421,53.84417],[-2.22468,53.84432],[-2.22494,53.84447],[-2.22512,53.8448],[-2.22519,53.84501],[-2.22523,53.84523],[-2.22521,53.84549],[-2.22509,53.84566],[-2.22491,53.84575],[-2.22477,53.84581],[-2.22446,53.84582],[-2.2241,53.84577],[-2.22247,53.84543],[-2.22149,53.84537],[-2.21939,53.84558],[-2.21893,53.84556],[-2.21878,53.84552],[-2.21781,53.84549]]]]}},{"type":"Feature","properties":{"id":"D011","name":"St Joseph, Todmorden","deaneryId":"D"},"geometry":{"type":"MultiPolygon","coordinates":[[[[-2.14912,53.69392],[-2.1612,53.69766],[-2.16247,53.69909],[-2.16207,53.7041],[-2.16303,53.70795],[-2.16551,53.71007],[-2.166,53.71119],[-2.16628,53.71251],[-2.16683,53.7135],[-2.16931,53.7159],[-2.17171,53.71701],[-2.17127,53.71885],[-2.16977,53.71943],[-2.17307,53.7228],[-2.17329,53.723],[-2.17115,53.72513],[-2.16695,53.72773],[-2.16464,53.73066],[-2.16146,53.7321],[-2.1571,53.73314],[-2.15617,53.73519],[-2.1489,53.73408],[-2.14377,53.73732],[-2.14479,53.73907],[-2.14264,53.73965],[-2.14109,53.74231],[-2.14168,53.74603],[-2.13717,53.7482],[-2.13325,53.74914],[-2.13211,53.74988],[-2.13096,53.75114],[-2.12962,53.75395],[-2.12994,53.75526],[-2.13202,53.75746],[-2.13171,53.75818],[-2.12732,53.75804],[-2.12274,53.75783],[-2.10262,53.75709],[-2.09945,53.75806],[-2.09605,53.75976],[-2.09134,53.76132],[-2.0849,53.76291],[-2.0745,53.75964],[-2.05911,53.75017],[-2.06405,53.74914],[-2.06821,53.74628],[-2.06876,53.74386],[-2.06746,53.74029],[-2.06564,53.74007],[-2.06343,53.73938],[-2.06038,53.73922],[-2.05757,53.73832],[-2.05591,53.73712],[-2.05526,53.73698],[-2.05457,53.73658],[-2.05428,53.73612],[-2.05331,53.73582],[-2.05268,53.7344],[-2.05121,53.7342],[-2.0477,53.7332],[-2.04703,53.73214],[-2.04943,53.73092],[-2.04938,53.73044],[-2.05387,53.7272],[-2.05487,53.72529],[-2.05456,53.72307],[-2.05374,53.72191],[-2.05144,53.72102],[-2.04997,53.72054],[-2.04303,53.72139],[-2.03869,53.72061],[-2.03532,53.71835],[-2.03555,53.71348],[-2.04129,53.71106],[-2.04369,53.70732],[-2.0546,53.69838],[-2.05536,53.69445],[-2.05073,53.6906],[-2.04593,53.68806],[-2.03472,53.67861],[-2.03018,53.67793],[-2.03283,53.67365],[-2.03667,53.67141],[-2.04469,53.6732],[-2.04986,53.67869],[-2.04861,53.67939],[-2.05052,53.68221],[-2.05326,53.68294],[-2.05726,53.68312],[-2.0655,53.68242],[-2.07247,53.67977],[-2.07818,53.67758],[-2.08442,53.67747],[-2.08389,53.67392],[-2.08614,53.67185],[-2.0929,53.67035],[-2.09739,53.67246],[-2.11274,53.67124],[-2.11798,53.67123],[-2.12539,53.67482],[-2.12729,53.67864],[-2.12839,53.68252],[-2.13437,53.68536],[-2.13738,53.68386],[-2.13945,53.6831],[-2.14206,53.67847],[-2.14638,53.6824],[-2.14799,53.68396],[-2.14817,53.6859],[-2.14716,53.68904],[-2.14522,53.69185],[-2.14912,53.69392]]]]}},{"type":"Feature","properties":{"id":"D012","name":"St Marie, Haslingden","deaneryId":"D"},"geometry":{"type":"MultiPolygon","coordinates":[[[[-2.32263,53.732],[-2.32387,53.73051],[-2.32357,53.72912],[-2.32429,53.72739],[-2.32434,53.72622],[-2.32369,53.72523],[-2.32343,53.72429],[-2.32351,53.72346],[-2.32327,53.72302],[-2.32258,53.72249],[-2.32159,53.72142],[-2.32155,53.72063],[-2.32189,53.71997],[-2.32163,53.71837],[-2.32129,53.717],[-2.32183,53.71626],[-2.32087,53.71609],[-2.32046,53.71607],[-2.3194,53.71565],[-2.31889,53.71533],[-2.31696,53.71533],[-2.31696,53.71329],[-2.31528,53.70819],[-2.31485,53.70773],[-2.31434,53.70728],[-2.31397,53.70697],[-2.31309,53.70672],[-2.31247,53.70622],[-2.31193,53.70578],[-2.31159,53.70521],[-2.31146,53.70461],[-2.31128,53.70311],[-2.31365,53.69389],[-2.30983,53.69422],[-2.30769,53.6932],[-2.30657,53.69185],[-2.30593,53.68766],[-2.30606,53.68395],[-2.30725,53.68044],[-2.31066,53.68139],[-2.31029,53.68039],[-2.31039,53.67999],[-2.31102,53.67973],[-2.3116,53.67943],[-2.31225,53.67936],[-2.31435,53.67952],[-2.31495,53.67928],[-2.31549,53.67858],[-2.31653,53.67769],[-2.31864,53.67679],[-2.3199,53.67762],[-2.32189,53.67828],[-2.32399,53.6785],[-2.32785,53.67785],[-2.33067,53.67659],[-2.33507,53.67416],[-2.35557,53.66449],[-2.36138,53.66502],[-2.37139,53.66713],[-2.3739,53.67115],[-2.37482,53.67332],[-2.37592,53.67556],[-2.37604,53.67706],[-2.37544,53.68266],[-2.37443,53.68724],[-2.38089,53.68857],[-2.38336,53.68854],[-2.3848,53.68823],[-2.39179,53.68858],[-2.39779,53.69128],[-2.40033,53.69263],[-2.40122,53.69444],[-2.40118,53.69492],[-2.40288,53.69657],[-2.40335,53.69708],[-2.40564,53.69944],[-2.4064,53.7004],[-2.40787,53.702],[-2.409,53.7032],[-2.4105,53.70488],[-2.41103,53.70522],[-2.40881,53.70521],[-2.40685,53.70563],[-2.40456,53.7065],[-2.40316,53.70706],[-2.39993,53.70824],[-2.39576,53.70962],[-2.39029,53.71029],[-2.38271,53.71122],[-2.36941,53.71415],[-2.36067,53.71649],[-2.3553,53.72213],[-2.35386,53.72221],[-2.3526,53.72213],[-2.35024,53.72182],[-2.35002,53.72238],[-2.34899,53.7224],[-2.34857,53.72256],[-2.348,53.72286],[-2.34682,53.72291],[-2.34492,53.72312],[-2.34292,53.72395],[-2.34208,53.72493],[-2.3422,53.7268],[-2.34099,53.72753],[-2.33923,53.72754],[-2.33408,53.72891],[-2.33262,53.72952],[-2.33086,53.72985],[-2.32975,53.73021],[-2.32914,53.73066],[-2.3276,53.73102],[-2.32678,53.73145],[-2.32614,53.73158],[-2.32539,53.73174],[-2.32481,53.73179],[-2.32421,53.73176],[-2.32263,53.732]]]]}},{"type":"Feature","properties":{"id":"D013","name":"St Mary and St Anselm, Whitworth","deaneryId":"D"},"geometry":{"type":"MultiPolygon","coordinates":[[[[-2.22718,53.73828],[-2.22545,53.73854],[-2.21791,53.73834],[-2.21174,53.73646],[-2.20468,53.73384],[-2.2033,53.73237],[-2.19909,53.73258],[-2.19605,53.73284],[-2.18694,53.73126],[-2.18297,53.72967],[-2.17778,53.72667],[-2.17329,53.723],[-2.17307,53.7228],[-2.16977,53.71943],[-2.17127,53.71885],[-2.17171,53.71701],[-2.16931,53.7159],[-2.16683,53.7135],[-2.16628,53.71251],[-2.166,53.71119],[-2.16551,53.71007],[-2.16303,53.70795],[-2.16207,53.7041],[-2.16247,53.69909],[-2.1612,53.69766],[-2.14912,53.69392],[-2.14522,53.69185],[-2.14716,53.68904],[-2.14817,53.6859],[-2.14799,53.68396],[-2.14638,53.6824],[-2.14814,53.68199],[-2.14829,53.67462],[-2.15345,53.66887],[-2.15485,53.66429],[-2.16396,53.65515],[-2.16385,53.65213],[-2.16069,53.64837],[-2.16097,53.64145],[-2.17398,53.63969],[-2.1741,53.63928],[-2.17588,53.63944],[-2.18528,53.63822],[-2.18314,53.63949],[-2.18047,53.64053],[-2.18122,53.64199],[-2.18212,53.6424],[-2.18232,53.64282],[-2.18272,53.64291],[-2.18272,53.6438],[-2.18285,53.64443],[-2.1834,53.64522],[-2.18263,53.64566],[-2.181,53.64558],[-2.18152,53.64685],[-2.1831,53.64832],[-2.18825,53.64836],[-2.19022,53.65019],[-2.1974,53.65305],[-2.20138,53.65385],[-2.20237,53.65678],[-2.20915,53.66024],[-2.20701,53.66304],[-2.21039,53.66457],[-2.21765,53.66866],[-2.21435,53.67193],[-2.21186,53.67488],[-2.20831,53.67792],[-2.20902,53.68945],[-2.20952,53.69031],[-2.20929,53.69155],[-2.2097,53.69182],[-2.20959,53.69276],[-2.21054,53.69269],[-2.21068,53.69293],[-2.21027,53.69302],[-2.20926,53.69366],[-2.2093,53.69485],[-2.21165,53.69597],[-2.22718,53.73828]]]]}},{"type":"Feature","properties":{"id":"D016","name":"St Mary, Clayton-le-Moors","deaneryId":"D"},"geometry":{"type":"MultiPolygon","coordinates":[[[[-2.32884,53.78149],[-2.33331,53.78078],[-2.34631,53.77763],[-2.34732,53.7762],[-2.34802,53.77586],[-2.34854,53.7747],[-2.349,53.77394],[-2.34961,53.77349],[-2.34995,53.77275],[-2.3507,53.77228],[-2.3518,53.77099],[-2.35303,53.77065],[-2.35391,53.77023],[-2.35519,53.76977],[-2.35721,53.76868],[-2.36048,53.76724],[-2.37336,53.76583],[-2.37309,53.76547],[-2.37403,53.76523],[-2.3786,53.7663],[-2.39116,53.76589],[-2.39463,53.76421],[-2.39635,53.76366],[-2.39781,53.76444],[-2.39867,53.76426],[-2.39948,53.7649],[-2.39785,53.76487],[-2.39759,53.7653],[-2.3982,53.76576],[-2.3997,53.76599],[-2.4009,53.76571],[-2.40201,53.76596],[-2.4018,53.76634],[-2.40206,53.76708],[-2.4015,53.76774],[-2.40262,53.76832],[-2.4018,53.76868],[-2.40081,53.76913],[-2.40111,53.76977],[-2.40159,53.77096],[-2.40111,53.7718],[-2.40129,53.77213],[-2.40176,53.77261],[-2.40111,53.77307],[-2.39935,53.77332],[-2.39837,53.77367],[-2.39764,53.77461],[-2.39772,53.77509],[-2.39729,53.77545],[-2.39768,53.77591],[-2.39828,53.77651],[-2.39772,53.777],[-2.39639,53.7773],[-2.39519,53.77801],[-2.39442,53.77847],[-2.39485,53.77897],[-2.39601,53.77966],[-2.39601,53.78017],[-2.39541,53.78055],[-2.39373,53.78017],[-2.3939,53.7807],[-2.39489,53.78118],[-2.39395,53.78197],[-2.39296,53.78159],[-2.39129,53.78136],[-2.39081,53.78184],[-2.39163,53.78285],[-2.39146,53.78354],[-2.38961,53.78397],[-2.38807,53.78397],[-2.38738,53.78468],[-2.38687,53.78552],[-2.38584,53.78559],[-2.38579,53.78615],[-2.38575,53.78656],[-2.38498,53.78666],[-2.38412,53.78648],[-2.38193,53.78706],[-2.38189,53.78752],[-2.38116,53.78762],[-2.37833,53.78762],[-2.37755,53.78793],[-2.37691,53.78841],[-2.37669,53.78899],[-2.37772,53.78965],[-2.3791,53.79006],[-2.37867,53.79089],[-2.3776,53.79158],[-2.37768,53.79221],[-2.37558,53.79302],[-2.37485,53.79348],[-2.37326,53.79398],[-2.37236,53.79391],[-2.3718,53.7935],[-2.37099,53.79317],[-2.3703,53.79365],[-2.36991,53.79419],[-2.36901,53.79393],[-2.36652,53.79355],[-2.36536,53.79315],[-2.36343,53.79365],[-2.36283,53.79444],[-2.36155,53.79467],[-2.35974,53.79447],[-2.3591,53.79307],[-2.35743,53.79282],[-2.35627,53.79295],[-2.35644,53.79373],[-2.35747,53.79462],[-2.35927,53.79698],[-2.35751,53.79804],[-2.35558,53.79799],[-2.35395,53.79713],[-2.35133,53.79601],[-2.34876,53.79464],[-2.34537,53.79348],[-2.3394,53.79226],[-2.33781,53.79213],[-2.33618,53.79168],[-2.33691,53.79054],[-2.3388,53.78899],[-2.33743,53.7863],[-2.3364,53.78554],[-2.33593,53.78506],[-2.33584,53.78407],[-2.33614,53.78329],[-2.3355,53.78252],[-2.33309,53.78202],[-2.32884,53.78149]]]]}},{"type":"Feature","properties":{"id":"D017","name":"St Mary, Oswaltwistle","deaneryId":"D"},"geometry":{"type":"MultiPolygon","coordinates":[[[[-2.39116,53.76589],[-2.38996,53.76546],[-2.39021,53.76345],[-2.38955,53.7621],[-2.387,53.75929],[-2.38541,53.75748],[-2.38498,53.75716],[-2.38283,53.75637],[-2.37944,53.75584],[-2.37927,53.75329],[-2.37916,53.75297],[-2.37888,53.75272],[-2.37586,53.7529],[-2.37401,53.75311],[-2.37393,53.75285],[-2.37438,53.75139],[-2.37622,53.7491],[-2.37635,53.7488],[-2.37607,53.74809],[-2.37539,53.74725],[-2.37468,53.74578],[-2.36646,53.74498],[-2.36382,53.74171],[-2.36085,53.73902],[-2.35582,53.73578],[-2.34948,53.73299],[-2.34099,53.72753],[-2.3422,53.7268],[-2.34208,53.72493],[-2.34292,53.72395],[-2.34492,53.72312],[-2.34682,53.72291],[-2.348,53.72286],[-2.34857,53.72256],[-2.34899,53.7224],[-2.35002,53.72238],[-2.35024,53.72182],[-2.3526,53.72213],[-2.35386,53.72221],[-2.3553,53.72213],[-2.36067,53.71649],[-2.36941,53.71415],[-2.38271,53.71122],[-2.39029,53.71029],[-2.39576,53.70962],[-2.39993,53.70824],[-2.40316,53.70706],[-2.40456,53.7065],[-2.406,53.70777],[-2.40634,53.70812],[-2.40721,53.70977],[-2.40772,53.71074],[-2.40829,53.71182],[-2.40877,53.71273],[-2.41076,53.71395],[-2.41176,53.71456],[-2.41304,53.71477],[-2.41495,53.71507],[-2.42631,53.71511],[-2.43274,53.7196],[-2.43226,53.72023],[-2.43267,53.72228],[-2.43352,53.72765],[-2.4363,53.73011],[-2.43897,53.73261],[-2.43666,53.73574],[-2.43463,53.73749],[-2.43188,53.73957],[-2.42978,53.74237],[-2.42867,53.74526],[-2.42875,53.74764],[-2.42987,53.75006],[-2.43213,53.75244],[-2.43585,53.75416],[-2.44102,53.75469],[-2.44091,53.75529],[-2.4416,53.75628],[-2.4416,53.75628],[-2.43834,53.75772],[-2.43468,53.75956],[-2.432,53.76056],[-2.42813,53.76157],[-2.4238,53.76211],[-2.41822,53.76216],[-2.41214,53.76173],[-2.40704,53.7617],[-2.40167,53.76223],[-2.39888,53.76287],[-2.39635,53.76366],[-2.39463,53.76421],[-2.39116,53.76589]]]]}},{"type":"Feature","properties":{"id":"D018","name":"The Good Shepherd, Pendle","deaneryId":"D"},"geometry":{"type":"MultiPolygon","coordinates":[[[[-2.07206,53.8223],[-2.08103,53.81914],[-2.086,53.81798],[-2.08727,53.81784],[-2.0871,53.81688],[-2.08999,53.81567],[-2.09099,53.81427],[-2.09308,53.81351],[-2.09507,53.81252],[-2.09723,53.812],[-2.09949,53.81115],[-2.10308,53.80833],[-2.1056,53.808],[-2.10714,53.80719],[-2.10898,53.80694],[-2.11376,53.8048],[-2.11493,53.80594],[-2.11528,53.807],[-2.11653,53.80792],[-2.1183,53.80956],[-2.12212,53.81233],[-2.12242,53.81312],[-2.12364,53.81462],[-2.12432,53.81509],[-2.13534,53.81594],[-2.1416,53.81984],[-2.14211,53.82043],[-2.14402,53.82003],[-2.14855,53.81975],[-2.14912,53.82046],[-2.14905,53.82128],[-2.14893,53.82246],[-2.14851,53.823],[-2.14852,53.82353],[-2.14938,53.82392],[-2.14938,53.82392],[-2.14501,53.82568],[-2.14505,53.82572],[-2.14493,53.82579],[-2.1448,53.82581],[-2.14357,53.82664],[-2.14307,53.82723],[-2.14239,53.82724],[-2.14192,53.8273],[-2.14177,53.82738],[-2.14191,53.82748],[-2.14195,53.82757],[-2.1423,53.82792],[-2.14805,53.82918],[-2.14826,53.82918],[-2.14835,53.82917],[-2.14856,53.82915],[-2.14873,53.82911],[-2.14894,53.82904],[-2.14922,53.82919],[-2.14969,53.82968],[-2.14985,53.82989],[-2.14988,53.83019],[-2.14996,53.83039],[-2.15009,53.83055],[-2.15014,53.83077],[-2.1502,53.83082],[-2.15021,53.83082],[-2.15081,53.8307],[-2.15096,53.83068],[-2.15141,53.83205],[-2.15111,53.83212],[-2.15076,53.83215],[-2.15035,53.83214],[-2.1503,53.83233],[-2.15018,53.83407],[-2.1501,53.83443],[-2.15012,53.83472],[-2.1503,53.83503],[-2.1503,53.83516],[-2.15017,53.83567],[-2.15018,53.83576],[-2.15027,53.83589],[-2.15036,53.83626],[-2.1504,53.83637],[-2.15041,53.8365],[-2.15034,53.83662],[-2.15036,53.83669],[-2.15148,53.83752],[-2.15253,53.83844],[-2.15275,53.83866],[-2.15279,53.83893],[-2.1528,53.83933],[-2.15277,53.83958],[-2.15275,53.83972],[-2.15268,53.83983],[-2.15245,53.83988],[-2.15251,53.83997],[-2.15296,53.84021],[-2.15375,53.8405],[-2.15391,53.84051],[-2.1546,53.84083],[-2.15491,53.84091],[-2.15528,53.84098],[-2.15557,53.8411],[-2.15582,53.84107],[-2.15806,53.84065],[-2.15887,53.84122],[-2.15908,53.84117],[-2.15993,53.84161],[-2.15885,53.84201],[-2.16033,53.8429],[-2.16127,53.84352],[-2.16262,53.84285],[-2.16258,53.8428],[-2.16198,53.8424],[-2.16155,53.8422],[-2.16233,53.8417],[-2.16316,53.84223],[-2.16378,53.84204],[-2.16501,53.8419],[-2.16548,53.84237],[-2.16625,53.84214],[-2.16623,53.84212],[-2.16651,53.84205],[-2.16699,53.84191],[-2.16705,53.84197],[-2.16897,53.84142],[-2.16892,53.84137],[-2.17027,53.84131],[-2.17039,53.84175],[-2.17173,53.84165],[-2.17166,53.84252],[-2.17198,53.84251],[-2.17225,53.84244],[-2.17246,53.84235],[-2.17267,53.8423],[-2.17302,53.84228],[-2.17301,53.84229],[-2.17327,53.84228],[-2.17334,53.84228],[-2.17333,53.84224],[-2.17337,53.84224],[-2.17337,53.84219],[-2.17352,53.84219],[-2.17351,53.84226],[-2.17462,53.84227],[-2.17924,53.84298],[-2.18004,53.84317],[-2.18034,53.84326],[-2.18044,53.84327],[-2.18061,53.84336],[-2.1807,53.84344],[-2.18081,53.84349],[-2.18103,53.84362],[-2.18122,53.84367],[-2.18163,53.84377],[-2.18231,53.84394],[-2.18198,53.84437],[-2.18221,53.84454],[-2.18256,53.84466],[-2.18258,53.84467],[-2.18258,53.84467],[-2.18258,53.84467],[-2.18259,53.84467],[-2.1826,53.84469],[-2.18261,53.84469],[-2.18262,53.8447],[-2.18263,53.8447],[-2.18263,53.8447],[-2.18264,53.8447],[-2.18265,53.8447],[-2.18266,53.8447],[-2.18267,53.8447],[-2.18267,53.8447],[-2.18268,53.8447],[-2.1827,53.8447],[-2.18271,53.8447],[-2.18273,53.8447],[-2.18279,53.84471],[-2.18288,53.84475],[-2.1829,53.84476],[-2.18299,53.84481],[-2.18308,53.84481],[-2.18314,53.84484],[-2.18316,53.84485],[-2.1832,53.84488],[-2.18323,53.84487],[-2.18352,53.84493],[-2.18371,53.84504],[-2.18383,53.84507],[-2.18447,53.84542],[-2.18448,53.84537],[-2.18489,53.84553],[-2.18508,53.84558],[-2.18549,53.84574],[-2.18555,53.84565],[-2.18559,53.84535],[-2.18559,53.84486],[-2.18535,53.84395],[-2.18538,53.84384],[-2.18555,53.84364],[-2.18551,53.84345],[-2.18554,53.84294],[-2.18561,53.84269],[-2.1862,53.84282],[-2.18663,53.84295],[-2.1874,53.84326],[-2.18757,53.84336],[-2.18801,53.84371],[-2.18825,53.84397],[-2.18852,53.84412],[-2.18894,53.84426],[-2.18967,53.84469],[-2.18997,53.84481],[-2.19007,53.84493],[-2.19022,53.84494],[-2.19054,53.84499],[-2.1913,53.84497],[-2.1919,53.84515],[-2.19281,53.84524],[-2.19432,53.84565],[-2.19473,53.84572],[-2.19507,53.84574],[-2.19662,53.84575],[-2.19672,53.84568],[-2.1971,53.84583],[-2.19738,53.84598],[-2.19762,53.84613],[-2.19778,53.84633],[-2.19784,53.84646],[-2.19785,53.84708],[-2.19821,53.8475],[-2.20028,53.84898],[-2.20161,53.84832],[-2.20179,53.8485],[-2.20181,53.84855],[-2.20191,53.84862],[-2.20192,53.8487],[-2.20179,53.84878],[-2.20179,53.84886],[-2.2022,53.8494],[-2.20229,53.84958],[-2.20237,53.8496],[-2.20241,53.84974],[-2.20248,53.84978],[-2.20256,53.84988],[-2.20272,53.8503],[-2.20284,53.85039],[-2.20323,53.85045],[-2.20342,53.85027],[-2.204,53.85003],[-2.20494,53.84994],[-2.20538,53.84996],[-2.20579,53.85003],[-2.20644,53.85019],[-2.20751,53.85036],[-2.20788,53.85029],[-2.20832,53.85012],[-2.20859,53.84998],[-2.2089,53.84987],[-2.21034,53.84969],[-2.21097,53.84967],[-2.21142,53.84961],[-2.21158,53.84952],[-2.21159,53.84941],[-2.21153,53.84923],[-2.21134,53.84907],[-2.21126,53.84898],[-2.21165,53.84842],[-2.21187,53.8478],[-2.21227,53.84745],[-2.21261,53.8474],[-2.21432,53.84777],[-2.21469,53.84778],[-2.21501,53.84777],[-2.21534,53.8477],[-2.21556,53.8476],[-2.21582,53.84712],[-2.21687,53.84613],[-2.21739,53.8456],[-2.2176,53.84552],[-2.21781,53.84549],[-2.21878,53.84552],[-2.21893,53.84556],[-2.21939,53.84558],[-2.22149,53.84537],[-2.22247,53.84543],[-2.2241,53.84577],[-2.22446,53.84582],[-2.22477,53.84581],[-2.22491,53.84575],[-2.22509,53.84566],[-2.22521,53.84549],[-2.22523,53.84523],[-2.22519,53.84501],[-2.22512,53.8448],[-2.22494,53.84447],[-2.22468,53.84432],[-2.22421,53.84417],[-2.22329,53.8438],[-2.2231,53.84367],[-2.22299,53.84353],[-2.22379,53.84344],[-2.22718,53.84237],[-2.22855,53.84217],[-2.23103,53.84306],[-2.23233,53.84382],[-2.23555,53.8463],[-2.23716,53.84498],[-2.23802,53.84389],[-2.23971,53.84295],[-2.24098,53.84314],[-2.24271,53.84318],[-2.24524,53.84265],[-2.24715,53.84163],[-2.24823,53.84097],[-2.24878,53.84032],[-2.25077,53.83929],[-2.25184,53.84002],[-2.25274,53.84073],[-2.25539,53.84242],[-2.26211,53.84428],[-2.26194,53.84582],[-2.26292,53.84676],[-2.26435,53.84813],[-2.26553,53.84926],[-2.2694,53.85252],[-2.27109,53.85208],[-2.27133,53.85238],[-2.27459,53.85178],[-2.2768,53.85145],[-2.28509,53.85159],[-2.28715,53.85107],[-2.28962,53.85127],[-2.29013,53.8532],[-2.30165,53.85216],[-2.30576,53.85334],[-2.31228,53.85394],[-2.31794,53.85526],[-2.318,53.85719],[-2.31927,53.85805],[-2.32,53.85941],[-2.31968,53.86099],[-2.31365,53.86457],[-2.3106,53.86679],[-2.30789,53.86907],[-2.30612,53.87027],[-2.30373,53.87102],[-2.29904,53.87185],[-2.29477,53.87287],[-2.28604,53.87398],[-2.27971,53.87693],[-2.27349,53.87916],[-2.2703,53.87569],[-2.26585,53.87572],[-2.25938,53.87768],[-2.25931,53.87901],[-2.25902,53.87974],[-2.26024,53.88081],[-2.26006,53.88173],[-2.25616,53.88197],[-2.25361,53.88376],[-2.25043,53.88504],[-2.24447,53.88627],[-2.23979,53.88659],[-2.2386,53.8842],[-2.23675,53.88051],[-2.23744,53.88001],[-2.23774,53.87942],[-2.23731,53.87885],[-2.23641,53.87849],[-2.23458,53.87643],[-2.23313,53.87416],[-2.2324,53.87213],[-2.23165,53.87188],[-2.2249,53.87291],[-2.21677,53.87528],[-2.21043,53.87761],[-2.20764,53.87814],[-2.20578,53.87755],[-2.20221,53.87728],[-2.19964,53.87848],[-2.19516,53.88004],[-2.19031,53.88056],[-2.18618,53.8821],[-2.18596,53.88298],[-2.18662,53.88501],[-2.18677,53.8858],[-2.18534,53.88592],[-2.18392,53.88562],[-2.17905,53.88633],[-2.1801,53.88726],[-2.17993,53.89017],[-2.17826,53.89123],[-2.17712,53.89147],[-2.17639,53.89111],[-2.1752,53.89147],[-2.17303,53.89153],[-2.17155,53.89035],[-2.16955,53.89145],[-2.16785,53.8896],[-2.16641,53.88877],[-2.16366,53.88935],[-2.16414,53.88792],[-2.16543,53.88606],[-2.16436,53.88552],[-2.16345,53.88527],[-2.1609,53.8856],[-2.15945,53.88498],[-2.15702,53.88487],[-2.15499,53.88436],[-2.15288,53.88492],[-2.14989,53.88411],[-2.14808,53.88581],[-2.14484,53.88541],[-2.13982,53.88379],[-2.13624,53.88401],[-2.13439,53.88396],[-2.13085,53.88361],[-2.12363,53.88414],[-2.12018,53.88602],[-2.11567,53.88768],[-2.10529,53.89168],[-2.1046,53.89033],[-2.09678,53.88801],[-2.09665,53.88579],[-2.09512,53.88412],[-2.09286,53.88342],[-2.09095,53.88168],[-2.08829,53.88113],[-2.08555,53.87781],[-2.08457,53.87742],[-2.0827,53.87508],[-2.0828,53.87427],[-2.08421,53.87322],[-2.08461,53.8724],[-2.08695,53.87033],[-2.08655,53.86972],[-2.08497,53.86978],[-2.08164,53.87016],[-2.08078,53.86777],[-2.07836,53.86672],[-2.07752,53.86578],[-2.07774,53.86401],[-2.07653,53.86227],[-2.07179,53.86051],[-2.07032,53.85941],[-2.0653,53.85844],[-2.06308,53.85917],[-2.05942,53.85546],[-2.05408,53.8527],[-2.04979,53.85045],[-2.0485,53.84721],[-2.04846,53.8353],[-2.05046,53.82896],[-2.05461,53.82786],[-2.05989,53.82588],[-2.06486,53.82454],[-2.06845,53.82296],[-2.07206,53.8223]]]]}},{"type":"Feature","properties":{"id":"D021","name":"The Parish of the Good Samaritan, Burnley","deaneryId":"D"},"geometry":{"type":"MultiPolygon","coordinates":[[[[-2.13521,53.79442],[-2.13027,53.79173],[-2.13079,53.7902],[-2.12971,53.78953],[-2.1278,53.78922],[-2.12671,53.78821],[-2.12511,53.7876],[-2.12512,53.78658],[-2.12697,53.78603],[-2.12793,53.78531],[-2.13145,53.78418],[-2.13401,53.782],[-2.13534,53.78013],[-2.13543,53.77895],[-2.13606,53.77733],[-2.13425,53.77625],[-2.13283,53.77521],[-2.13056,53.77444],[-2.13043,53.77306],[-2.12943,53.76951],[-2.13111,53.76587],[-2.12985,53.76235],[-2.13007,53.76106],[-2.13117,53.75945],[-2.13202,53.75746],[-2.12994,53.75526],[-2.12962,53.75395],[-2.13096,53.75114],[-2.13218,53.7498],[-2.13325,53.74914],[-2.13717,53.7482],[-2.14168,53.74603],[-2.14109,53.74231],[-2.14264,53.73965],[-2.14479,53.73907],[-2.14377,53.73732],[-2.1489,53.73408],[-2.15617,53.73519],[-2.1571,53.73314],[-2.16146,53.7321],[-2.16464,53.73066],[-2.16695,53.72773],[-2.17115,53.72513],[-2.17329,53.723],[-2.17778,53.72667],[-2.18297,53.72967],[-2.18694,53.73126],[-2.19605,53.73284],[-2.19909,53.73258],[-2.2033,53.73237],[-2.20468,53.73384],[-2.21174,53.73646],[-2.21791,53.73834],[-2.22545,53.73854],[-2.22718,53.73828],[-2.23246,53.73764],[-2.23389,53.7404],[-2.23859,53.74577],[-2.24308,53.74924],[-2.2516,53.75506],[-2.25274,53.75433],[-2.25398,53.75345],[-2.25513,53.75316],[-2.25602,53.75229],[-2.2579,53.75065],[-2.25712,53.7501],[-2.25798,53.74989],[-2.26174,53.74858],[-2.26264,53.74898],[-2.2669,53.74794],[-2.26431,53.74741],[-2.26309,53.74567],[-2.26686,53.74273],[-2.27135,53.7425],[-2.27527,53.74367],[-2.27825,53.74354],[-2.28216,53.74494],[-2.2848,53.74387],[-2.28717,53.7449],[-2.28765,53.74633],[-2.29045,53.7483],[-2.29541,53.75195],[-2.30311,53.74867],[-2.30818,53.74786],[-2.31411,53.74702],[-2.28687,53.77418],[-2.28644,53.77674],[-2.2864,53.77849],[-2.28786,53.77872],[-2.28928,53.77991],[-2.29018,53.78121],[-2.29065,53.78313],[-2.29081,53.78552],[-2.2894,53.78572],[-2.28443,53.78623],[-2.27906,53.78719],[-2.26723,53.78972],[-2.26185,53.79107],[-2.25992,53.79154],[-2.25752,53.7925],[-2.25619,53.79322],[-2.25574,53.79362],[-2.25499,53.79442],[-2.25314,53.79644],[-2.25374,53.79687],[-2.25456,53.79771],[-2.25593,53.79822],[-2.25722,53.79845],[-2.25786,53.79893],[-2.25713,53.80075],[-2.25906,53.80141],[-2.26142,53.80189],[-2.26254,53.80346],[-2.26228,53.80392],[-2.26074,53.80486],[-2.26082,53.80539],[-2.26194,53.80635],[-2.2619,53.80683],[-2.26095,53.80779],[-2.25046,53.81165],[-2.24908,53.81188],[-2.24915,53.81241],[-2.24971,53.8132],[-2.25019,53.81428],[-2.25031,53.81454],[-2.24876,53.81403],[-2.24748,53.81337],[-2.24637,53.81227],[-2.235,53.81385],[-2.23449,53.81418],[-2.23384,53.81445],[-2.23312,53.81462],[-2.23254,53.81461],[-2.23155,53.81479],[-2.23061,53.81469],[-2.22816,53.81515],[-2.22765,53.81558],[-2.22572,53.81616],[-2.22417,53.81638],[-2.22397,53.81784],[-2.22093,53.81671],[-2.2196,53.8162],[-2.21658,53.81511],[-2.21423,53.81436],[-2.21224,53.81382],[-2.21043,53.81371],[-2.21009,53.81418],[-2.20696,53.81329],[-2.20707,53.81297],[-2.20719,53.81237],[-2.20718,53.8123],[-2.20724,53.81198],[-2.20734,53.81175],[-2.20754,53.81139],[-2.20743,53.81142],[-2.20702,53.81183],[-2.20564,53.8134],[-2.20303,53.81559],[-2.19877,53.81864],[-2.19489,53.82194],[-2.19553,53.82372],[-2.19705,53.82499],[-2.19538,53.82509],[-2.1922,53.82317],[-2.18545,53.82239],[-2.17241,53.82304],[-2.16469,53.82256],[-2.15908,53.82329],[-2.15424,53.82316],[-2.15246,53.82364],[-2.15297,53.82467],[-2.15068,53.82394],[-2.14938,53.82392],[-2.14852,53.82353],[-2.14851,53.823],[-2.14893,53.82246],[-2.14897,53.82206],[-2.14905,53.82128],[-2.14912,53.82046],[-2.14855,53.81975],[-2.14402,53.82003],[-2.14211,53.82043],[-2.1416,53.81984],[-2.13534,53.81594],[-2.12432,53.81509],[-2.12364,53.81462],[-2.12242,53.81312],[-2.12212,53.81233],[-2.1183,53.80956],[-2.11653,53.80792],[-2.11528,53.807],[-2.11493,53.80594],[-2.11376,53.8048],[-2.12734,53.7986],[-2.13034,53.79839],[-2.13521,53.79442]]]]}},{"type":"Feature","properties":{"id":"D024","name":"St Anne and St Joseph, Accrington","deaneryId":"D"},"geometry":{"type":"MultiPolygon","coordinates":[[[[-2.33043,53.76789],[-2.32907,53.76661],[-2.32789,53.76349],[-2.32856,53.76109],[-2.32593,53.75876],[-2.32214,53.75738],[-2.31607,53.75182],[-2.31372,53.75156],[-2.31411,53.74702],[-2.32615,53.74732],[-2.32481,53.74169],[-2.32393,53.73771],[-2.32418,53.7351],[-2.32383,53.73387],[-2.32322,53.7334],[-2.3231,53.7326],[-2.32263,53.732],[-2.32421,53.73176],[-2.32481,53.73179],[-2.32539,53.73174],[-2.32614,53.73158],[-2.32678,53.73145],[-2.3276,53.73102],[-2.32914,53.73066],[-2.32975,53.73021],[-2.33086,53.72985],[-2.33262,53.72952],[-2.33408,53.72891],[-2.33923,53.72754],[-2.34099,53.72753],[-2.34948,53.73299],[-2.35583,53.73577],[-2.36085,53.73902],[-2.36382,53.74171],[-2.36646,53.74498],[-2.37468,53.74578],[-2.37539,53.74725],[-2.37607,53.74809],[-2.37635,53.7488],[-2.37622,53.7491],[-2.37438,53.75139],[-2.37393,53.75285],[-2.37401,53.75311],[-2.37586,53.7529],[-2.37888,53.75272],[-2.37916,53.75297],[-2.37927,53.75329],[-2.37944,53.75584],[-2.38283,53.75637],[-2.38498,53.75716],[-2.38541,53.75748],[-2.387,53.75929],[-2.38955,53.7621],[-2.39021,53.76345],[-2.38996,53.76546],[-2.39116,53.76589],[-2.3786,53.7663],[-2.37403,53.76523],[-2.37309,53.76547],[-2.37336,53.76583],[-2.36048,53.76724],[-2.35721,53.76868],[-2.35519,53.76977],[-2.35391,53.77023],[-2.35303,53.77065],[-2.3518,53.77099],[-2.3507,53.77228],[-2.34995,53.77275],[-2.34961,53.77349],[-2.349,53.77394],[-2.34854,53.7747],[-2.34802,53.77586],[-2.34732,53.7762],[-2.34631,53.77763],[-2.33331,53.78078],[-2.32884,53.78149],[-2.32884,53.77814],[-2.32932,53.77631],[-2.33065,53.77167],[-2.33211,53.76802],[-2.33103,53.76774],[-2.33043,53.76789]]]]}},{"type":"Feature","properties":{"id":"D025","name":"St John Paul II, Padiham and Burnley","deaneryId":"D"},"geometry":{"type":"MultiPolygon","coordinates":[[[[-2.3591,53.79307],[-2.35974,53.79447],[-2.36155,53.79467],[-2.36283,53.79444],[-2.36343,53.79365],[-2.36536,53.79315],[-2.36652,53.79355],[-2.36901,53.79393],[-2.36991,53.79419],[-2.37103,53.7949],[-2.3715,53.79543],[-2.37142,53.79589],[-2.36936,53.79733],[-2.36888,53.79918],[-2.36953,53.80025],[-2.36979,53.80123],[-2.37051,53.80159],[-2.37446,53.80075],[-2.37614,53.80073],[-2.37717,53.80085],[-2.37867,53.8005],[-2.37918,53.80078],[-2.37884,53.80217],[-2.3791,53.8026],[-2.38232,53.80283],[-2.38343,53.8024],[-2.38584,53.80243],[-2.38669,53.80359],[-2.38695,53.80466],[-2.38618,53.80577],[-2.38669,53.80633],[-2.38661,53.80734],[-2.38541,53.8083],[-2.3842,53.80846],[-2.38283,53.80861],[-2.38206,53.81008],[-2.38016,53.81076],[-2.37803,53.8117],[-2.3782,53.81342],[-2.377,53.81408],[-2.37648,53.81352],[-2.37496,53.81334],[-2.37365,53.81337],[-2.37313,53.81304],[-2.37103,53.81266],[-2.36906,53.81291],[-2.3648,53.81311],[-2.36006,53.81529],[-2.35915,53.81612],[-2.35715,53.81756],[-2.35331,53.81886],[-2.35074,53.81949],[-2.34798,53.82133],[-2.34361,53.82259],[-2.33743,53.82457],[-2.33597,53.82427],[-2.33065,53.82579],[-2.32532,53.8265],[-2.32232,53.82685],[-2.31794,53.82771],[-2.31493,53.82845],[-2.31317,53.82868],[-2.30924,53.8289],[-2.30558,53.82956],[-2.30236,53.83038],[-2.30116,53.83047],[-2.297,53.83111],[-2.29271,53.83176],[-2.29119,53.83167],[-2.2867,53.83288],[-2.28526,53.83297],[-2.28454,53.83266],[-2.2842,53.83229],[-2.28387,53.83189],[-2.28284,53.83078],[-2.2816,53.82982],[-2.28069,53.82814],[-2.27872,53.827],[-2.27803,53.82351],[-2.27752,53.82239],[-2.27503,53.82031],[-2.2746,53.81874],[-2.27134,53.8157],[-2.27056,53.81558],[-2.26984,53.81477],[-2.26863,53.81403],[-2.26696,53.81365],[-2.26636,53.81325],[-2.26692,53.81211],[-2.26692,53.81008],[-2.26554,53.80988],[-2.26361,53.8101],[-2.26284,53.80955],[-2.2625,53.80886],[-2.26152,53.80839],[-2.26104,53.8081],[-2.26095,53.80779],[-2.2619,53.80683],[-2.26194,53.80635],[-2.26082,53.80539],[-2.26074,53.80486],[-2.26228,53.80392],[-2.26254,53.80346],[-2.26142,53.80189],[-2.25906,53.80141],[-2.25713,53.80075],[-2.25786,53.79893],[-2.25722,53.79845],[-2.25593,53.79822],[-2.25456,53.79771],[-2.25374,53.79687],[-2.25314,53.79644],[-2.25499,53.79442],[-2.25574,53.79362],[-2.25619,53.79322],[-2.25752,53.7925],[-2.25992,53.79154],[-2.26185,53.79107],[-2.26723,53.78972],[-2.27906,53.78719],[-2.28443,53.78623],[-2.2894,53.78572],[-2.29081,53.78552],[-2.29065,53.78313],[-2.29018,53.78121],[-2.28928,53.77991],[-2.28786,53.77872],[-2.2864,53.77849],[-2.28644,53.77674],[-2.28687,53.77418],[-2.31411,53.74702],[-2.31372,53.75156],[-2.31607,53.75182],[-2.32214,53.75738],[-2.32593,53.75876],[-2.32856,53.76109],[-2.32789,53.76349],[-2.32907,53.76661],[-2.33043,53.76789],[-2.33103,53.76774],[-2.33211,53.76802],[-2.33065,53.77167],[-2.32932,53.77631],[-2.32884,53.77814],[-2.32884,53.78149],[-2.33309,53.78202],[-2.3355,53.78252],[-2.33614,53.78329],[-2.33584,53.78407],[-2.33593,53.78506],[-2.3364,53.78554],[-2.33743,53.7863],[-2.3388,53.78899],[-2.33691,53.79054],[-2.33618,53.79168],[-2.33781,53.79213],[-2.3394,53.79226],[-2.34537,53.79348],[-2.34876,53.79464],[-2.35133,53.79601],[-2.35395,53.79713],[-2.35558,53.79799],[-2.35751,53.79804],[-2.35927,53.79698],[-2.35747,53.79462],[-2.35644,53.79373],[-2.35627,53.79295],[-2.35743,53.79282],[-2.3591,53.79307]]]]}},{"type":"Feature","properties":{"id":"D026","name":"Holy Apostles, Rossendale","deaneryId":"D"},"geometry":{"type":"MultiPolygon","coordinates":[[[[-2.32615,53.74732],[-2.32023,53.74718],[-2.31411,53.74702],[-2.30818,53.74786],[-2.30311,53.74867],[-2.29541,53.75195],[-2.29045,53.7483],[-2.28765,53.74633],[-2.28717,53.7449],[-2.2848,53.74387],[-2.28216,53.74494],[-2.27825,53.74354],[-2.27527,53.74367],[-2.27135,53.7425],[-2.26686,53.74273],[-2.26309,53.74567],[-2.26431,53.74741],[-2.2669,53.74794],[-2.26264,53.74898],[-2.26174,53.74858],[-2.25798,53.74989],[-2.25712,53.7501],[-2.2579,53.75065],[-2.25602,53.75229],[-2.25513,53.75316],[-2.25398,53.75345],[-2.25274,53.75433],[-2.2516,53.75506],[-2.26339,53.70559],[-2.26511,53.70434],[-2.26583,53.70334],[-2.26725,53.70248],[-2.26765,53.70225],[-2.26793,53.70203],[-2.26799,53.70182],[-2.2686,53.70158],[-2.26857,53.7006],[-2.26902,53.70048],[-2.26953,53.70036],[-2.26917,53.69966],[-2.26982,53.69934],[-2.27026,53.69913],[-2.2713,53.69767],[-2.27364,53.69428],[-2.27246,53.68102],[-2.28003,53.6796],[-2.2844,53.67916],[-2.28741,53.67853],[-2.29999,53.678],[-2.30809,53.67815],[-2.30725,53.68044],[-2.30606,53.68395],[-2.30593,53.68766],[-2.30657,53.69185],[-2.30769,53.6932],[-2.30983,53.69422],[-2.31365,53.69389],[-2.31128,53.70311],[-2.31146,53.70461],[-2.31159,53.70521],[-2.31193,53.70578],[-2.31247,53.70622],[-2.31309,53.70672],[-2.31397,53.70697],[-2.31434,53.70728],[-2.31485,53.70773],[-2.31528,53.70819],[-2.31696,53.71329],[-2.31696,53.71533],[-2.31889,53.71533],[-2.3194,53.71565],[-2.32046,53.71607],[-2.32087,53.71609],[-2.32183,53.71626],[-2.32129,53.717],[-2.32163,53.71837],[-2.32189,53.71997],[-2.32155,53.72063],[-2.32159,53.72142],[-2.32258,53.72249],[-2.32327,53.72302],[-2.32351,53.72346],[-2.32343,53.72429],[-2.32369,53.72523],[-2.32434,53.72622],[-2.32429,53.72739],[-2.32357,53.72912],[-2.32387,53.73051],[-2.32263,53.732],[-2.3231,53.7326],[-2.32322,53.7334],[-2.32383,53.73387],[-2.32418,53.7351],[-2.32393,53.73771],[-2.32481,53.74169],[-2.32615,53.74732]]],[[[-2.27246,53.68102],[-2.27364,53.69428],[-2.2713,53.69767],[-2.27026,53.69913],[-2.26982,53.69934],[-2.26917,53.69966],[-2.26953,53.70036],[-2.26857,53.7006],[-2.2686,53.70158],[-2.26799,53.70182],[-2.26793,53.70203],[-2.26765,53.70225],[-2.26725,53.70248],[-2.26583,53.70334],[-2.26511,53.70434],[-2.26339,53.70559],[-2.2516,53.75506],[-2.24308,53.74924],[-2.23859,53.74577],[-2.23389,53.7404],[-2.23246,53.73764],[-2.22718,53.73828],[-2.21165,53.69597],[-2.2093,53.69485],[-2.20926,53.69366],[-2.21027,53.69302],[-2.21068,53.69293],[-2.21054,53.69269],[-2.20959,53.69276],[-2.2097,53.69182],[-2.20929,53.69155],[-2.20952,53.69031],[-2.20902,53.68945],[-2.20831,53.67792],[-2.21186,53.67488],[-2.21435,53.67193],[-2.21765,53.66866],[-2.22145,53.669],[-2.22498,53.66999],[-2.22593,53.67071],[-2.23308,53.66883],[-2.23695,53.66686],[-2.24235,53.66483],[-2.24647,53.66339],[-2.25187,53.66359],[-2.25466,53.66509],[-2.25451,53.66573],[-2.2556,53.66626],[-2.25723,53.66702],[-2.25868,53.66761],[-2.25936,53.66972],[-2.26042,53.67167],[-2.26166,53.67578],[-2.2615,53.67718],[-2.26563,53.67835],[-2.2702,53.6789],[-2.27246,53.68102]]]]}},{"type":"Feature","properties":{"id":"E004","name":"St Aidan and St Oswald, Royton","deaneryId":"E"},"geometry":{"type":"MultiPolygon","coordinates":[[[[-2.10453,53.55739],[-2.10948,53.55481],[-2.11296,53.55296],[-2.11783,53.55035],[-2.1201,53.55027],[-2.12036,53.55127],[-2.12115,53.55062],[-2.12603,53.54796],[-2.13032,53.55086],[-2.13103,53.55165],[-2.13135,53.5526],[-2.13255,53.5535],[-2.13559,53.55468],[-2.13644,53.55511],[-2.13856,53.55627],[-2.13847,53.5568],[-2.13903,53.55719],[-2.14006,53.55708],[-2.14126,53.55861],[-2.14362,53.55974],[-2.14615,53.5604],[-2.14855,53.56108],[-2.1507,53.56188],[-2.15126,53.56302],[-2.15083,53.56392],[-2.15049,53.56479],[-2.15044,53.56545],[-2.15079,53.56616],[-2.15119,53.56692],[-2.151,53.56718],[-2.15185,53.57422],[-2.1528,53.57522],[-2.15215,53.57634],[-2.1525,53.57905],[-2.15646,53.58225],[-2.14676,53.58373],[-2.13658,53.5831],[-2.13216,53.58428],[-2.12573,53.58545],[-2.12422,53.58157],[-2.12251,53.57788],[-2.11332,53.56833],[-2.10929,53.56743],[-2.11568,53.56379],[-2.11499,53.56338],[-2.11285,53.56241],[-2.1101,53.56065],[-2.10985,53.5603],[-2.10453,53.55739]]]]}},{"type":"Feature","properties":{"id":"E007","name":"St Edward, Lees","deaneryId":"E"},"geometry":{"type":"MultiPolygon","coordinates":[[[[-2.06909,53.55022],[-2.06689,53.54973],[-2.06504,53.54933],[-2.06202,53.54885],[-2.06257,53.54814],[-2.0649,53.54601],[-2.0661,53.54537],[-2.06706,53.54501],[-2.06729,53.54489],[-2.06617,53.54376],[-2.06604,53.54336],[-2.06531,53.54322],[-2.06623,53.54266],[-2.0673,53.54243],[-2.06835,53.54194],[-2.0675,53.5404],[-2.06774,53.53943],[-2.06879,53.53849],[-2.06937,53.53717],[-2.06859,53.537],[-2.06789,53.53625],[-2.06769,53.53582],[-2.07095,53.53448],[-2.07241,53.53263],[-2.07491,53.53221],[-2.07767,53.53121],[-2.07873,53.53069],[-2.07981,53.53148],[-2.08058,53.53178],[-2.08139,53.53176],[-2.08217,53.53152],[-2.08281,53.53142],[-2.08459,53.53081],[-2.08473,53.53108],[-2.08567,53.53204],[-2.08614,53.53278],[-2.08635,53.53341],[-2.08751,53.53447],[-2.08781,53.53519],[-2.08852,53.53551],[-2.09066,53.53625],[-2.08732,53.53933],[-2.08466,53.54153],[-2.08326,53.54295],[-2.08287,53.54316],[-2.08307,53.54342],[-2.08339,53.54333],[-2.08364,53.54345],[-2.08412,53.54391],[-2.08429,53.54416],[-2.0847,53.5451],[-2.08225,53.54562],[-2.08054,53.54625],[-2.07812,53.5467],[-2.07759,53.54691],[-2.07658,53.54767],[-2.07573,53.54821],[-2.07504,53.54837],[-2.07337,53.54834],[-2.07165,53.54984],[-2.06909,53.55022]]]]}},{"type":"Feature","properties":{"id":"E009","name":"St Joseph, Mossley","deaneryId":"E"},"geometry":{"type":"MultiPolygon","coordinates":[[[[-2.04193,53.5067],[-2.05552,53.51069],[-2.05972,53.51166],[-2.06165,53.51166],[-2.06873,53.51383],[-2.07019,53.51306],[-2.07358,53.51207],[-2.07427,53.51145],[-2.07749,53.51013],[-2.08382,53.50984],[-2.09626,53.50927],[-2.09475,53.51094],[-2.0994,53.51365],[-2.09893,53.51404],[-2.09824,53.51393],[-2.0979,53.51412],[-2.09744,53.51466],[-2.09695,53.51495],[-2.09596,53.51528],[-2.09517,53.51584],[-2.09491,53.51656],[-2.095,53.51702],[-2.0953,53.5174],[-2.09521,53.51778],[-2.09423,53.51794],[-2.09302,53.51819],[-2.09313,53.51994],[-2.0936,53.52148],[-2.07717,53.52163],[-2.077,53.52516],[-2.07725,53.52531],[-2.07891,53.52581],[-2.07865,53.52717],[-2.07891,53.52778],[-2.07854,53.52889],[-2.07837,53.52981],[-2.07873,53.53069],[-2.07767,53.53121],[-2.07491,53.53221],[-2.07241,53.53263],[-2.07095,53.53448],[-2.06769,53.53582],[-2.06481,53.53558],[-2.06265,53.53572],[-2.05947,53.53579],[-2.05801,53.53526],[-2.05729,53.53436],[-2.05688,53.53349],[-2.05635,53.53316],[-2.05579,53.53224],[-2.0549,53.5314],[-2.05306,53.53026],[-2.05276,53.52902],[-2.05159,53.52708],[-2.05171,53.52641],[-2.05131,53.52562],[-2.05072,53.52389],[-2.0512,53.52277],[-2.05085,53.52107],[-2.05027,53.52052],[-2.04849,53.52019],[-2.04832,53.51971],[-2.04686,53.51984],[-2.03913,53.51938],[-2.03874,53.5176],[-2.04054,53.51714],[-2.04002,53.51617],[-2.03736,53.51515],[-2.03874,53.51454],[-2.03959,53.51296],[-2.03736,53.5123],[-2.03616,53.51143],[-2.03779,53.51025],[-2.03951,53.50872],[-2.04044,53.5074],[-2.04182,53.5072],[-2.04193,53.5067]]]]}},{"type":"Feature","properties":{"id":"E010","name":"St Joseph, Shaw","deaneryId":"E"},"geometry":{"type":"MultiPolygon","coordinates":[[[[-2.12573,53.58545],[-2.1153,53.58881],[-2.10324,53.58912],[-2.0995,53.59059],[-2.09586,53.59123],[-2.09461,53.5908],[-2.08796,53.59332],[-2.08783,53.58986],[-2.0859,53.5894],[-2.08182,53.58787],[-2.07491,53.58524],[-2.07354,53.58517],[-2.07195,53.58563],[-2.06933,53.58547],[-2.06818,53.5842],[-2.06384,53.57719],[-2.06026,53.57494],[-2.05779,53.5734],[-2.06028,53.57151],[-2.06346,53.57217],[-2.06569,53.57345],[-2.068,53.57396],[-2.07049,53.5736],[-2.07298,53.5734],[-2.07461,53.57258],[-2.07745,53.57202],[-2.08174,53.57233],[-2.08397,53.57284],[-2.08654,53.57294],[-2.08925,53.57263],[-2.08917,53.57134],[-2.08928,53.57031],[-2.0897,53.56891],[-2.09027,53.56779],[-2.09163,53.56595],[-2.09247,53.56452],[-2.09404,53.56151],[-2.09516,53.55991],[-2.09664,53.55835],[-2.09854,53.55682],[-2.09955,53.55607],[-2.10038,53.55528],[-2.10131,53.55655],[-2.10259,53.55708],[-2.10453,53.55739],[-2.10985,53.5603],[-2.1101,53.56065],[-2.11285,53.56241],[-2.11499,53.56338],[-2.11568,53.56379],[-2.10929,53.56743],[-2.11332,53.56833],[-2.12251,53.57788],[-2.12422,53.58157],[-2.12573,53.58545]]]]}},{"type":"Feature","properties":{"id":"E014","name":"Divine Mercy, Chadderton & Hollinwood","deaneryId":"E"},"geometry":{"type":"MultiPolygon","coordinates":[[[[-2.14224,53.51917],[-2.14366,53.51995],[-2.14598,53.52102],[-2.15135,53.52245],[-2.15375,53.52332],[-2.15658,53.5249],[-2.15659,53.52541],[-2.15911,53.52725],[-2.1611,53.52919],[-2.16259,53.53097],[-2.16504,53.53235],[-2.16671,53.53322],[-2.16825,53.53434],[-2.16904,53.53656],[-2.16864,53.54006],[-2.16892,53.54096],[-2.16971,53.54395],[-2.16895,53.54546],[-2.1686,53.54622],[-2.16843,53.54783],[-2.16898,53.54992],[-2.1692,53.55153],[-2.17143,53.55137],[-2.17186,53.55594],[-2.17215,53.55846],[-2.16906,53.55888],[-2.16933,53.56028],[-2.16613,53.56198],[-2.16098,53.56416],[-2.15634,53.56506],[-2.15381,53.56577],[-2.15119,53.56692],[-2.15079,53.56616],[-2.15044,53.56545],[-2.15049,53.56479],[-2.15083,53.56392],[-2.15126,53.56302],[-2.1507,53.56188],[-2.14855,53.56108],[-2.14615,53.5604],[-2.14362,53.55974],[-2.14126,53.55861],[-2.14006,53.55708],[-2.13903,53.55719],[-2.13847,53.5568],[-2.13856,53.55627],[-2.13644,53.55511],[-2.13559,53.55468],[-2.13255,53.5535],[-2.13135,53.5526],[-2.13103,53.55165],[-2.13032,53.55086],[-2.12603,53.54796],[-2.12796,53.54678],[-2.12843,53.5456],[-2.12891,53.54247],[-2.1296,53.53909],[-2.1299,53.53752],[-2.13035,53.53641],[-2.13036,53.5361],[-2.13112,53.53539],[-2.13129,53.53507],[-2.1194,53.52535],[-2.12005,53.52504],[-2.12049,53.5247],[-2.12122,53.5238],[-2.12173,53.52327],[-2.12305,53.52302],[-2.1247,53.52283],[-2.12839,53.5225],[-2.1358,53.52049],[-2.13791,53.5201],[-2.14122,53.51959],[-2.14224,53.51917]]]]}},{"type":"Feature","properties":{"id":"E019","name":"Holy Cross and St Helen, Ashton under Lyne","deaneryId":"E"},"geometry":{"type":"MultiPolygon","coordinates":[[[[-2.10686,53.50885],[-2.1066,53.50907],[-2.10546,53.5091],[-2.10447,53.50927],[-2.10331,53.50965],[-2.10207,53.51113],[-2.10046,53.51128],[-2.0999,53.51158],[-2.09933,53.51233],[-2.09966,53.51284],[-2.09965,53.51309],[-2.0994,53.51365],[-2.09475,53.51094],[-2.09626,53.50927],[-2.07749,53.51013],[-2.07427,53.51145],[-2.07358,53.51207],[-2.07249,53.51239],[-2.07019,53.51306],[-2.06873,53.51383],[-2.06165,53.51166],[-2.05972,53.51166],[-2.05552,53.51069],[-2.04193,53.5067],[-2.04231,53.50646],[-2.04355,53.5048],[-2.04229,53.50234],[-2.04058,53.50062],[-2.04126,53.49833],[-2.04084,53.49733],[-2.04034,53.49596],[-2.04171,53.49485],[-2.04288,53.49394],[-2.04296,53.49275],[-2.04348,53.49169],[-2.04434,53.49127],[-2.04489,53.49022],[-2.04618,53.49029],[-2.04693,53.49019],[-2.04757,53.48907],[-2.04816,53.48803],[-2.04859,53.48728],[-2.05159,53.48621],[-2.05201,53.48538],[-2.05307,53.48474],[-2.05346,53.48447],[-2.05393,53.48413],[-2.05556,53.48365],[-2.0579,53.48413],[-2.06085,53.48442],[-2.0629,53.48319],[-2.06433,53.48265],[-2.06432,53.48379],[-2.06557,53.48383],[-2.06768,53.48347],[-2.06922,53.48255],[-2.07106,53.48176],[-2.07127,53.48156],[-2.07097,53.48142],[-2.07131,53.48124],[-2.07253,53.48069],[-2.07481,53.48086],[-2.0752,53.48106],[-2.07546,53.48152],[-2.07528,53.48213],[-2.0757,53.48267],[-2.07734,53.48266],[-2.07861,53.48257],[-2.07955,53.48238],[-2.08118,53.4824],[-2.08269,53.48267],[-2.08414,53.48281],[-2.08561,53.48266],[-2.0875,53.48193],[-2.08918,53.48227],[-2.08916,53.48338],[-2.08916,53.4843],[-2.0904,53.48502],[-2.09165,53.48528],[-2.09363,53.4852],[-2.09388,53.48395],[-2.09479,53.4825],[-2.09752,53.48264],[-2.09851,53.48256],[-2.09946,53.48224],[-2.10021,53.48196],[-2.10078,53.48167],[-2.10084,53.48116],[-2.10061,53.48001],[-2.10234,53.47949],[-2.10365,53.47798],[-2.10568,53.47654],[-2.1055,53.47502],[-2.1062,53.47441],[-2.10642,53.47387],[-2.10663,53.47371],[-2.10695,53.47357],[-2.10823,53.47323],[-2.10842,53.473],[-2.10858,53.47254],[-2.10855,53.47194],[-2.10837,53.47129],[-2.10839,53.47121],[-2.10814,53.47106],[-2.10549,53.47084],[-2.10499,53.47035],[-2.10465,53.46979],[-2.1045,53.46928],[-2.10468,53.46901],[-2.10521,53.46842],[-2.11095,53.46852],[-2.11486,53.4696],[-2.11886,53.47251],[-2.12075,53.47351],[-2.12214,53.47428],[-2.12418,53.47547],[-2.12815,53.47552],[-2.12841,53.47626],[-2.12877,53.47699],[-2.12937,53.47818],[-2.12413,53.4796],[-2.11577,53.48194],[-2.11521,53.48459],[-2.1167,53.48902],[-2.11853,53.49199],[-2.12126,53.49476],[-2.12341,53.49665],[-2.12602,53.49901],[-2.12512,53.49931],[-2.12438,53.4997],[-2.12389,53.5002],[-2.12265,53.50084],[-2.12152,53.50077],[-2.12107,53.50093],[-2.12053,53.50126],[-2.12044,53.50179],[-2.12028,53.50273],[-2.11988,53.5034],[-2.12011,53.50374],[-2.11968,53.50558],[-2.11862,53.50562],[-2.11792,53.50583],[-2.11744,53.50602],[-2.11616,53.50641],[-2.11504,53.5065],[-2.11313,53.50765],[-2.1118,53.50812],[-2.10918,53.50872],[-2.10686,53.50885]]]]}},{"type":"Feature","properties":{"id":"E022","name":"St Francis of Assisi, Oldham","deaneryId":"E"},"geometry":{"type":"MultiPolygon","coordinates":[[[[-2.10738,53.53071],[-2.10915,53.53144],[-2.10965,53.5323],[-2.1099,53.53253],[-2.11117,53.5334],[-2.11164,53.53394],[-2.11147,53.53474],[-2.1103,53.53635],[-2.10922,53.53608],[-2.10607,53.53852],[-2.10677,53.53885],[-2.10699,53.53918],[-2.1056,53.53982],[-2.10264,53.54056],[-2.10169,53.54112],[-2.10105,53.54179],[-2.10119,53.54281],[-2.10105,53.5438],[-2.10131,53.54689],[-2.10156,53.5499],[-2.10187,53.55138],[-2.10191,53.55188],[-2.10172,53.553],[-2.10139,53.55389],[-2.10078,53.55483],[-2.10038,53.55528],[-2.09955,53.55607],[-2.09854,53.55682],[-2.09664,53.55835],[-2.09516,53.55991],[-2.09404,53.56151],[-2.09247,53.56452],[-2.09163,53.56595],[-2.09027,53.56779],[-2.0897,53.56891],[-2.08928,53.57031],[-2.08917,53.57134],[-2.08925,53.57263],[-2.08654,53.57294],[-2.08397,53.57284],[-2.08174,53.57233],[-2.07745,53.57202],[-2.07461,53.57258],[-2.07298,53.5734],[-2.07049,53.5736],[-2.068,53.57396],[-2.06569,53.57345],[-2.06346,53.57217],[-2.06028,53.57151],[-2.05779,53.5734],[-2.0564,53.57216],[-2.05361,53.57259],[-2.051,53.57172],[-2.04942,53.57013],[-2.0511,53.5682],[-2.0555,53.56498],[-2.06076,53.56302],[-2.06356,53.56209],[-2.06449,53.56044],[-2.06782,53.55948],[-2.06706,53.55882],[-2.06852,53.55644],[-2.06796,53.55537],[-2.0685,53.55429],[-2.07165,53.54984],[-2.07337,53.54834],[-2.07504,53.54837],[-2.07573,53.54821],[-2.07658,53.54767],[-2.07759,53.54691],[-2.07812,53.5467],[-2.08054,53.54625],[-2.08225,53.54562],[-2.0847,53.5451],[-2.08429,53.54416],[-2.08412,53.54391],[-2.08364,53.54345],[-2.08339,53.54333],[-2.08307,53.54342],[-2.08287,53.54316],[-2.08326,53.54295],[-2.08466,53.54153],[-2.08732,53.53933],[-2.09066,53.53625],[-2.08852,53.53551],[-2.08781,53.53519],[-2.08751,53.53447],[-2.08635,53.53341],[-2.08614,53.53278],[-2.08567,53.53204],[-2.08473,53.53108],[-2.08459,53.53081],[-2.08281,53.53142],[-2.08217,53.53152],[-2.08139,53.53176],[-2.08058,53.53178],[-2.07981,53.53148],[-2.07873,53.53069],[-2.07837,53.52981],[-2.07854,53.52889],[-2.07891,53.52778],[-2.07865,53.52717],[-2.07891,53.52581],[-2.07725,53.52531],[-2.077,53.52516],[-2.07717,53.52163],[-2.0936,53.52148],[-2.09367,53.52171],[-2.09517,53.52401],[-2.09542,53.52449],[-2.09756,53.52664],[-2.09988,53.52851],[-2.10234,53.53013],[-2.10335,53.53066],[-2.1061,53.53166],[-2.10738,53.53071]]]]}},{"type":"Feature","properties":{"id":"E023","name":"The Parish of the Nativity, Oldham","deaneryId":"E"},"geometry":{"type":"MultiPolygon","coordinates":[[[[-2.12602,53.49901],[-2.12671,53.49854],[-2.12804,53.49839],[-2.13079,53.49839],[-2.13173,53.4981],[-2.135,53.49576],[-2.13748,53.49583],[-2.14053,53.49558],[-2.14083,53.49471],[-2.1419,53.49471],[-2.14251,53.49491],[-2.14298,53.49435],[-2.14504,53.49387],[-2.14611,53.49376],[-2.1468,53.49392],[-2.14791,53.49346],[-2.14847,53.493],[-2.15113,53.4931],[-2.15169,53.49295],[-2.15405,53.49285],[-2.15456,53.49308],[-2.15495,53.49351],[-2.15598,53.49343],[-2.15645,53.49405],[-2.1571,53.49433],[-2.158,53.49438],[-2.1583,53.49394],[-2.15834,53.49356],[-2.15933,53.49313],[-2.16105,53.49338],[-2.16238,53.4932],[-2.16306,53.4926],[-2.16407,53.49294],[-2.16349,53.4969],[-2.16152,53.49788],[-2.16406,53.49939],[-2.16442,53.49938],[-2.16607,53.49867],[-2.16887,53.50106],[-2.17022,53.50126],[-2.17087,53.50153],[-2.17079,53.50164],[-2.17263,53.50236],[-2.17059,53.50318],[-2.17527,53.50256],[-2.17739,53.50491],[-2.17656,53.50535],[-2.17837,53.5056],[-2.1778,53.50691],[-2.17673,53.50696],[-2.17617,53.50719],[-2.17567,53.50749],[-2.17559,53.50808],[-2.17522,53.50829],[-2.17431,53.50899],[-2.174,53.51061],[-2.17325,53.51178],[-2.17241,53.51246],[-2.17126,53.51315],[-2.16815,53.51346],[-2.16447,53.51354],[-2.16385,53.51309],[-2.16247,53.51286],[-2.16089,53.51292],[-2.16045,53.513],[-2.16082,53.51336],[-2.15977,53.51414],[-2.15778,53.51355],[-2.158,53.51076],[-2.15624,53.51135],[-2.14822,53.51661],[-2.14366,53.51995],[-2.14224,53.51917],[-2.14122,53.51959],[-2.13791,53.5201],[-2.1358,53.52049],[-2.12839,53.5225],[-2.1247,53.52283],[-2.12305,53.52302],[-2.12173,53.52327],[-2.12122,53.5238],[-2.12098,53.5241],[-2.11985,53.52367],[-2.11909,53.52235],[-2.11812,53.52155],[-2.1181,53.52059],[-2.11813,53.51993],[-2.11833,53.51924],[-2.11582,53.51009],[-2.11565,53.50948],[-2.11515,53.50886],[-2.1146,53.50827],[-2.11388,53.5079],[-2.11313,53.50765],[-2.11504,53.5065],[-2.11616,53.50641],[-2.11744,53.50602],[-2.11792,53.50583],[-2.11862,53.50562],[-2.11968,53.50558],[-2.12011,53.50374],[-2.11988,53.5034],[-2.12028,53.50273],[-2.12044,53.50179],[-2.12053,53.50126],[-2.12107,53.50093],[-2.12152,53.50077],[-2.12265,53.50084],[-2.12389,53.5002],[-2.12438,53.4997],[-2.12512,53.49931],[-2.12602,53.49901]]]]}},{"type":"Feature","properties":{"id":"E024","name":"Our Lady and Saint Patrick, Oldham","deaneryId":"E"},"geometry":{"type":"MultiPolygon","coordinates":[[[[-2.10738,53.53071],[-2.1061,53.53166],[-2.10335,53.53066],[-2.10234,53.53013],[-2.09988,53.52851],[-2.09756,53.52664],[-2.09542,53.52449],[-2.09517,53.52401],[-2.09367,53.52171],[-2.0936,53.52148],[-2.09313,53.51994],[-2.09302,53.51819],[-2.09423,53.51794],[-2.09521,53.51778],[-2.0953,53.5174],[-2.095,53.51702],[-2.09491,53.51656],[-2.09517,53.51584],[-2.09596,53.51528],[-2.09695,53.51495],[-2.09744,53.51466],[-2.0979,53.51412],[-2.09824,53.51393],[-2.09893,53.51404],[-2.0994,53.51365],[-2.09965,53.51309],[-2.09966,53.51284],[-2.09933,53.51233],[-2.0999,53.51158],[-2.10046,53.51128],[-2.10207,53.51113],[-2.10331,53.50965],[-2.10447,53.50927],[-2.10546,53.5091],[-2.1066,53.50907],[-2.10686,53.50885],[-2.10918,53.50872],[-2.1118,53.50812],[-2.11313,53.50765],[-2.11388,53.5079],[-2.1146,53.50827],[-2.11515,53.50886],[-2.11565,53.50948],[-2.11582,53.51009],[-2.11833,53.51924],[-2.11813,53.51993],[-2.1181,53.52059],[-2.11812,53.52155],[-2.11909,53.52235],[-2.11985,53.52367],[-2.12098,53.5241],[-2.12049,53.5247],[-2.12005,53.52504],[-2.1194,53.52535],[-2.13129,53.53507],[-2.13112,53.53539],[-2.13036,53.5361],[-2.13035,53.53641],[-2.1299,53.53752],[-2.1296,53.53909],[-2.12891,53.54247],[-2.12843,53.5456],[-2.12796,53.54678],[-2.12603,53.54796],[-2.12115,53.55062],[-2.12036,53.55127],[-2.1201,53.55027],[-2.11783,53.55035],[-2.11296,53.55296],[-2.10948,53.55481],[-2.10453,53.55739],[-2.10259,53.55708],[-2.10131,53.55655],[-2.10038,53.55528],[-2.10078,53.55483],[-2.10139,53.55389],[-2.10172,53.553],[-2.10191,53.55188],[-2.10187,53.55138],[-2.10156,53.5499],[-2.10131,53.54689],[-2.10126,53.5465],[-2.10105,53.5438],[-2.10119,53.54281],[-2.10105,53.54179],[-2.10169,53.54112],[-2.10264,53.54056],[-2.1056,53.53982],[-2.10699,53.53918],[-2.10677,53.53885],[-2.10607,53.53852],[-2.10922,53.53608],[-2.1103,53.53635],[-2.11147,53.53474],[-2.11164,53.53394],[-2.11117,53.5334],[-2.1099,53.53253],[-2.10965,53.5323],[-2.10915,53.53144],[-2.10738,53.53071]]]]}},{"type":"Feature","properties":{"id":"F001","name":"The Holy Family, New Springs","deaneryId":"F"},"geometry":{"type":"MultiPolygon","coordinates":[[[[-2.57586,53.54413],[-2.57901,53.54575],[-2.5806,53.54774],[-2.58492,53.54918],[-2.58675,53.55111],[-2.58761,53.55128],[-2.58845,53.55117],[-2.58913,53.55098],[-2.59183,53.55141],[-2.59508,53.55216],[-2.59656,53.55387],[-2.5967,53.55411],[-2.59755,53.55414],[-2.59836,53.55389],[-2.59921,53.55371],[-2.59963,53.55306],[-2.60026,53.55265],[-2.60365,53.55115],[-2.60398,53.55396],[-2.60528,53.55465],[-2.60654,53.55571],[-2.60749,53.55702],[-2.60808,53.55797],[-2.60833,53.55827],[-2.60735,53.55853],[-2.60642,53.55827],[-2.60534,53.55898],[-2.60474,53.55929],[-2.60261,53.56026],[-2.6014,53.55978],[-2.5992,53.56228],[-2.60269,53.56287],[-2.60307,53.56418],[-2.60148,53.56544],[-2.60263,53.56643],[-2.60189,53.5679],[-2.60053,53.56879],[-2.59906,53.56769],[-2.59458,53.5661],[-2.59307,53.56662],[-2.59101,53.56672],[-2.58977,53.56685],[-2.58783,53.56719],[-2.58625,53.56765],[-2.58535,53.5681],[-2.58497,53.56776],[-2.58387,53.56729],[-2.58198,53.56655],[-2.57926,53.56545],[-2.57595,53.56415],[-2.57374,53.56337],[-2.56857,53.56421],[-2.56158,53.56266],[-2.5599,53.56152],[-2.5615,53.56093],[-2.56197,53.56042],[-2.56245,53.55998],[-2.56195,53.55961],[-2.56286,53.55888],[-2.56083,53.55651],[-2.56032,53.55515],[-2.56202,53.55318],[-2.56356,53.5525],[-2.56396,53.55117],[-2.56468,53.55114],[-2.56637,53.55087],[-2.56781,53.55003],[-2.5684,53.54907],[-2.57019,53.54768],[-2.5699,53.54707],[-2.57084,53.5468],[-2.57079,53.54615],[-2.57027,53.54571],[-2.56759,53.54493],[-2.56764,53.54414],[-2.56804,53.54267],[-2.56932,53.54256],[-2.57067,53.54341],[-2.57193,53.5435],[-2.57586,53.54413]]]]}},{"type":"Feature","properties":{"id":"F002","name":"Holy Infant, Astley Bridge","deaneryId":"F"},"geometry":{"type":"MultiPolygon","coordinates":[[[[-2.41573,53.60814],[-2.41401,53.61213],[-2.41196,53.61214],[-2.41091,53.6121],[-2.4098,53.61132],[-2.40954,53.61132],[-2.40791,53.61066],[-2.40742,53.61055],[-2.40682,53.6107],[-2.40607,53.61132],[-2.40495,53.61161],[-2.40501,53.61089],[-2.40506,53.6102],[-2.40429,53.60949],[-2.40268,53.60854],[-2.40241,53.60674],[-2.40302,53.6054],[-2.40209,53.60416],[-2.40025,53.60366],[-2.40163,53.60269],[-2.40334,53.60277],[-2.40352,53.60235],[-2.40373,53.60185],[-2.40483,53.60125],[-2.40631,53.60122],[-2.40789,53.59864],[-2.40772,53.59801],[-2.40523,53.59742],[-2.40437,53.5963],[-2.40295,53.59575],[-2.40163,53.59566],[-2.3997,53.59559],[-2.39827,53.59522],[-2.3988,53.59421],[-2.39974,53.59355],[-2.40005,53.59271],[-2.40087,53.59179],[-2.4007,53.59102],[-2.40051,53.59015],[-2.40261,53.59034],[-2.40488,53.59],[-2.40587,53.58974],[-2.40468,53.58846],[-2.40335,53.58648],[-2.40592,53.58572],[-2.40743,53.58537],[-2.4078,53.58591],[-2.41344,53.58525],[-2.41694,53.58535],[-2.41592,53.58569],[-2.41656,53.58593],[-2.41753,53.5862],[-2.41849,53.5872],[-2.41909,53.58768],[-2.42165,53.58766],[-2.42263,53.58872],[-2.42261,53.5896],[-2.42286,53.59031],[-2.4236,53.59095],[-2.42348,53.59205],[-2.4239,53.59205],[-2.42409,53.59155],[-2.42461,53.59124],[-2.42534,53.59091],[-2.42599,53.59047],[-2.42637,53.58998],[-2.427,53.58962],[-2.42977,53.58951],[-2.43034,53.58941],[-2.43014,53.58856],[-2.43064,53.58871],[-2.4342,53.59099],[-2.4353,53.59156],[-2.43662,53.59206],[-2.43565,53.59284],[-2.43658,53.59397],[-2.43707,53.59423],[-2.43688,53.59452],[-2.43719,53.59555],[-2.43682,53.59616],[-2.43808,53.5965],[-2.43918,53.59629],[-2.43946,53.59645],[-2.44038,53.59806],[-2.44075,53.59796],[-2.44098,53.5977],[-2.44163,53.59757],[-2.44197,53.59806],[-2.4432,53.59797],[-2.44557,53.59821],[-2.44713,53.59864],[-2.45,53.59829],[-2.45118,53.59865],[-2.45214,53.59788],[-2.45386,53.59798],[-2.45429,53.59762],[-2.45489,53.59821],[-2.45553,53.59894],[-2.45902,53.6014],[-2.46443,53.60538],[-2.47055,53.60985],[-2.47301,53.61652],[-2.4792,53.61704],[-2.48598,53.61944],[-2.49651,53.62262],[-2.50889,53.62556],[-2.51479,53.62922],[-2.51833,53.63027],[-2.51899,53.6304],[-2.51996,53.63046],[-2.52433,53.64083],[-2.52402,53.64258],[-2.52161,53.64513],[-2.52216,53.64813],[-2.52485,53.65222],[-2.52598,53.65452],[-2.5285,53.65608],[-2.52911,53.66059],[-2.53268,53.66478],[-2.53057,53.66593],[-2.52837,53.66739],[-2.52838,53.66924],[-2.52715,53.67017],[-2.5265,53.67125],[-2.52626,53.67234],[-2.52672,53.67311],[-2.52596,53.67385],[-2.52544,53.67457],[-2.52449,53.67498],[-2.52317,53.67536],[-2.5184,53.67546],[-2.51758,53.67495],[-2.51528,53.67453],[-2.51379,53.67345],[-2.51251,53.67223],[-2.51277,53.67146],[-2.51186,53.67096],[-2.51087,53.66923],[-2.50921,53.66829],[-2.50853,53.66765],[-2.50779,53.66793],[-2.50722,53.66837],[-2.50587,53.66858],[-2.50507,53.66851],[-2.50139,53.66929],[-2.50125,53.67009],[-2.50037,53.67032],[-2.49982,53.67117],[-2.49828,53.67203],[-2.4936,53.66698],[-2.4929,53.66528],[-2.48758,53.66545],[-2.48599,53.66487],[-2.48239,53.66428],[-2.47645,53.66385],[-2.47093,53.66429],[-2.46834,53.66355],[-2.46499,53.66373],[-2.4625,53.66446],[-2.46043,53.66439],[-2.45605,53.66287],[-2.45053,53.66136],[-2.449,53.66015],[-2.45024,53.65905],[-2.45382,53.65492],[-2.45568,53.65262],[-2.45646,53.65134],[-2.45637,53.65047],[-2.45497,53.6483],[-2.45241,53.6448],[-2.44976,53.64152],[-2.45058,53.64133],[-2.44812,53.6371],[-2.44799,53.63604],[-2.44964,53.63422],[-2.44952,53.63329],[-2.44708,53.63111],[-2.44534,53.62768],[-2.44505,53.62658],[-2.44336,53.62501],[-2.44046,53.62367],[-2.44015,53.62063],[-2.43885,53.61867],[-2.43926,53.61773],[-2.43775,53.61654],[-2.43555,53.61602],[-2.43422,53.61594],[-2.43141,53.61448],[-2.4238,53.61345],[-2.42306,53.61233],[-2.41854,53.61094],[-2.41778,53.60948],[-2.41656,53.60923],[-2.41573,53.60814]]]]}},{"type":"Feature","properties":{"id":"F003","name":"Our Lady of the Immaculate Conception, Haigh","deaneryId":"F"},"geometry":{"type":"MultiPolygon","coordinates":[[[[-2.59906,53.56769],[-2.59792,53.56906],[-2.59604,53.57437],[-2.59374,53.57932],[-2.59302,53.58016],[-2.59092,53.58031],[-2.59054,53.58135],[-2.58677,53.58281],[-2.58296,53.58174],[-2.5817,53.58257],[-2.58486,53.58458],[-2.59193,53.58682],[-2.59378,53.58698],[-2.59549,53.5878],[-2.59689,53.58853],[-2.60295,53.58884],[-2.60369,53.58856],[-2.60493,53.58825],[-2.60563,53.58819],[-2.60718,53.58873],[-2.60908,53.58954],[-2.61111,53.58992],[-2.61313,53.59048],[-2.6156,53.59081],[-2.61778,53.59093],[-2.6191,53.59071],[-2.62064,53.59089],[-2.62192,53.59059],[-2.62248,53.58999],[-2.62424,53.58973],[-2.62632,53.58868],[-2.62813,53.58968],[-2.62889,53.59109],[-2.62709,53.59216],[-2.62646,53.59374],[-2.62488,53.59327],[-2.62171,53.59366],[-2.61832,53.5949],[-2.61778,53.59584],[-2.61886,53.59661],[-2.61622,53.59712],[-2.61614,53.59791],[-2.61659,53.59893],[-2.61395,53.59962],[-2.61565,53.60055],[-2.61482,53.60111],[-2.61569,53.60157],[-2.61547,53.60206],[-2.6141,53.60307],[-2.61198,53.60363],[-2.6112,53.60485],[-2.60968,53.60524],[-2.60883,53.60622],[-2.60744,53.60655],[-2.60639,53.60663],[-2.60453,53.6067],[-2.6046,53.60786],[-2.60356,53.60818],[-2.60179,53.60832],[-2.59996,53.60873],[-2.59803,53.60897],[-2.59626,53.61003],[-2.59562,53.61018],[-2.59455,53.60989],[-2.59323,53.60901],[-2.59096,53.60932],[-2.59007,53.60795],[-2.58865,53.60844],[-2.58898,53.60697],[-2.58767,53.60745],[-2.58749,53.60721],[-2.58701,53.60704],[-2.58734,53.60681],[-2.58753,53.60624],[-2.58659,53.60558],[-2.58572,53.60509],[-2.58463,53.60508],[-2.58373,53.60454],[-2.58317,53.604],[-2.58399,53.60294],[-2.58142,53.6023],[-2.58071,53.6014],[-2.58045,53.60077],[-2.58091,53.6002],[-2.58067,53.59949],[-2.57999,53.59904],[-2.57501,53.59498],[-2.57397,53.5942],[-2.57215,53.59264],[-2.56968,53.5911],[-2.56698,53.58935],[-2.56493,53.5881],[-2.56134,53.58601],[-2.55986,53.5847],[-2.55921,53.58216],[-2.55952,53.57961],[-2.55999,53.57758],[-2.56043,53.57659],[-2.56239,53.57523],[-2.56385,53.57436],[-2.56711,53.57314],[-2.56831,53.57034],[-2.56762,53.56631],[-2.56857,53.56421],[-2.57374,53.56337],[-2.57595,53.56415],[-2.57926,53.56545],[-2.58198,53.56655],[-2.58387,53.56729],[-2.58497,53.56776],[-2.58535,53.5681],[-2.58625,53.56765],[-2.58783,53.56719],[-2.58977,53.56685],[-2.59101,53.56672],[-2.59307,53.56662],[-2.59458,53.5661],[-2.59906,53.56769]]]]}},{"type":"Feature","properties":{"id":"F004","name":"Our Lady of Lourdes and St Gregory the Great, Farnworth","deaneryId":"F"},"geometry":{"type":"MultiPolygon","coordinates":[[[[-2.43459,53.54204],[-2.43939,53.54288],[-2.44259,53.54355],[-2.44935,53.54487],[-2.44862,53.54643],[-2.44887,53.54694],[-2.45175,53.54796],[-2.45208,53.54811],[-2.45219,53.54854],[-2.45223,53.54942],[-2.45424,53.54978],[-2.45497,53.54979],[-2.45484,53.55164],[-2.45509,53.55222],[-2.45576,53.55311],[-2.45579,53.554],[-2.45007,53.55402],[-2.44867,53.55372],[-2.44671,53.55382],[-2.44607,53.55374],[-2.44578,53.55348],[-2.44582,53.55331],[-2.43009,53.55521],[-2.42776,53.5559],[-2.42722,53.55536],[-2.42642,53.55561],[-2.42768,53.55714],[-2.4248,53.55739],[-2.42151,53.5574],[-2.41985,53.55728],[-2.4154,53.5566],[-2.41166,53.55692],[-2.40896,53.55956],[-2.40586,53.56201],[-2.4047,53.56176],[-2.40392,53.56207],[-2.40347,53.56246],[-2.40304,53.56318],[-2.40246,53.56387],[-2.40174,53.56452],[-2.4009,53.56443],[-2.39995,53.5638],[-2.39933,53.56322],[-2.39867,53.56278],[-2.39744,53.56258],[-2.39626,53.56254],[-2.39415,53.55938],[-2.39279,53.55874],[-2.3919,53.55891],[-2.39086,53.55941],[-2.39,53.55826],[-2.38989,53.55752],[-2.3894,53.55735],[-2.38901,53.55744],[-2.3889,53.55763],[-2.38868,53.55813],[-2.38807,53.55851],[-2.38759,53.55851],[-2.38689,53.55845],[-2.38639,53.55813],[-2.3859,53.55719],[-2.38542,53.55673],[-2.38491,53.55678],[-2.38396,53.55701],[-2.38257,53.55734],[-2.38161,53.55709],[-2.37923,53.55612],[-2.37908,53.55572],[-2.37931,53.55526],[-2.38032,53.55428],[-2.38116,53.5531],[-2.38293,53.55098],[-2.38274,53.55013],[-2.38208,53.54938],[-2.37968,53.54804],[-2.37775,53.5466],[-2.37592,53.54661],[-2.37409,53.54638],[-2.37442,53.54386],[-2.38229,53.54204],[-2.39051,53.53965],[-2.39102,53.53891],[-2.39167,53.53755],[-2.39173,53.53678],[-2.39237,53.53627],[-2.39425,53.5373],[-2.39948,53.53878],[-2.40009,53.53878],[-2.40412,53.53883],[-2.40867,53.53862],[-2.41245,53.53889],[-2.41695,53.54024],[-2.42206,53.54128],[-2.4266,53.54143],[-2.43115,53.54161],[-2.43459,53.54204]]]]}},{"type":"Feature","properties":{"id":"F005","name":"Sacred Heart of Jesus, Westhoughton","deaneryId":"F"},"geometry":{"type":"MultiPolygon","coordinates":[[[[-2.50022,53.57137],[-2.49708,53.57207],[-2.49456,53.57286],[-2.49401,53.57115],[-2.49679,53.55785],[-2.48447,53.55361],[-2.49259,53.55024],[-2.49358,53.5494],[-2.49945,53.53786],[-2.50015,53.53774],[-2.50111,53.53785],[-2.50262,53.53834],[-2.50586,53.53887],[-2.50618,53.53828],[-2.50754,53.53713],[-2.50773,53.53534],[-2.50998,53.53459],[-2.51214,53.53612],[-2.5131,53.53664],[-2.51453,53.53658],[-2.51533,53.53594],[-2.51571,53.53521],[-2.51522,53.53473],[-2.51615,53.53403],[-2.515,53.53303],[-2.516,53.53243],[-2.51535,53.53102],[-2.51594,53.52889],[-2.51692,53.52878],[-2.51782,53.52824],[-2.51894,53.52837],[-2.52003,53.52819],[-2.52037,53.5272],[-2.52177,53.52755],[-2.52305,53.52691],[-2.52473,53.52648],[-2.52572,53.52649],[-2.52601,53.52594],[-2.52703,53.52591],[-2.52756,53.5256],[-2.52835,53.52476],[-2.528,53.52304],[-2.53035,53.52321],[-2.53136,53.5232],[-2.53206,53.52384],[-2.53307,53.52339],[-2.53396,53.52352],[-2.53404,53.52414],[-2.53496,53.52409],[-2.535,53.52432],[-2.53501,53.52474],[-2.53556,53.52482],[-2.53508,53.52602],[-2.53624,53.52732],[-2.53783,53.52805],[-2.53871,53.52818],[-2.53995,53.52868],[-2.54001,53.52928],[-2.5409,53.52976],[-2.54147,53.53048],[-2.54279,53.53053],[-2.54376,53.53222],[-2.54506,53.53259],[-2.54508,53.53301],[-2.55126,53.53529],[-2.55178,53.53559],[-2.5522,53.53593],[-2.55301,53.53584],[-2.55374,53.53638],[-2.55435,53.53728],[-2.55557,53.53719],[-2.55733,53.53824],[-2.56083,53.53712],[-2.56214,53.53889],[-2.56271,53.53955],[-2.56163,53.53985],[-2.56113,53.54032],[-2.56105,53.54105],[-2.56035,53.54264],[-2.55829,53.54433],[-2.56075,53.54578],[-2.56384,53.54682],[-2.56652,53.54685],[-2.5699,53.54707],[-2.57019,53.54768],[-2.5684,53.54907],[-2.56781,53.55003],[-2.56637,53.55087],[-2.56468,53.55114],[-2.56396,53.55117],[-2.56356,53.5525],[-2.56202,53.55318],[-2.56032,53.55515],[-2.56083,53.55651],[-2.56286,53.55888],[-2.56195,53.55961],[-2.56245,53.55998],[-2.56197,53.56042],[-2.5615,53.56093],[-2.5599,53.56152],[-2.56158,53.56266],[-2.56857,53.56421],[-2.56762,53.56631],[-2.56831,53.57034],[-2.56711,53.57314],[-2.56385,53.57436],[-2.56239,53.57523],[-2.56043,53.57659],[-2.55999,53.57758],[-2.55952,53.57961],[-2.55921,53.58216],[-2.55986,53.5847],[-2.56134,53.58601],[-2.5559,53.58339],[-2.55253,53.58211],[-2.54712,53.58032],[-2.53933,53.57784],[-2.53441,53.57625],[-2.52724,53.57403],[-2.52157,53.57266],[-2.51835,53.57205],[-2.51358,53.57136],[-2.51051,53.57101],[-2.50867,53.57088],[-2.50724,53.57084],[-2.50459,53.57093],[-2.50311,53.571],[-2.50022,53.57137]]]]}},{"type":"Feature","properties":{"id":"F008","name":"St Edmund and St Patrick, Bolton","deaneryId":"F"},"geometry":{"type":"MultiPolygon","coordinates":[[[[-2.40896,53.55956],[-2.41269,53.56165],[-2.41558,53.56362],[-2.41759,53.56524],[-2.41932,53.56693],[-2.42112,53.56903],[-2.42356,53.57169],[-2.42528,53.57355],[-2.42955,53.57163],[-2.4311,53.56968],[-2.43773,53.56697],[-2.43918,53.5674],[-2.44178,53.56809],[-2.44109,53.56861],[-2.4416,53.56893],[-2.44154,53.56969],[-2.44163,53.57025],[-2.44194,53.57091],[-2.44176,53.57108],[-2.44195,53.57127],[-2.44208,53.57154],[-2.44223,53.57225],[-2.44246,53.57298],[-2.44269,53.57299],[-2.44486,53.57281],[-2.44663,53.5725],[-2.44733,53.57488],[-2.44908,53.57659],[-2.45046,53.57625],[-2.4521,53.57892],[-2.45269,53.58055],[-2.45389,53.58313],[-2.45191,53.58432],[-2.45226,53.58459],[-2.45044,53.58613],[-2.44769,53.58485],[-2.44527,53.58389],[-2.44219,53.58295],[-2.44091,53.58433],[-2.43976,53.58529],[-2.43853,53.58596],[-2.43808,53.5857],[-2.43627,53.58537],[-2.43377,53.58514],[-2.43187,53.58488],[-2.42945,53.58504],[-2.42905,53.5837],[-2.42707,53.58422],[-2.42842,53.5862],[-2.43014,53.58856],[-2.43034,53.58941],[-2.42977,53.58951],[-2.427,53.58962],[-2.42637,53.58998],[-2.42599,53.59047],[-2.42534,53.59091],[-2.42461,53.59124],[-2.42409,53.59155],[-2.4239,53.59205],[-2.42348,53.59205],[-2.4236,53.59095],[-2.42286,53.59031],[-2.42261,53.5896],[-2.42263,53.58872],[-2.42165,53.58766],[-2.41909,53.58768],[-2.41849,53.5872],[-2.41753,53.5862],[-2.41656,53.58593],[-2.41592,53.58569],[-2.41694,53.58535],[-2.41763,53.58483],[-2.4177,53.58449],[-2.41739,53.58416],[-2.41652,53.58407],[-2.41645,53.58461],[-2.41611,53.58493],[-2.41431,53.58459],[-2.41377,53.58416],[-2.41395,53.58345],[-2.41558,53.58302],[-2.41622,53.58265],[-2.41635,53.58193],[-2.41485,53.5813],[-2.41445,53.58114],[-2.41402,53.5802],[-2.41333,53.58003],[-2.41136,53.57985],[-2.41081,53.57877],[-2.41264,53.57843],[-2.4127,53.57745],[-2.41182,53.57614],[-2.41051,53.57607],[-2.40759,53.57503],[-2.40579,53.57438],[-2.40452,53.57355],[-2.40356,53.57258],[-2.40397,53.57161],[-2.4048,53.57101],[-2.40517,53.57042],[-2.40491,53.56947],[-2.4041,53.5689],[-2.40369,53.56816],[-2.40343,53.56731],[-2.40384,53.56629],[-2.405,53.56522],[-2.40645,53.56439],[-2.40689,53.56329],[-2.4065,53.56237],[-2.40586,53.56201],[-2.40896,53.55956]]]]}},{"type":"Feature","properties":{"id":"F011","name":"St John Fisher, Kearsley","deaneryId":"F"},"geometry":{"type":"MultiPolygon","coordinates":[[[[-2.39237,53.53627],[-2.39173,53.53678],[-2.39167,53.53755],[-2.39102,53.53891],[-2.39051,53.53965],[-2.38229,53.54204],[-2.37442,53.54386],[-2.37409,53.54638],[-2.37592,53.54661],[-2.37775,53.5466],[-2.37968,53.54804],[-2.38208,53.54938],[-2.38274,53.55013],[-2.37852,53.55155],[-2.37629,53.55264],[-2.37388,53.55377],[-2.3723,53.55425],[-2.37118,53.55427],[-2.36974,53.55381],[-2.3682,53.5533],[-2.36678,53.5534],[-2.36639,53.55339],[-2.36626,53.55357],[-2.36602,53.55365],[-2.36534,53.55418],[-2.36433,53.5552],[-2.36382,53.5555],[-2.36289,53.55606],[-2.36242,53.55614],[-2.36199,53.55606],[-2.3617,53.55575],[-2.36152,53.55535],[-2.36144,53.55457],[-2.36124,53.55395],[-2.36111,53.55349],[-2.36032,53.55296],[-2.35898,53.553],[-2.3582,53.55329],[-2.35696,53.55459],[-2.3568,53.55518],[-2.3567,53.55615],[-2.35638,53.55645],[-2.35592,53.55668],[-2.35094,53.55735],[-2.34935,53.55352],[-2.34897,53.55199],[-2.34792,53.54882],[-2.34772,53.54815],[-2.34786,53.54794],[-2.34744,53.54788],[-2.3471,53.54776],[-2.34507,53.54681],[-2.34352,53.54592],[-2.34158,53.54636],[-2.34103,53.54301],[-2.33957,53.54087],[-2.33724,53.53818],[-2.33781,53.5377],[-2.33734,53.53607],[-2.33822,53.53363],[-2.34178,53.53639],[-2.34408,53.53716],[-2.34728,53.53756],[-2.34866,53.53733],[-2.34873,53.53666],[-2.34821,53.53605],[-2.3492,53.5356],[-2.35224,53.53588],[-2.3521,53.53511],[-2.35363,53.53436],[-2.35449,53.53284],[-2.353,53.5324],[-2.35325,53.52881],[-2.35186,53.52476],[-2.35558,53.52486],[-2.35871,53.52521],[-2.362,53.52686],[-2.36481,53.52812],[-2.37562,53.53046],[-2.38351,53.53222],[-2.38923,53.53426],[-2.39237,53.53627]]]]}},{"type":"Feature","properties":{"id":"F014","name":"St Mary, Horwich","deaneryId":"F"},"geometry":{"type":"MultiPolygon","coordinates":[[[[-2.57397,53.5942],[-2.57285,53.59479],[-2.56768,53.59592],[-2.55878,53.59991],[-2.55799,53.60071],[-2.55768,53.60183],[-2.55763,53.60264],[-2.55954,53.60359],[-2.55866,53.60488],[-2.55994,53.60606],[-2.56152,53.60736],[-2.56206,53.6082],[-2.56342,53.60921],[-2.56737,53.6142],[-2.56943,53.62001],[-2.57332,53.62763],[-2.57317,53.63255],[-2.5785,53.63953],[-2.58567,53.64626],[-2.58791,53.65456],[-2.58555,53.65693],[-2.58484,53.65841],[-2.58474,53.65923],[-2.586,53.6595],[-2.58644,53.66492],[-2.58727,53.66524],[-2.58842,53.66585],[-2.58786,53.66653],[-2.58705,53.66672],[-2.5849,53.66676],[-2.58289,53.6659],[-2.58059,53.66645],[-2.57983,53.66607],[-2.5795,53.66646],[-2.57861,53.66629],[-2.57694,53.6652],[-2.57474,53.66551],[-2.57309,53.66514],[-2.57269,53.66543],[-2.57194,53.66546],[-2.57145,53.66502],[-2.56962,53.66528],[-2.56753,53.66401],[-2.56548,53.66499],[-2.56481,53.66542],[-2.56446,53.66609],[-2.56323,53.66598],[-2.5613,53.66532],[-2.55954,53.66595],[-2.55732,53.66571],[-2.55184,53.66363],[-2.54506,53.66496],[-2.53705,53.66394],[-2.53268,53.66478],[-2.52911,53.66059],[-2.5285,53.65608],[-2.52598,53.65452],[-2.52485,53.65222],[-2.52216,53.64813],[-2.52161,53.64513],[-2.52402,53.64258],[-2.52433,53.64083],[-2.51996,53.63046],[-2.51899,53.6304],[-2.51833,53.63027],[-2.51479,53.62922],[-2.50889,53.62556],[-2.49651,53.62262],[-2.48598,53.61944],[-2.4792,53.61704],[-2.47301,53.61652],[-2.47055,53.60985],[-2.4832,53.607],[-2.48941,53.60701],[-2.49084,53.60658],[-2.49091,53.60605],[-2.49006,53.60433],[-2.49011,53.60281],[-2.49058,53.60065],[-2.49141,53.59933],[-2.49326,53.59643],[-2.49324,53.5949],[-2.49563,53.59567],[-2.49699,53.59579],[-2.49827,53.59569],[-2.50115,53.59541],[-2.50417,53.59527],[-2.50508,53.58036],[-2.50147,53.57985],[-2.50131,53.5758],[-2.50062,53.57452],[-2.50001,53.57393],[-2.49943,53.57347],[-2.50009,53.57327],[-2.50125,53.57315],[-2.50022,53.57137],[-2.50311,53.571],[-2.50459,53.57093],[-2.50724,53.57084],[-2.50867,53.57088],[-2.51051,53.57101],[-2.51358,53.57136],[-2.51835,53.57205],[-2.52157,53.57266],[-2.52724,53.57403],[-2.53441,53.57625],[-2.54712,53.58032],[-2.55253,53.58211],[-2.5559,53.58339],[-2.56134,53.58601],[-2.56493,53.5881],[-2.56698,53.58935],[-2.56968,53.5911],[-2.57215,53.59264],[-2.57397,53.5942]]]]}},{"type":"Feature","properties":{"id":"F018","name":"St Vincent de Paul, Over Hulton","deaneryId":"F"},"geometry":{"type":"MultiPolygon","coordinates":[[[[-2.49945,53.53786],[-2.49358,53.5494],[-2.49259,53.55024],[-2.48447,53.55361],[-2.47642,53.55075],[-2.47373,53.54996],[-2.46897,53.54882],[-2.46606,53.54822],[-2.44935,53.54487],[-2.44259,53.54355],[-2.43939,53.54288],[-2.43982,53.54212],[-2.43965,53.5413],[-2.44004,53.54061],[-2.44042,53.54028],[-2.44141,53.53966],[-2.44218,53.53921],[-2.44205,53.5382],[-2.44184,53.53692],[-2.44201,53.53615],[-2.4415,53.53541],[-2.44137,53.5349],[-2.44184,53.53368],[-2.44266,53.53319],[-2.44283,53.53286],[-2.44334,53.53248],[-2.44317,53.5322],[-2.44369,53.53207],[-2.44399,53.53169],[-2.44446,53.53143],[-2.44476,53.5309],[-2.44575,53.53021],[-2.44622,53.53021],[-2.44673,53.52985],[-2.44699,53.52952],[-2.44789,53.52937],[-2.44815,53.5286],[-2.44847,53.52817],[-2.45099,53.52839],[-2.457,53.52968],[-2.45951,53.53054],[-2.46278,53.53093],[-2.466,53.5307],[-2.46954,53.53208],[-2.47001,53.53195],[-2.47055,53.53182],[-2.47106,53.53176],[-2.47411,53.53265],[-2.47743,53.53349],[-2.48015,53.53362],[-2.48362,53.53362],[-2.48519,53.53387],[-2.4872,53.53415],[-2.48878,53.53462],[-2.48941,53.53648],[-2.4932,53.53579],[-2.49512,53.5366],[-2.49568,53.53704],[-2.49856,53.53798],[-2.49945,53.53786]]]]}},{"type":"Feature","properties":{"id":"F020","name":"Blessed Dominic Barberi, Bolton","deaneryId":"F"},"geometry":{"type":"MultiPolygon","coordinates":[[[[-2.37369,53.57082],[-2.36999,53.5706],[-2.36619,53.56867],[-2.36423,53.56842],[-2.36149,53.56826],[-2.35877,53.56579],[-2.35785,53.56405],[-2.35657,53.56167],[-2.35605,53.55994],[-2.35725,53.55782],[-2.35592,53.55668],[-2.35638,53.55645],[-2.3567,53.55615],[-2.3568,53.55518],[-2.35696,53.55459],[-2.3582,53.55329],[-2.35898,53.553],[-2.36032,53.55296],[-2.36111,53.55349],[-2.36124,53.55395],[-2.36144,53.55457],[-2.36152,53.55535],[-2.3617,53.55575],[-2.36199,53.55606],[-2.36242,53.55614],[-2.36289,53.55606],[-2.36382,53.5555],[-2.36433,53.5552],[-2.36534,53.55418],[-2.36602,53.55365],[-2.36626,53.55357],[-2.36639,53.55339],[-2.36678,53.5534],[-2.3682,53.5533],[-2.36974,53.55381],[-2.37118,53.55427],[-2.3723,53.55425],[-2.37388,53.55377],[-2.37629,53.55264],[-2.37852,53.55155],[-2.38274,53.55013],[-2.38293,53.55098],[-2.38116,53.5531],[-2.38032,53.55428],[-2.37931,53.55526],[-2.37908,53.55572],[-2.37923,53.55612],[-2.38161,53.55709],[-2.38257,53.55734],[-2.38396,53.55701],[-2.38491,53.55678],[-2.38542,53.55673],[-2.3859,53.55719],[-2.38639,53.55813],[-2.38689,53.55845],[-2.38759,53.55851],[-2.38807,53.55851],[-2.38868,53.55813],[-2.3889,53.55763],[-2.38901,53.55744],[-2.3894,53.55735],[-2.38989,53.55752],[-2.39,53.55826],[-2.39086,53.55941],[-2.3919,53.55891],[-2.39279,53.55874],[-2.39415,53.55938],[-2.39626,53.56254],[-2.39744,53.56258],[-2.39867,53.56278],[-2.39933,53.56322],[-2.39995,53.5638],[-2.4009,53.56443],[-2.40174,53.56452],[-2.40246,53.56387],[-2.40304,53.56318],[-2.40347,53.56246],[-2.40392,53.56207],[-2.4047,53.56176],[-2.40586,53.56201],[-2.4065,53.56237],[-2.40689,53.56329],[-2.40645,53.56439],[-2.405,53.56522],[-2.40384,53.56629],[-2.40343,53.56731],[-2.40369,53.56816],[-2.4041,53.5689],[-2.40491,53.56947],[-2.40517,53.57042],[-2.4048,53.57101],[-2.40397,53.57161],[-2.40356,53.57258],[-2.40452,53.57355],[-2.40579,53.57438],[-2.40759,53.57503],[-2.41051,53.57607],[-2.41182,53.57614],[-2.4127,53.57745],[-2.41264,53.57843],[-2.41081,53.57877],[-2.41136,53.57985],[-2.41333,53.58003],[-2.41402,53.5802],[-2.41445,53.58114],[-2.41485,53.5813],[-2.41635,53.58193],[-2.41622,53.58265],[-2.41558,53.58302],[-2.41395,53.58345],[-2.41377,53.58416],[-2.41431,53.58459],[-2.41611,53.58493],[-2.41645,53.58461],[-2.41652,53.58407],[-2.4168,53.5841],[-2.41739,53.58416],[-2.4177,53.58449],[-2.41763,53.58483],[-2.41694,53.58535],[-2.41344,53.58525],[-2.4078,53.58591],[-2.40743,53.58537],[-2.40592,53.58572],[-2.40335,53.58648],[-2.40468,53.58846],[-2.40587,53.58974],[-2.40488,53.59],[-2.40261,53.59034],[-2.40051,53.59015],[-2.39883,53.58967],[-2.39734,53.58896],[-2.39633,53.58965],[-2.39569,53.59008],[-2.39449,53.59195],[-2.39373,53.59307],[-2.39255,53.59419],[-2.39232,53.5944],[-2.38931,53.59441],[-2.38819,53.59442],[-2.38469,53.59416],[-2.38299,53.59421],[-2.38188,53.59446],[-2.38106,53.5952],[-2.377,53.59773],[-2.37176,53.59617],[-2.36959,53.59527],[-2.37177,53.59451],[-2.37691,53.59323],[-2.37597,53.59135],[-2.37485,53.59078],[-2.375,53.58973],[-2.37646,53.5888],[-2.37569,53.58665],[-2.37532,53.5843],[-2.37581,53.58346],[-2.37584,53.58251],[-2.37612,53.58182],[-2.37421,53.57998],[-2.37425,53.57901],[-2.37429,53.57851],[-2.37419,53.57699],[-2.37406,53.57599],[-2.37384,53.5748],[-2.37374,53.57135],[-2.37369,53.57082]]]]}},{"type":"Feature","properties":{"id":"F026","name":"Corpus Christi, Bromley Cross","deaneryId":"F"},"geometry":{"type":"MultiPolygon","coordinates":[[[[-2.37913,53.63085],[-2.37904,53.63033],[-2.37937,53.62861],[-2.37905,53.62702],[-2.37968,53.62702],[-2.38118,53.62732],[-2.38297,53.62614],[-2.38286,53.62607],[-2.38346,53.62553],[-2.38125,53.62442],[-2.37935,53.62389],[-2.37636,53.62206],[-2.3773,53.6219],[-2.37682,53.62118],[-2.37968,53.6208],[-2.37937,53.62028],[-2.37765,53.6205],[-2.37602,53.61821],[-2.37536,53.61844],[-2.37493,53.61802],[-2.37631,53.61748],[-2.3742,53.61617],[-2.37176,53.6157],[-2.36942,53.61524],[-2.36857,53.61553],[-2.36674,53.61377],[-2.363,53.61029],[-2.36455,53.60903],[-2.36364,53.60777],[-2.36404,53.60667],[-2.36366,53.60606],[-2.36498,53.60421],[-2.36459,53.60312],[-2.36632,53.60188],[-2.36682,53.60004],[-2.3674,53.59965],[-2.36786,53.59932],[-2.36793,53.59892],[-2.36841,53.59851],[-2.36849,53.59797],[-2.36946,53.5974],[-2.3691,53.59676],[-2.36855,53.59643],[-2.36839,53.59604],[-2.36881,53.59548],[-2.36917,53.59549],[-2.36959,53.59527],[-2.37176,53.59617],[-2.377,53.59773],[-2.38106,53.5952],[-2.38188,53.59446],[-2.38299,53.59421],[-2.38469,53.59416],[-2.38819,53.59442],[-2.38931,53.59441],[-2.39232,53.5944],[-2.39373,53.59307],[-2.39449,53.59195],[-2.39569,53.59008],[-2.39633,53.58965],[-2.39734,53.58896],[-2.39883,53.58967],[-2.40051,53.59015],[-2.40087,53.59179],[-2.40005,53.59271],[-2.39974,53.59355],[-2.3988,53.59421],[-2.39827,53.59522],[-2.3997,53.59559],[-2.40163,53.59566],[-2.40295,53.59575],[-2.40437,53.5963],[-2.40523,53.59742],[-2.40772,53.59801],[-2.40789,53.59864],[-2.40631,53.60122],[-2.40483,53.60125],[-2.40373,53.60185],[-2.40334,53.60277],[-2.40163,53.60269],[-2.40025,53.60366],[-2.40209,53.60416],[-2.40302,53.6054],[-2.40241,53.60674],[-2.40268,53.60854],[-2.40429,53.60949],[-2.40506,53.6102],[-2.40495,53.61161],[-2.40607,53.61132],[-2.40682,53.6107],[-2.40742,53.61055],[-2.40791,53.61066],[-2.40954,53.61132],[-2.4098,53.61132],[-2.41091,53.6121],[-2.41196,53.61214],[-2.41401,53.61213],[-2.41573,53.60814],[-2.41656,53.60923],[-2.41778,53.60948],[-2.41854,53.61094],[-2.42306,53.61233],[-2.4238,53.61345],[-2.43141,53.61448],[-2.43422,53.61594],[-2.43555,53.61602],[-2.43775,53.61654],[-2.43805,53.61678],[-2.43926,53.61773],[-2.43885,53.61867],[-2.44015,53.62063],[-2.44046,53.62367],[-2.44336,53.62501],[-2.44505,53.62658],[-2.44534,53.62768],[-2.44708,53.63111],[-2.44952,53.63329],[-2.44964,53.63422],[-2.44799,53.63604],[-2.44812,53.6371],[-2.45058,53.64133],[-2.44976,53.64152],[-2.45241,53.6448],[-2.45497,53.6483],[-2.45637,53.65047],[-2.45646,53.65134],[-2.45568,53.65262],[-2.45382,53.65492],[-2.45024,53.65905],[-2.449,53.66015],[-2.44794,53.6581],[-2.4469,53.65785],[-2.44449,53.65849],[-2.44507,53.65882],[-2.44536,53.66043],[-2.44523,53.66151],[-2.44478,53.66391],[-2.44498,53.66482],[-2.44678,53.66651],[-2.44776,53.66876],[-2.44806,53.67053],[-2.43349,53.67579],[-2.4271,53.67481],[-2.42534,53.67158],[-2.42309,53.67291],[-2.42306,53.67385],[-2.42214,53.67438],[-2.42215,53.67523],[-2.42093,53.6769],[-2.42131,53.6782],[-2.42084,53.67928],[-2.42097,53.68042],[-2.41398,53.68142],[-2.41143,53.68226],[-2.41106,53.68535],[-2.41194,53.69418],[-2.40999,53.69407],[-2.40528,53.6949],[-2.40288,53.69657],[-2.40118,53.69492],[-2.40122,53.69444],[-2.40033,53.69263],[-2.39779,53.69128],[-2.39179,53.68858],[-2.3848,53.68823],[-2.38336,53.68854],[-2.38089,53.68857],[-2.37443,53.68724],[-2.37544,53.68266],[-2.37604,53.67706],[-2.37592,53.67556],[-2.37482,53.67332],[-2.3739,53.67115],[-2.37074,53.66608],[-2.36961,53.66422],[-2.36381,53.65761],[-2.36264,53.65597],[-2.36292,53.655],[-2.36409,53.6536],[-2.36546,53.65201],[-2.36693,53.64801],[-2.36698,53.64685],[-2.36668,53.64677],[-2.36706,53.64505],[-2.36885,53.64496],[-2.36921,53.64508],[-2.37076,53.64459],[-2.37251,53.64216],[-2.37205,53.64114],[-2.37078,53.63914],[-2.37,53.63801],[-2.3685,53.638],[-2.369,53.63712],[-2.36836,53.63686],[-2.36856,53.63506],[-2.37024,53.63315],[-2.36984,53.63257],[-2.37007,53.63213],[-2.37046,53.63157],[-2.371,53.63137],[-2.37092,53.632],[-2.37194,53.63192],[-2.37629,53.6318],[-2.37665,53.63113],[-2.37913,53.63085]]]]}},{"type":"Feature","properties":{"id":"F027","name":"Christ the Redeemer, Bolton","deaneryId":"F"},"geometry":{"type":"MultiPolygon","coordinates":[[[[-2.48447,53.55361],[-2.49679,53.55785],[-2.49401,53.57115],[-2.49456,53.57286],[-2.49398,53.57304],[-2.4897,53.57453],[-2.48689,53.5752],[-2.48387,53.5757],[-2.48085,53.57591],[-2.47812,53.57595],[-2.47523,53.57576],[-2.47376,53.57564],[-2.47164,53.5753],[-2.47002,53.57494],[-2.46663,53.57424],[-2.4643,53.57393],[-2.46151,53.57373],[-2.45785,53.57363],[-2.45346,53.57389],[-2.45029,53.57431],[-2.44733,53.57488],[-2.44663,53.5725],[-2.44486,53.57281],[-2.44269,53.57299],[-2.44246,53.57298],[-2.44223,53.57225],[-2.44208,53.57154],[-2.44195,53.57127],[-2.44176,53.57108],[-2.44194,53.57091],[-2.44163,53.57025],[-2.44154,53.56969],[-2.4416,53.56893],[-2.44109,53.56861],[-2.44178,53.56809],[-2.43918,53.5674],[-2.43773,53.56697],[-2.4311,53.56968],[-2.42955,53.57163],[-2.42528,53.57355],[-2.42356,53.57169],[-2.42112,53.56903],[-2.41932,53.56693],[-2.41759,53.56524],[-2.41558,53.56362],[-2.41269,53.56165],[-2.40896,53.55956],[-2.41166,53.55692],[-2.4154,53.5566],[-2.41985,53.55728],[-2.42151,53.5574],[-2.4248,53.55739],[-2.42768,53.55714],[-2.42642,53.55561],[-2.42722,53.55536],[-2.42776,53.5559],[-2.43009,53.55521],[-2.44582,53.55331],[-2.44578,53.55348],[-2.44607,53.55374],[-2.44671,53.55382],[-2.44867,53.55372],[-2.45007,53.55402],[-2.45579,53.554],[-2.45576,53.55311],[-2.45509,53.55222],[-2.45484,53.55164],[-2.45497,53.54979],[-2.45424,53.54978],[-2.45223,53.54942],[-2.45219,53.54854],[-2.45208,53.54811],[-2.45175,53.54796],[-2.44887,53.54694],[-2.44862,53.54643],[-2.44935,53.54487],[-2.46606,53.54822],[-2.46897,53.54882],[-2.47384,53.54999],[-2.47642,53.55075],[-2.48447,53.55361]]]]}},{"type":"Feature","properties":{"id":"F028","name":"Saint Cuthbert, Bolton","deaneryId":"F"},"geometry":{"type":"MultiPolygon","coordinates":[[[[-2.44733,53.57488],[-2.45029,53.57431],[-2.45346,53.57389],[-2.45785,53.57363],[-2.46151,53.57373],[-2.4643,53.57393],[-2.46663,53.57424],[-2.47002,53.57494],[-2.47164,53.5753],[-2.47376,53.57564],[-2.47523,53.57576],[-2.47812,53.57595],[-2.48085,53.57591],[-2.48387,53.5757],[-2.48689,53.5752],[-2.4897,53.57453],[-2.49398,53.57304],[-2.49456,53.57286],[-2.49708,53.57207],[-2.50022,53.57137],[-2.50125,53.57315],[-2.50009,53.57327],[-2.49943,53.57347],[-2.50001,53.57393],[-2.50062,53.57452],[-2.50131,53.5758],[-2.50147,53.57985],[-2.50508,53.58036],[-2.50417,53.59527],[-2.50115,53.59541],[-2.49827,53.59569],[-2.49699,53.59579],[-2.49563,53.59567],[-2.49324,53.5949],[-2.49326,53.59643],[-2.49141,53.59933],[-2.49058,53.60065],[-2.49011,53.60281],[-2.49006,53.60433],[-2.49091,53.60605],[-2.49084,53.60658],[-2.48941,53.60701],[-2.4832,53.607],[-2.47055,53.60985],[-2.46443,53.60538],[-2.45902,53.6014],[-2.45553,53.59894],[-2.45489,53.59821],[-2.45429,53.59762],[-2.45386,53.59798],[-2.45214,53.59788],[-2.45118,53.59865],[-2.45,53.59829],[-2.44833,53.59849],[-2.44713,53.59864],[-2.44557,53.59821],[-2.4432,53.59797],[-2.44197,53.59806],[-2.44163,53.59757],[-2.44098,53.5977],[-2.44075,53.59796],[-2.44038,53.59806],[-2.43946,53.59645],[-2.43918,53.59629],[-2.43808,53.5965],[-2.43682,53.59616],[-2.43719,53.59555],[-2.43688,53.59452],[-2.43707,53.59423],[-2.43658,53.59397],[-2.43565,53.59284],[-2.43662,53.59206],[-2.4353,53.59156],[-2.4342,53.59099],[-2.43064,53.58871],[-2.43014,53.58856],[-2.42842,53.5862],[-2.42707,53.58422],[-2.42905,53.5837],[-2.42945,53.58504],[-2.43187,53.58488],[-2.43377,53.58514],[-2.43627,53.58537],[-2.43808,53.5857],[-2.43853,53.58596],[-2.43976,53.58529],[-2.44091,53.58433],[-2.44219,53.58295],[-2.44527,53.58389],[-2.44769,53.58485],[-2.45044,53.58613],[-2.45226,53.58459],[-2.45191,53.58432],[-2.45389,53.58313],[-2.45269,53.58055],[-2.4521,53.57892],[-2.45046,53.57625],[-2.44908,53.57659],[-2.44733,53.57488]]]]}},{"type":"Feature","properties":{"id":"G002","name":"Our Lady and St Joseph, Heywood","deaneryId":"G"},"geometry":{"type":"MultiPolygon","coordinates":[[[[-2.1813,53.58405],[-2.18896,53.58321],[-2.19443,53.58206],[-2.19958,53.58023],[-2.20679,53.57635],[-2.21246,53.57375],[-2.22138,53.571],[-2.22978,53.56853],[-2.23675,53.56539],[-2.24271,53.56147],[-2.24683,53.56228],[-2.24717,53.56341],[-2.24338,53.56691],[-2.24556,53.56756],[-2.24627,53.57008],[-2.24344,53.57118],[-2.24413,53.57273],[-2.24653,53.57442],[-2.24962,53.57691],[-2.25022,53.57819],[-2.24979,53.57895],[-2.25383,53.58104],[-2.25767,53.58426],[-2.2625,53.58484],[-2.26641,53.58511],[-2.26815,53.58129],[-2.2718,53.58091],[-2.27181,53.58207],[-2.27288,53.58609],[-2.27262,53.58873],[-2.27202,53.59133],[-2.26996,53.59098],[-2.26979,53.59197],[-2.26816,53.59194],[-2.26666,53.59137],[-2.2655,53.59155],[-2.26516,53.59222],[-2.26361,53.59271],[-2.2608,53.59238],[-2.25911,53.59217],[-2.25846,53.59322],[-2.25812,53.59512],[-2.25606,53.59648],[-2.25516,53.59737],[-2.25348,53.59773],[-2.251,53.59903],[-2.24906,53.59948],[-2.24683,53.59956],[-2.24555,53.59933],[-2.2452,53.59997],[-2.2452,53.60119],[-2.24645,53.60178],[-2.24894,53.60259],[-2.24954,53.60323],[-2.25074,53.60565],[-2.25095,53.60722],[-2.25276,53.60664],[-2.25494,53.60621],[-2.25889,53.606],[-2.26065,53.60633],[-2.26348,53.60771],[-2.26713,53.61061],[-2.26936,53.61303],[-2.27121,53.61504],[-2.27099,53.61738],[-2.26954,53.61626],[-2.25792,53.61645],[-2.25915,53.6183],[-2.25878,53.61956],[-2.25683,53.62031],[-2.25473,53.6195],[-2.25254,53.61858],[-2.25031,53.61797],[-2.24825,53.61771],[-2.24615,53.61799],[-2.2437,53.61807],[-2.23701,53.61802],[-2.22825,53.61822],[-2.22825,53.61662],[-2.22877,53.61558],[-2.22975,53.61486],[-2.22859,53.61405],[-2.22756,53.61293],[-2.22671,53.6112],[-2.22726,53.61005],[-2.22529,53.60906],[-2.22439,53.60829],[-2.22332,53.60705],[-2.2252,53.60519],[-2.2243,53.60468],[-2.22276,53.60455],[-2.21988,53.60473],[-2.21735,53.60521],[-2.21705,53.60254],[-2.2155,53.60318],[-2.21375,53.60213],[-2.21149,53.60167],[-2.21126,53.60021],[-2.20963,53.60018],[-2.20814,53.60139],[-2.20722,53.60162],[-2.20566,53.60109],[-2.20497,53.60022],[-2.20383,53.5998],[-2.20308,53.60026],[-2.20282,53.601],[-2.20297,53.60244],[-2.20355,53.60324],[-2.20392,53.60458],[-2.20312,53.60552],[-2.20141,53.6058],[-2.1992,53.60535],[-2.19295,53.6011],[-2.19433,53.60013],[-2.19115,53.59886],[-2.19242,53.59686],[-2.19242,53.59612],[-2.19177,53.59546],[-2.19443,53.59406],[-2.1943,53.59215],[-2.18924,53.59136],[-2.1916,53.58991],[-2.19503,53.58952],[-2.19701,53.58853],[-2.19551,53.58828],[-2.18855,53.5867],[-2.18632,53.58649],[-2.18272,53.5856],[-2.1813,53.58405]]]]}},{"type":"Feature","properties":{"id":"G003","name":"Our Lady of Dolours, Kersal","deaneryId":"G"},"geometry":{"type":"MultiPolygon","coordinates":[[[[-2.30365,53.52267],[-2.29749,53.52269],[-2.29492,53.52269],[-2.29348,53.52323],[-2.29262,53.52373],[-2.29172,53.52396],[-2.29003,53.52416],[-2.28923,53.52438],[-2.28853,53.52488],[-2.2881,53.52541],[-2.28771,53.52587],[-2.28754,53.52653],[-2.28638,53.52634],[-2.28269,53.52536],[-2.28099,53.52544],[-2.28035,53.52527],[-2.27885,53.5254],[-2.27827,53.5255],[-2.28157,53.52897],[-2.28061,53.52914],[-2.27777,53.52956],[-2.277,53.52951],[-2.27664,53.52943],[-2.27376,53.52871],[-2.27254,53.52865],[-2.26988,53.52777],[-2.26896,53.5274],[-2.26881,53.52754],[-2.26614,53.52834],[-2.26599,53.52699],[-2.26561,53.52639],[-2.26507,53.5259],[-2.26428,53.52468],[-2.26346,53.5236],[-2.26333,53.52301],[-2.26278,53.52217],[-2.26166,53.5212],[-2.25985,53.52004],[-2.25917,53.51931],[-2.25838,53.51853],[-2.2575,53.51802],[-2.25911,53.51717],[-2.26142,53.51611],[-2.26132,53.51587],[-2.26164,53.5155],[-2.26269,53.51436],[-2.26312,53.51376],[-2.26336,53.51267],[-2.26346,53.51236],[-2.26383,53.51225],[-2.26355,53.51191],[-2.26327,53.51119],[-2.26265,53.50954],[-2.26499,53.50879],[-2.26593,53.50931],[-2.26732,53.50967],[-2.27011,53.51011],[-2.27127,53.5101],[-2.27258,53.5098],[-2.27361,53.50922],[-2.27473,53.50824],[-2.27549,53.50691],[-2.27661,53.50683],[-2.27679,53.50652],[-2.27919,53.50704],[-2.28235,53.50783],[-2.28988,53.50461],[-2.29048,53.50678],[-2.29022,53.50934],[-2.29048,53.51158],[-2.29151,53.51357],[-2.2928,53.51454],[-2.29425,53.51538],[-2.29554,53.51569],[-2.29756,53.51566],[-2.30142,53.51671],[-2.30262,53.51778],[-2.30237,53.51878],[-2.30194,53.52051],[-2.30365,53.52267]]]]}},{"type":"Feature","properties":{"id":"G004","name":"Guardian Angels, Bury","deaneryId":"G"},"geometry":{"type":"MultiPolygon","coordinates":[[[[-2.36459,53.60312],[-2.36232,53.60264],[-2.35339,53.60086],[-2.34498,53.59882],[-2.33966,53.59872],[-2.33932,53.60101],[-2.33691,53.60132],[-2.33314,53.60015],[-2.33125,53.59984],[-2.32833,53.60065],[-2.32601,53.60111],[-2.32292,53.60015],[-2.31957,53.59892],[-2.31563,53.59857],[-2.31219,53.59785],[-2.30962,53.59714],[-2.30893,53.59444],[-2.30644,53.595],[-2.3085,53.59154],[-2.3103,53.58919],[-2.31211,53.58603],[-2.31175,53.5848],[-2.31425,53.58501],[-2.3176,53.58314],[-2.31711,53.58194],[-2.31758,53.58107],[-2.31956,53.58109],[-2.32295,53.58225],[-2.32828,53.58328],[-2.33321,53.58332],[-2.33717,53.58206],[-2.33992,53.5816],[-2.34335,53.58119],[-2.34786,53.58058],[-2.34996,53.58028],[-2.35339,53.57956],[-2.35674,53.57829],[-2.36039,53.57781],[-2.36429,53.57742],[-2.36773,53.57758],[-2.37004,53.57798],[-2.37425,53.57901],[-2.37421,53.57998],[-2.37612,53.58182],[-2.37584,53.58251],[-2.37581,53.58346],[-2.37532,53.5843],[-2.37569,53.58665],[-2.37646,53.58879],[-2.375,53.58973],[-2.37485,53.59078],[-2.37597,53.59135],[-2.37691,53.59323],[-2.37177,53.59451],[-2.36959,53.59527],[-2.36917,53.59549],[-2.36881,53.59548],[-2.36839,53.59604],[-2.36855,53.59643],[-2.3691,53.59676],[-2.36946,53.5974],[-2.36849,53.59797],[-2.36841,53.59851],[-2.36793,53.59892],[-2.36786,53.59932],[-2.36682,53.60004],[-2.36632,53.60187],[-2.36459,53.60312]]]]}},{"type":"Feature","properties":{"id":"G005","name":"Our Lady of Grace, Prestwich","deaneryId":"G"},"geometry":{"type":"MultiPolygon","coordinates":[[[[-2.32687,53.5285],[-2.32163,53.52944],[-2.31726,53.53067],[-2.31511,53.53352],[-2.31331,53.53536],[-2.30945,53.53822],[-2.30437,53.53802],[-2.30483,53.54005],[-2.30719,53.54151],[-2.30704,53.54182],[-2.30543,53.54315],[-2.3017,53.54616],[-2.30142,53.54638],[-2.30056,53.54681],[-2.29928,53.54699],[-2.29827,53.54692],[-2.29696,53.54691],[-2.29563,53.54719],[-2.29462,53.54758],[-2.29357,53.54787],[-2.29241,53.54797],[-2.29114,53.5483],[-2.28687,53.54301],[-2.28546,53.54068],[-2.28007,53.54337],[-2.26662,53.54786],[-2.26052,53.54964],[-2.25443,53.55265],[-2.25224,53.5539],[-2.25013,53.55408],[-2.23684,53.55519],[-2.2546,53.52758],[-2.25672,53.52715],[-2.26275,53.52486],[-2.26428,53.52468],[-2.26507,53.5259],[-2.26561,53.52639],[-2.26599,53.52699],[-2.26614,53.52834],[-2.26881,53.52754],[-2.26896,53.5274],[-2.26988,53.52777],[-2.27254,53.52865],[-2.27376,53.52871],[-2.27664,53.52943],[-2.277,53.52951],[-2.27777,53.52956],[-2.28061,53.52914],[-2.28157,53.52897],[-2.27827,53.5255],[-2.27885,53.5254],[-2.28035,53.52527],[-2.28099,53.52544],[-2.28269,53.52536],[-2.28638,53.52634],[-2.28754,53.52653],[-2.28771,53.52587],[-2.2881,53.52541],[-2.28853,53.52488],[-2.28923,53.52438],[-2.29003,53.52416],[-2.29172,53.52396],[-2.29262,53.52373],[-2.29348,53.52323],[-2.29492,53.52269],[-2.29749,53.52269],[-2.30365,53.52267],[-2.30558,53.52383],[-2.30775,53.5253],[-2.30966,53.5265],[-2.31015,53.52708],[-2.31172,53.52748],[-2.31346,53.52743],[-2.31537,53.52738],[-2.31953,53.52702],[-2.32069,53.52689],[-2.32477,53.5273],[-2.32687,53.5285]]]]}},{"type":"Feature","properties":{"id":"G008","name":"St Gabriel and the Angels and St John the Baptist, Rochdale","deaneryId":"G"},"geometry":{"type":"MultiPolygon","coordinates":[[[[-2.1813,53.58405],[-2.18272,53.5856],[-2.18632,53.58649],[-2.18855,53.5867],[-2.19551,53.58828],[-2.19701,53.58853],[-2.19503,53.58952],[-2.1916,53.58991],[-2.18924,53.59136],[-2.1943,53.59215],[-2.19443,53.59406],[-2.19177,53.59546],[-2.19242,53.59612],[-2.19242,53.59686],[-2.19115,53.59886],[-2.19433,53.60013],[-2.19295,53.6011],[-2.1992,53.60535],[-2.19838,53.6058],[-2.19851,53.60715],[-2.19658,53.60761],[-2.19551,53.60809],[-2.19435,53.6084],[-2.19323,53.6087],[-2.1919,53.60878],[-2.18873,53.60952],[-2.1874,53.60921],[-2.18564,53.60883],[-2.18486,53.60791],[-2.18443,53.60684],[-2.18297,53.60603],[-2.18006,53.60689],[-2.1804,53.60832],[-2.17984,53.61071],[-2.17873,53.61127],[-2.17632,53.61168],[-2.17456,53.61155],[-2.17336,53.61183],[-2.17263,53.61275],[-2.17143,53.61351],[-2.17083,53.61428],[-2.17001,53.61476],[-2.17074,53.61509],[-2.16946,53.61563],[-2.16795,53.61502],[-2.16611,53.61435],[-2.1665,53.6198],[-2.16444,53.6196],[-2.16332,53.61919],[-2.16229,53.61878],[-2.1607,53.61896],[-2.15813,53.61659],[-2.15499,53.61733],[-2.15371,53.61629],[-2.15117,53.61754],[-2.14856,53.61703],[-2.14774,53.61608],[-2.14697,53.61568],[-2.1462,53.61756],[-2.14512,53.6183],[-2.14285,53.6142],[-2.14259,53.61229],[-2.14203,53.6112],[-2.14122,53.61018],[-2.13937,53.61059],[-2.13821,53.60934],[-2.13783,53.60794],[-2.13624,53.6072],[-2.1389,53.60503],[-2.14195,53.60511],[-2.14993,53.60325],[-2.15143,53.6043],[-2.1565,53.60284],[-2.1631,53.6005],[-2.16516,53.59974],[-2.16585,53.60007],[-2.16692,53.59925],[-2.16692,53.59704],[-2.16559,53.595],[-2.1586,53.58815],[-2.15793,53.58618],[-2.1575,53.58427],[-2.15646,53.58225],[-2.1525,53.57905],[-2.15215,53.57634],[-2.1528,53.57522],[-2.15185,53.57422],[-2.151,53.56718],[-2.15119,53.56692],[-2.15381,53.56577],[-2.15634,53.56506],[-2.16098,53.56416],[-2.16613,53.56198],[-2.16933,53.56028],[-2.16906,53.55888],[-2.17215,53.55846],[-2.17203,53.55984],[-2.1724,53.56094],[-2.17408,53.56446],[-2.17568,53.56672],[-2.17761,53.57121],[-2.17946,53.5761],[-2.1806,53.57987],[-2.1813,53.58405]]]]}},{"type":"Feature","properties":{"id":"G009","name":"St Hilda, Tottington","deaneryId":"G"},"geometry":{"type":"MultiPolygon","coordinates":[[[[-2.37629,53.6318],[-2.37194,53.63192],[-2.37092,53.632],[-2.371,53.63137],[-2.36129,53.63075],[-2.35725,53.631],[-2.35391,53.63085],[-2.35004,53.63131],[-2.34687,53.6308],[-2.3412,53.63166],[-2.33794,53.63192],[-2.33417,53.6337],[-2.33082,53.63314],[-2.32859,53.63217],[-2.32661,53.63222],[-2.32069,53.63166],[-2.31751,53.63093],[-2.31594,53.63174],[-2.31483,53.63211],[-2.31365,53.63204],[-2.30979,53.63153],[-2.30925,53.63157],[-2.30913,53.63111],[-2.30439,53.63145],[-2.30013,53.63144],[-2.30868,53.62744],[-2.31333,53.62734],[-2.31263,53.62633],[-2.31151,53.62499],[-2.31082,53.62367],[-2.31082,53.62209],[-2.31219,53.62097],[-2.31408,53.61985],[-2.31417,53.61888],[-2.31228,53.61894],[-2.30927,53.61792],[-2.31005,53.61705],[-2.30867,53.61512],[-2.30876,53.61395],[-2.31022,53.61344],[-2.31133,53.61181],[-2.31125,53.61079],[-2.30945,53.60977],[-2.30747,53.60931],[-2.30481,53.60896],[-2.30335,53.60987],[-2.30078,53.61033],[-2.29958,53.60947],[-2.30146,53.60778],[-2.30052,53.60631],[-2.30103,53.60234],[-2.30344,53.59984],[-2.3043,53.59765],[-2.30618,53.59612],[-2.30644,53.595],[-2.30893,53.59444],[-2.30962,53.59714],[-2.31219,53.59785],[-2.31563,53.59857],[-2.31957,53.59892],[-2.32292,53.60015],[-2.32601,53.60111],[-2.32833,53.60065],[-2.33125,53.59984],[-2.33314,53.60015],[-2.33691,53.60132],[-2.33932,53.60101],[-2.33966,53.59872],[-2.34498,53.59882],[-2.35339,53.60086],[-2.36232,53.60264],[-2.36459,53.60312],[-2.36498,53.60421],[-2.36366,53.60606],[-2.36404,53.60667],[-2.36364,53.60777],[-2.36455,53.60903],[-2.363,53.61029],[-2.36674,53.61377],[-2.36857,53.61553],[-2.36942,53.61524],[-2.37176,53.6157],[-2.3742,53.61617],[-2.37631,53.61748],[-2.37493,53.61802],[-2.37536,53.61844],[-2.37602,53.61821],[-2.37765,53.6205],[-2.37937,53.62028],[-2.37968,53.6208],[-2.37682,53.62118],[-2.3773,53.6219],[-2.37636,53.62206],[-2.37935,53.62389],[-2.38125,53.62442],[-2.38346,53.62553],[-2.38286,53.62607],[-2.38297,53.62614],[-2.38118,53.62732],[-2.37968,53.62702],[-2.37905,53.62702],[-2.37937,53.62861],[-2.37904,53.63033],[-2.37913,53.63085],[-2.37913,53.63085],[-2.37665,53.63113],[-2.37629,53.6318]]]]}},{"type":"Feature","properties":{"id":"G010","name":"St Joseph, Ramsbottom","deaneryId":"G"},"geometry":{"type":"MultiPolygon","coordinates":[[[[-2.35557,53.66449],[-2.33507,53.67416],[-2.33067,53.67659],[-2.32785,53.67785],[-2.32399,53.6785],[-2.32189,53.67828],[-2.3199,53.67762],[-2.31864,53.67679],[-2.31653,53.67769],[-2.31549,53.67858],[-2.31495,53.67928],[-2.31435,53.67952],[-2.31225,53.67936],[-2.3116,53.67943],[-2.31102,53.67973],[-2.31039,53.67999],[-2.31029,53.68039],[-2.31066,53.68139],[-2.30725,53.68044],[-2.30809,53.67815],[-2.29999,53.678],[-2.28741,53.67853],[-2.2844,53.67916],[-2.28003,53.6796],[-2.27246,53.68102],[-2.2702,53.6789],[-2.26563,53.67835],[-2.2615,53.67718],[-2.26166,53.67578],[-2.26042,53.67167],[-2.25936,53.66972],[-2.25868,53.66761],[-2.25723,53.66702],[-2.2556,53.66626],[-2.25451,53.66573],[-2.25466,53.66509],[-2.25255,53.66395],[-2.27005,53.64545],[-2.26936,53.63996],[-2.27051,53.6358],[-2.27018,53.63309],[-2.27171,53.63341],[-2.27262,53.63461],[-2.2752,53.63461],[-2.2815,53.63595],[-2.28372,53.63596],[-2.29002,53.63481],[-2.29699,53.63247],[-2.30013,53.63144],[-2.30439,53.63145],[-2.30913,53.63111],[-2.30925,53.63157],[-2.30979,53.63153],[-2.31365,53.63204],[-2.31483,53.63211],[-2.31594,53.63174],[-2.31751,53.63093],[-2.32069,53.63166],[-2.32661,53.63222],[-2.32859,53.63217],[-2.33082,53.63314],[-2.33417,53.6337],[-2.33794,53.63192],[-2.3412,53.63166],[-2.34687,53.6308],[-2.35004,53.63131],[-2.35391,53.63085],[-2.35725,53.631],[-2.36129,53.63075],[-2.371,53.63137],[-2.37046,53.63157],[-2.37007,53.63213],[-2.36984,53.63257],[-2.37024,53.63315],[-2.36856,53.63506],[-2.36836,53.63686],[-2.369,53.63712],[-2.3685,53.638],[-2.37,53.63801],[-2.37078,53.63914],[-2.37205,53.64114],[-2.37251,53.64216],[-2.37076,53.64459],[-2.36921,53.64508],[-2.36885,53.64496],[-2.36706,53.64505],[-2.36668,53.64677],[-2.36698,53.64685],[-2.36693,53.64801],[-2.36546,53.65201],[-2.36409,53.6536],[-2.36292,53.655],[-2.36264,53.65597],[-2.36381,53.65761],[-2.36961,53.66422],[-2.37074,53.66608],[-2.37139,53.66713],[-2.36138,53.66502],[-2.35557,53.66449]]]]}},{"type":"Feature","properties":{"id":"G011","name":"St Marie and St Joseph, Bury","deaneryId":"G"},"geometry":{"type":"MultiPolygon","coordinates":[[[[-2.24556,53.56756],[-2.24338,53.56691],[-2.24717,53.56341],[-2.24999,53.56393],[-2.25185,53.56519],[-2.25434,53.56682],[-2.25649,53.56815],[-2.26619,53.56963],[-2.26885,53.57049],[-2.27262,53.5711],[-2.27546,53.57268],[-2.27735,53.57284],[-2.27915,53.57187],[-2.28576,53.57187],[-2.2873,53.57146],[-2.29022,53.57151],[-2.29031,53.57044],[-2.29091,53.56947],[-2.29013,53.56835],[-2.28988,53.56764],[-2.29185,53.56685],[-2.29348,53.5656],[-2.29408,53.56453],[-2.29743,53.5633],[-2.29992,53.56259],[-2.30099,53.56193],[-2.30129,53.56483],[-2.30288,53.56664],[-2.30395,53.56813],[-2.3043,53.56889],[-2.30275,53.56912],[-2.2997,53.56884],[-2.29826,53.56858],[-2.29707,53.56873],[-2.29596,53.56932],[-2.29563,53.57006],[-2.29631,53.57095],[-2.29917,53.57202],[-2.30185,53.5721],[-2.30361,53.57261],[-2.30387,53.5737],[-2.30267,53.57472],[-2.30258,53.57595],[-2.30348,53.57686],[-2.30533,53.57753],[-2.30902,53.57745],[-2.31374,53.57788],[-2.31175,53.5848],[-2.31211,53.58603],[-2.3103,53.58919],[-2.3085,53.59154],[-2.30644,53.595],[-2.30618,53.59612],[-2.3043,53.59765],[-2.30344,53.59984],[-2.30103,53.60234],[-2.30052,53.60631],[-2.30146,53.60778],[-2.29958,53.60947],[-2.30078,53.61033],[-2.30335,53.60987],[-2.30481,53.60896],[-2.30747,53.60931],[-2.30945,53.60977],[-2.31125,53.61079],[-2.31133,53.61181],[-2.31022,53.61344],[-2.30876,53.61395],[-2.30867,53.61512],[-2.31005,53.61705],[-2.30927,53.61792],[-2.31228,53.61894],[-2.31417,53.61888],[-2.31408,53.61985],[-2.31219,53.62097],[-2.31082,53.62209],[-2.31082,53.62367],[-2.31151,53.62499],[-2.31263,53.62633],[-2.31333,53.62734],[-2.30868,53.62744],[-2.30013,53.63144],[-2.29699,53.63247],[-2.29002,53.63481],[-2.28372,53.63596],[-2.2815,53.63595],[-2.2752,53.63461],[-2.27262,53.63461],[-2.27171,53.63341],[-2.27018,53.63309],[-2.26421,53.63185],[-2.26238,53.62497],[-2.26066,53.62417],[-2.25975,53.62076],[-2.25683,53.62031],[-2.25878,53.61956],[-2.25915,53.6183],[-2.25792,53.61645],[-2.26954,53.61626],[-2.27099,53.61738],[-2.27121,53.61504],[-2.26936,53.61303],[-2.26713,53.61061],[-2.26348,53.60771],[-2.26065,53.60633],[-2.25889,53.606],[-2.25494,53.60621],[-2.25276,53.60664],[-2.25095,53.60722],[-2.25074,53.60565],[-2.24954,53.60323],[-2.24894,53.60259],[-2.24645,53.60178],[-2.2452,53.60119],[-2.2452,53.59997],[-2.24555,53.59933],[-2.24683,53.59956],[-2.24906,53.59948],[-2.251,53.59903],[-2.25348,53.59773],[-2.25516,53.59737],[-2.25606,53.59648],[-2.25812,53.59512],[-2.25846,53.59322],[-2.25911,53.59217],[-2.26361,53.59271],[-2.26516,53.59222],[-2.2655,53.59155],[-2.26666,53.59137],[-2.26816,53.59194],[-2.26979,53.59197],[-2.26996,53.59098],[-2.27202,53.59133],[-2.27262,53.58873],[-2.27288,53.58609],[-2.27181,53.58207],[-2.2718,53.58091],[-2.26815,53.58129],[-2.26641,53.58511],[-2.2625,53.58484],[-2.25767,53.58426],[-2.25383,53.58104],[-2.24979,53.57895],[-2.25022,53.57819],[-2.24962,53.57691],[-2.24653,53.57442],[-2.24413,53.57273],[-2.24344,53.57118],[-2.24627,53.57008],[-2.24556,53.56756]]]]}},{"type":"Feature","properties":{"id":"G012","name":"St Mary and St Philip Neri, Radcliffe","deaneryId":"G"},"geometry":{"type":"MultiPolygon","coordinates":[[[[-2.35094,53.55735],[-2.35592,53.55668],[-2.35725,53.55782],[-2.35605,53.55994],[-2.35657,53.56167],[-2.35785,53.56405],[-2.35877,53.56579],[-2.36149,53.56826],[-2.36423,53.56842],[-2.36619,53.56867],[-2.36999,53.5706],[-2.37369,53.57082],[-2.37374,53.57135],[-2.37384,53.5748],[-2.37406,53.57599],[-2.37419,53.57699],[-2.37429,53.57851],[-2.37425,53.57901],[-2.37004,53.57798],[-2.36773,53.57758],[-2.36429,53.57742],[-2.36039,53.57781],[-2.35674,53.57829],[-2.35339,53.57956],[-2.34996,53.58028],[-2.34786,53.58058],[-2.34335,53.58119],[-2.33992,53.5816],[-2.33717,53.58206],[-2.33321,53.58332],[-2.32828,53.58328],[-2.32295,53.58225],[-2.31956,53.58109],[-2.31758,53.58107],[-2.31711,53.58194],[-2.3176,53.58314],[-2.31425,53.58501],[-2.31175,53.5848],[-2.31374,53.57788],[-2.30902,53.57745],[-2.30533,53.57753],[-2.30348,53.57686],[-2.30258,53.57595],[-2.30267,53.57472],[-2.30387,53.5737],[-2.30361,53.57261],[-2.30185,53.5721],[-2.29917,53.57202],[-2.29631,53.57095],[-2.29563,53.57006],[-2.29596,53.56932],[-2.29707,53.56873],[-2.29826,53.56858],[-2.2997,53.56884],[-2.30275,53.56912],[-2.3043,53.56889],[-2.30395,53.56813],[-2.30288,53.56664],[-2.30129,53.56483],[-2.30099,53.56193],[-2.30151,53.56048],[-2.30392,53.55961],[-2.30631,53.55736],[-2.31059,53.55574],[-2.31179,53.55403],[-2.31349,53.55297],[-2.31285,53.55226],[-2.31587,53.55098],[-2.31985,53.55058],[-2.32181,53.55051],[-2.32185,53.54812],[-2.3261,53.54821],[-2.33047,53.54786],[-2.33434,53.5477],[-2.34095,53.54643],[-2.34158,53.54636],[-2.34352,53.54592],[-2.34507,53.54681],[-2.3471,53.54776],[-2.34744,53.54788],[-2.34786,53.54794],[-2.34772,53.54815],[-2.34792,53.54882],[-2.34897,53.55199],[-2.34935,53.55352],[-2.35094,53.55735]]]]}},{"type":"Feature","properties":{"id":"G014","name":"St Michael and St Bernadette, Whitefield","deaneryId":"G"},"geometry":{"type":"MultiPolygon","coordinates":[[[[-2.28546,53.54068],[-2.28687,53.54301],[-2.29114,53.5483],[-2.29241,53.54797],[-2.29357,53.54787],[-2.29462,53.54758],[-2.29563,53.54719],[-2.29696,53.54691],[-2.29827,53.54692],[-2.29928,53.54699],[-2.30056,53.54681],[-2.30142,53.54638],[-2.3017,53.54616],[-2.30543,53.54315],[-2.30704,53.54182],[-2.30719,53.54151],[-2.30482,53.54006],[-2.30437,53.53802],[-2.30945,53.53822],[-2.31331,53.53536],[-2.31511,53.53352],[-2.31726,53.53067],[-2.32163,53.52944],[-2.32687,53.5285],[-2.32811,53.52959],[-2.33103,53.53028],[-2.33328,53.53086],[-2.33532,53.53136],[-2.33822,53.53363],[-2.33734,53.53607],[-2.33781,53.5377],[-2.33724,53.53818],[-2.33957,53.54087],[-2.34103,53.54301],[-2.34158,53.54636],[-2.34095,53.54643],[-2.33434,53.5477],[-2.33047,53.54786],[-2.3261,53.54821],[-2.32185,53.54812],[-2.32181,53.55051],[-2.31985,53.55058],[-2.31587,53.55098],[-2.31285,53.55226],[-2.31349,53.55297],[-2.31179,53.55403],[-2.31059,53.55574],[-2.30631,53.55736],[-2.30392,53.55961],[-2.30151,53.56048],[-2.30099,53.56193],[-2.29992,53.56259],[-2.29743,53.5633],[-2.29408,53.56453],[-2.29348,53.5656],[-2.29185,53.56685],[-2.28988,53.56764],[-2.29013,53.56835],[-2.29091,53.56947],[-2.29031,53.57044],[-2.29022,53.57151],[-2.2873,53.57146],[-2.28576,53.57187],[-2.27915,53.57187],[-2.27735,53.57284],[-2.27546,53.57268],[-2.27262,53.5711],[-2.26885,53.57049],[-2.26619,53.56963],[-2.25649,53.56815],[-2.25434,53.56682],[-2.25185,53.56519],[-2.24999,53.56393],[-2.24717,53.56341],[-2.24683,53.56228],[-2.24271,53.56147],[-2.24439,53.56015],[-2.24825,53.55663],[-2.25224,53.5539],[-2.25443,53.55265],[-2.26052,53.54964],[-2.26662,53.54786],[-2.28007,53.54337],[-2.28546,53.54068]]]]}},{"type":"Feature","properties":{"id":"G018","name":"St Vincent de Paul, Norden","deaneryId":"G"},"geometry":{"type":"MultiPolygon","coordinates":[[[[-2.27018,53.63309],[-2.27051,53.6358],[-2.26936,53.63996],[-2.27005,53.64545],[-2.25256,53.66396],[-2.25187,53.66359],[-2.24647,53.66339],[-2.24235,53.66483],[-2.23695,53.66686],[-2.23308,53.66883],[-2.22593,53.67071],[-2.22498,53.66999],[-2.22145,53.669],[-2.21765,53.66866],[-2.21039,53.66457],[-2.20701,53.66304],[-2.20915,53.66024],[-2.20237,53.65678],[-2.20138,53.65385],[-2.1974,53.65305],[-2.19022,53.65019],[-2.18825,53.64836],[-2.1831,53.64832],[-2.18152,53.64685],[-2.181,53.64558],[-2.18263,53.64566],[-2.1834,53.64522],[-2.18285,53.64443],[-2.18272,53.6438],[-2.18272,53.64291],[-2.18232,53.64282],[-2.18212,53.6424],[-2.18121,53.64199],[-2.18047,53.64053],[-2.18314,53.63949],[-2.18528,53.63822],[-2.18399,53.63713],[-2.18411,53.63494],[-2.18342,53.63459],[-2.18299,53.63317],[-2.18222,53.63216],[-2.17929,53.62997],[-2.17982,53.62843],[-2.17991,53.62725],[-2.17917,53.6264],[-2.17749,53.62688],[-2.17592,53.62602],[-2.17425,53.62553],[-2.17354,53.62616],[-2.17254,53.62594],[-2.17246,53.62523],[-2.17379,53.62481],[-2.17424,53.62363],[-2.17391,53.62077],[-2.17209,53.61886],[-2.17327,53.61747],[-2.17085,53.61719],[-2.16959,53.61621],[-2.16906,53.61589],[-2.16946,53.61563],[-2.17074,53.61509],[-2.17001,53.61476],[-2.17083,53.61428],[-2.17143,53.61351],[-2.17263,53.61275],[-2.17336,53.61183],[-2.17456,53.61155],[-2.17632,53.61168],[-2.17873,53.61127],[-2.17984,53.61071],[-2.1804,53.60832],[-2.18006,53.60689],[-2.18297,53.60603],[-2.18443,53.60684],[-2.18486,53.60791],[-2.18564,53.60883],[-2.1874,53.60921],[-2.18873,53.60952],[-2.1919,53.60878],[-2.19323,53.6087],[-2.19435,53.6084],[-2.19551,53.60809],[-2.19658,53.60761],[-2.19851,53.60715],[-2.19838,53.6058],[-2.1992,53.60535],[-2.20141,53.6058],[-2.20312,53.60552],[-2.20392,53.60458],[-2.20355,53.60324],[-2.20297,53.60244],[-2.20282,53.601],[-2.20308,53.60026],[-2.20383,53.5998],[-2.20497,53.60022],[-2.20566,53.60109],[-2.20722,53.60162],[-2.20814,53.60139],[-2.20963,53.60018],[-2.21126,53.60021],[-2.21149,53.60167],[-2.21375,53.60213],[-2.2155,53.60318],[-2.21705,53.60254],[-2.21735,53.60521],[-2.21988,53.60473],[-2.22276,53.60455],[-2.2243,53.60468],[-2.2252,53.60519],[-2.22332,53.60705],[-2.22439,53.60829],[-2.22529,53.60906],[-2.22726,53.61005],[-2.22671,53.6112],[-2.22756,53.61293],[-2.22859,53.61405],[-2.22975,53.61486],[-2.22877,53.61558],[-2.22825,53.61662],[-2.22825,53.61822],[-2.23701,53.61802],[-2.2437,53.61807],[-2.24615,53.61799],[-2.24825,53.61771],[-2.25031,53.61797],[-2.25254,53.61858],[-2.25473,53.6195],[-2.25683,53.62031],[-2.25975,53.62076],[-2.26066,53.62417],[-2.26238,53.62497],[-2.26421,53.63185],[-2.27018,53.63309]]]]}},{"type":"Feature","properties":{"id":"G020","name":"Pope St John XXIII, Rochdale & Littleborough","deaneryId":"G"},"geometry":{"type":"MultiPolygon","coordinates":[[[[-2.17085,53.61719],[-2.17327,53.61747],[-2.17209,53.61886],[-2.17391,53.62077],[-2.17424,53.62363],[-2.17379,53.62481],[-2.17246,53.62523],[-2.17254,53.62594],[-2.17354,53.62616],[-2.17425,53.62553],[-2.17592,53.62602],[-2.17749,53.62688],[-2.17917,53.6264],[-2.17991,53.62725],[-2.17982,53.62843],[-2.17929,53.62997],[-2.18222,53.63216],[-2.18299,53.63317],[-2.18342,53.63459],[-2.18411,53.63494],[-2.18399,53.63713],[-2.18528,53.63822],[-2.17588,53.63944],[-2.1741,53.63928],[-2.17398,53.63969],[-2.16097,53.64145],[-2.16069,53.64837],[-2.16385,53.65213],[-2.16396,53.65515],[-2.1551,53.66404],[-2.15347,53.66882],[-2.14829,53.67462],[-2.14814,53.68199],[-2.14638,53.6824],[-2.14206,53.67847],[-2.13945,53.6831],[-2.13738,53.68386],[-2.13437,53.68536],[-2.12839,53.68252],[-2.12729,53.67864],[-2.12539,53.67482],[-2.11798,53.67123],[-2.11274,53.67124],[-2.09739,53.67246],[-2.0929,53.67035],[-2.08614,53.67185],[-2.08389,53.67392],[-2.08442,53.67747],[-2.07818,53.67758],[-2.07247,53.67977],[-2.0655,53.68242],[-2.05726,53.68312],[-2.05326,53.68294],[-2.05052,53.68221],[-2.04861,53.67939],[-2.05479,53.67591],[-2.05404,53.67314],[-2.05446,53.67063],[-2.04922,53.6681],[-2.04733,53.66674],[-2.04219,53.66447],[-2.03728,53.66269],[-2.03377,53.65703],[-2.03848,53.6532],[-2.04091,53.65063],[-2.0399,53.64933],[-2.04158,53.64663],[-2.04144,53.6418],[-2.03619,53.63804],[-2.03223,53.63722],[-2.02983,53.63623],[-2.0277,53.63406],[-2.03053,53.62882],[-2.04775,53.6254],[-2.05942,53.62469],[-2.07298,53.62479],[-2.07573,53.62387],[-2.10611,53.63131],[-2.10809,53.63232],[-2.11058,53.63258],[-2.11272,53.63324],[-2.12242,53.62652],[-2.12723,53.62265],[-2.13255,53.61909],[-2.13736,53.61593],[-2.14285,53.6142],[-2.14512,53.6183],[-2.1462,53.61756],[-2.14697,53.61568],[-2.14774,53.61608],[-2.14856,53.61703],[-2.15117,53.61754],[-2.15371,53.61629],[-2.15499,53.61733],[-2.15813,53.61659],[-2.1607,53.61896],[-2.16229,53.61878],[-2.16332,53.61919],[-2.16444,53.6196],[-2.1665,53.6198],[-2.16611,53.61435],[-2.16795,53.61502],[-2.16946,53.61563],[-2.16906,53.61589],[-2.16959,53.61621],[-2.17085,53.61719]]]]}},{"type":"Feature","properties":{"id":"G021","name":"St Peter and St Thomas More, Middleton & Alkrington","deaneryId":"G"},"geometry":{"type":"MultiPolygon","coordinates":[[[[-2.17186,53.55594],[-2.17143,53.55137],[-2.1692,53.55153],[-2.16898,53.54992],[-2.16843,53.54783],[-2.1686,53.54622],[-2.16895,53.54546],[-2.16971,53.54395],[-2.16946,53.54291],[-2.16886,53.54087],[-2.16864,53.54006],[-2.16904,53.53656],[-2.16825,53.53434],[-2.16671,53.53322],[-2.16504,53.53235],[-2.16259,53.53097],[-2.1611,53.52919],[-2.15911,53.52725],[-2.15659,53.52541],[-2.15658,53.5249],[-2.16036,53.52722],[-2.16375,53.52794],[-2.1677,53.52789],[-2.1707,53.52758],[-2.17302,53.52745],[-2.17877,53.52771],[-2.18599,53.52907],[-2.18708,53.52938],[-2.18976,53.53014],[-2.1925,53.53107],[-2.19553,53.53179],[-2.19903,53.53204],[-2.20063,53.53216],[-2.20295,53.53245],[-2.20546,53.5332],[-2.20691,53.53434],[-2.20691,53.5351],[-2.20693,53.53578],[-2.2063,53.5362],[-2.20577,53.53644],[-2.20558,53.53674],[-2.20602,53.53722],[-2.20654,53.53765],[-2.20702,53.53809],[-2.20755,53.53846],[-2.20805,53.53849],[-2.20854,53.53843],[-2.20889,53.53884],[-2.20939,53.53944],[-2.20982,53.53972],[-2.21042,53.53996],[-2.2107,53.5404],[-2.21092,53.54075],[-2.21196,53.54138],[-2.21243,53.5416],[-2.21297,53.54206],[-2.21325,53.54216],[-2.21339,53.54199],[-2.21382,53.54199],[-2.21496,53.54229],[-2.21586,53.54219],[-2.21726,53.54227],[-2.2177,53.5424],[-2.21761,53.54307],[-2.21781,53.54345],[-2.21839,53.54362],[-2.21884,53.5439],[-2.21739,53.54382],[-2.21591,53.54395],[-2.21435,53.54384],[-2.21281,53.54403],[-2.21192,53.54398],[-2.21021,53.54434],[-2.20933,53.54437],[-2.21011,53.54589],[-2.20761,53.54633],[-2.20606,53.54719],[-2.20357,53.5476],[-2.20143,53.54722],[-2.19778,53.54809],[-2.19632,53.5486],[-2.19594,53.54908],[-2.19439,53.54918],[-2.1937,53.54974],[-2.19383,53.55025],[-2.19091,53.55061],[-2.18903,53.55102],[-2.18722,53.5525],[-2.18491,53.55331],[-2.18302,53.55346],[-2.18061,53.55377],[-2.17916,53.55341],[-2.17186,53.55594]]]]}},{"type":"Feature","properties":{"id":"G024","name":"Our Lady of the Assumption, Middleton","deaneryId":"G"},"geometry":{"type":"MultiPolygon","coordinates":[[[[-2.25224,53.5539],[-2.24825,53.55663],[-2.24439,53.56015],[-2.24233,53.56178],[-2.23675,53.56539],[-2.22978,53.56853],[-2.22138,53.571],[-2.21246,53.57375],[-2.20679,53.57635],[-2.20557,53.57701],[-2.19958,53.58023],[-2.19443,53.58206],[-2.18896,53.58321],[-2.18499,53.58365],[-2.1813,53.58405],[-2.1806,53.57987],[-2.17946,53.5761],[-2.17761,53.57121],[-2.17615,53.56789],[-2.17568,53.56672],[-2.17408,53.56446],[-2.1724,53.56094],[-2.17203,53.55984],[-2.17215,53.55846],[-2.17186,53.55594],[-2.17916,53.55341],[-2.18061,53.55377],[-2.18302,53.55346],[-2.18491,53.55331],[-2.18722,53.5525],[-2.18903,53.55102],[-2.19091,53.55061],[-2.19383,53.55025],[-2.1937,53.54974],[-2.19439,53.54918],[-2.19594,53.54908],[-2.19632,53.5486],[-2.19778,53.54809],[-2.20143,53.54722],[-2.20357,53.5476],[-2.20606,53.54719],[-2.20761,53.54633],[-2.21011,53.54589],[-2.21042,53.54649],[-2.21131,53.54721],[-2.21099,53.5477],[-2.22613,53.55077],[-2.23684,53.55519],[-2.25224,53.5539]]]]}},{"type":"Feature","properties":{"id":"G025","name":"Saint Margaret Clitherow, Rochdale","deaneryId":"G"},"geometry":{"type":"MultiPolygon","coordinates":[[[[-2.08796,53.59332],[-2.09461,53.5908],[-2.09586,53.59123],[-2.0995,53.59059],[-2.10324,53.58912],[-2.1153,53.58881],[-2.12573,53.58545],[-2.13216,53.58428],[-2.13658,53.5831],[-2.14676,53.58373],[-2.15646,53.58225],[-2.1575,53.58427],[-2.15793,53.58618],[-2.1586,53.58815],[-2.16562,53.59505],[-2.16692,53.59704],[-2.16692,53.59925],[-2.16585,53.60007],[-2.16516,53.59974],[-2.1631,53.6005],[-2.1565,53.60284],[-2.15143,53.6043],[-2.14993,53.60325],[-2.14195,53.60511],[-2.1389,53.60503],[-2.13624,53.6072],[-2.13783,53.60794],[-2.13821,53.60934],[-2.13937,53.61059],[-2.14122,53.61018],[-2.14203,53.6112],[-2.14259,53.61229],[-2.14285,53.6142],[-2.13736,53.61593],[-2.13255,53.61909],[-2.12723,53.62265],[-2.12242,53.62652],[-2.11332,53.63339],[-2.11058,53.63258],[-2.10809,53.63232],[-2.10611,53.63131],[-2.07573,53.62387],[-2.07298,53.62479],[-2.05942,53.62469],[-2.04775,53.6254],[-2.03053,53.62882],[-2.02987,53.62732],[-2.02818,53.6262],[-2.02692,53.62431],[-2.02702,53.62008],[-2.0235,53.61629],[-2.01343,53.61532],[-2.00933,53.61644],[-2.00806,53.61356],[-2.02982,53.60666],[-2.03261,53.60286],[-2.0357,53.6032],[-2.04155,53.60079],[-2.05068,53.59977],[-2.05676,53.5974],[-2.05502,53.59282],[-2.05353,53.59064],[-2.04999,53.59],[-2.0529,53.58516],[-2.05679,53.58118],[-2.06055,53.58051],[-2.06074,53.57886],[-2.06113,53.57766],[-2.0595,53.57707],[-2.05904,53.57614],[-2.05835,53.57392],[-2.05779,53.5734],[-2.06384,53.57719],[-2.06818,53.5842],[-2.06933,53.58547],[-2.07195,53.58563],[-2.07354,53.58517],[-2.07491,53.58524],[-2.08182,53.58787],[-2.0859,53.5894],[-2.08783,53.58986],[-2.08796,53.59332]]]]}},{"type":"Feature","properties":{"id":"H001","name":"English Martyrs, Whalley","deaneryId":"H"},"geometry":{"type":"MultiPolygon","coordinates":[[[[-2.44317,53.82938],[-2.44145,53.83136],[-2.44111,53.83328],[-2.44248,53.83577],[-2.44191,53.83896],[-2.44028,53.83931],[-2.43748,53.83993],[-2.43563,53.83983],[-2.43435,53.84065],[-2.43419,53.8418],[-2.43396,53.84336],[-2.43253,53.84448],[-2.42708,53.84473],[-2.42647,53.84553],[-2.42494,53.84755],[-2.42329,53.84972],[-2.39089,53.84641],[-2.35594,53.84181],[-2.35179,53.83869],[-2.36232,53.83527],[-2.37026,53.82987],[-2.37749,53.82538],[-2.38023,53.82305],[-2.37812,53.82201],[-2.37743,53.82137],[-2.37652,53.82055],[-2.37566,53.81966],[-2.37521,53.81885],[-2.37461,53.81791],[-2.37473,53.81728],[-2.37448,53.8165],[-2.3742,53.81584],[-2.37497,53.8159],[-2.37573,53.81536],[-2.37587,53.81411],[-2.37654,53.81408],[-2.37699,53.81408],[-2.3782,53.81342],[-2.37802,53.8117],[-2.38016,53.81076],[-2.38206,53.81008],[-2.38283,53.80861],[-2.38541,53.8083],[-2.38661,53.80734],[-2.38669,53.80633],[-2.38618,53.80577],[-2.38695,53.80466],[-2.38669,53.80359],[-2.38584,53.80243],[-2.38789,53.80233],[-2.39051,53.80235],[-2.39133,53.80286],[-2.39339,53.80329],[-2.39747,53.80311],[-2.39901,53.80372],[-2.39862,53.80471],[-2.39824,53.80516],[-2.41035,53.8107],[-2.42778,53.81449],[-2.4268,53.82238],[-2.42652,53.82533],[-2.42733,53.82676],[-2.42883,53.82685],[-2.4313,53.8253],[-2.43323,53.82479],[-2.4345,53.82533],[-2.43459,53.82857],[-2.43399,53.83045],[-2.43618,53.83243],[-2.43708,53.83374],[-2.43871,53.83298],[-2.43905,53.8306],[-2.44102,53.82913],[-2.44317,53.82938]]]]}},{"type":"Feature","properties":{"id":"H002","name":"Holy Family, Blackburn","deaneryId":"H"},"geometry":{"type":"MultiPolygon","coordinates":[[[[-2.44501,53.71335],[-2.44592,53.7144],[-2.44699,53.7137],[-2.44836,53.71424],[-2.44965,53.71368],[-2.44995,53.71416],[-2.45051,53.71446],[-2.45128,53.71413],[-2.4521,53.71436],[-2.4533,53.71418],[-2.45377,53.71472],[-2.4548,53.71482],[-2.45519,53.71523],[-2.4548,53.71553],[-2.45665,53.71625],[-2.45758,53.71645],[-2.45793,53.71825],[-2.45849,53.71904],[-2.46111,53.72277],[-2.46182,53.72386],[-2.4687,53.73287],[-2.47088,53.73484],[-2.47199,53.73562],[-2.47426,53.73658],[-2.47742,53.73508],[-2.48242,53.73424],[-2.48345,53.73528],[-2.48757,53.73434],[-2.48953,53.73484],[-2.48964,53.73638],[-2.48716,53.73869],[-2.48504,53.74037],[-2.48354,53.74136],[-2.48501,53.74211],[-2.48158,53.74435],[-2.47952,53.746],[-2.47851,53.74663],[-2.47631,53.74799],[-2.47641,53.74719],[-2.47571,53.74705],[-2.4748,53.74838],[-2.47373,53.74876],[-2.47227,53.74902],[-2.47064,53.74962],[-2.46835,53.7498],[-2.46729,53.74988],[-2.46686,53.7503],[-2.46686,53.75079],[-2.46639,53.75158],[-2.46561,53.75221],[-2.46429,53.75263],[-2.46368,53.75318],[-2.46255,53.75383],[-2.46196,53.7539],[-2.46284,53.75499],[-2.45237,53.75907],[-2.44766,53.76084],[-2.44364,53.75886],[-2.44359,53.75825],[-2.44536,53.75658],[-2.4439,53.75612],[-2.4416,53.75628],[-2.44091,53.75529],[-2.44102,53.75469],[-2.43585,53.75416],[-2.43213,53.75244],[-2.42987,53.75006],[-2.42875,53.74765],[-2.42867,53.74526],[-2.42978,53.74237],[-2.43188,53.73957],[-2.43275,53.73892],[-2.43463,53.73749],[-2.43666,53.73574],[-2.43897,53.73261],[-2.4363,53.73011],[-2.43352,53.72765],[-2.43267,53.72228],[-2.43226,53.72023],[-2.43274,53.7196],[-2.42631,53.71511],[-2.43175,53.71451],[-2.44501,53.71335]]]]}},{"type":"Feature","properties":{"id":"H004","name":"Our Lady and St Gerard Majella, Lostock Hall","deaneryId":"H"},"geometry":{"type":"MultiPolygon","coordinates":[[[[-2.70214,53.73252],[-2.70308,53.7347],[-2.70361,53.73646],[-2.70184,53.74088],[-2.70133,53.74087],[-2.69751,53.74116],[-2.69574,53.74003],[-2.69295,53.73877],[-2.68134,53.73601],[-2.68157,53.73539],[-2.68133,53.73458],[-2.68144,53.73389],[-2.68093,53.73279],[-2.68069,53.73142],[-2.68044,53.7297],[-2.68063,53.72926],[-2.68182,53.72772],[-2.68198,53.7247],[-2.6795,53.72257],[-2.6797,53.72163],[-2.68092,53.7217],[-2.68259,53.72098],[-2.6843,53.72098],[-2.68519,53.72085],[-2.68565,53.72056],[-2.68622,53.72051],[-2.68646,53.72016],[-2.68816,53.71999],[-2.68991,53.71909],[-2.6918,53.71931],[-2.69519,53.71879],[-2.69766,53.71875],[-2.69867,53.71793],[-2.69964,53.71854],[-2.70128,53.71967],[-2.703,53.72021],[-2.70616,53.72092],[-2.70879,53.72221],[-2.70889,53.72294],[-2.72253,53.7169],[-2.72794,53.72308],[-2.7135,53.73085],[-2.70852,53.73126],[-2.70633,53.73182],[-2.70214,53.73252]]]]}},{"type":"Feature","properties":{"id":"H005","name":"Our Lady and St Patrick, Walton-le-Dale","deaneryId":"H"},"geometry":{"type":"MultiPolygon","coordinates":[[[[-2.63617,53.76569],[-2.63363,53.76201],[-2.63034,53.75433],[-2.63138,53.75367],[-2.63137,53.75363],[-2.63113,53.75195],[-2.63111,53.75181],[-2.63037,53.75105],[-2.629,53.74905],[-2.62777,53.75056],[-2.61285,53.74433],[-2.60934,53.74347],[-2.60711,53.7429],[-2.60507,53.74236],[-2.6024,53.74198],[-2.5991,53.74071],[-2.59983,53.73957],[-2.60357,53.73816],[-2.60358,53.73632],[-2.60415,53.73561],[-2.60715,53.73655],[-2.60945,53.73665],[-2.61042,53.73638],[-2.61189,53.7354],[-2.61638,53.73242],[-2.61979,53.73164],[-2.62128,53.72982],[-2.62431,53.72851],[-2.62336,53.72736],[-2.62385,53.72573],[-2.62311,53.7238],[-2.625,53.72306],[-2.62975,53.7184],[-2.6304,53.72158],[-2.63261,53.72501],[-2.63846,53.72881],[-2.64462,53.73229],[-2.64868,53.73528],[-2.65051,53.73897],[-2.65699,53.73711],[-2.65783,53.73889],[-2.65888,53.73865],[-2.67557,53.73668],[-2.68134,53.73601],[-2.69295,53.73877],[-2.69574,53.74003],[-2.69751,53.74116],[-2.70133,53.74087],[-2.699,53.74175],[-2.69864,53.7438],[-2.70188,53.74649],[-2.69863,53.74772],[-2.69902,53.74982],[-2.70321,53.74939],[-2.70361,53.75021],[-2.70195,53.75144],[-2.69659,53.75198],[-2.68989,53.74898],[-2.68649,53.74908],[-2.68377,53.75003],[-2.6809,53.75228],[-2.67754,53.75269],[-2.67335,53.7497],[-2.6683,53.74841],[-2.66281,53.74983],[-2.65921,53.75338],[-2.65972,53.75622],[-2.65783,53.75977],[-2.65474,53.76119],[-2.64942,53.76038],[-2.64462,53.75998],[-2.64427,53.76251],[-2.64256,53.76576],[-2.63617,53.76569]]]]}},{"type":"Feature","properties":{"id":"H006","name":"Our Lady of Perpetual Succour, Blackburn","deaneryId":"H"},"geometry":{"type":"MultiPolygon","coordinates":[[[[-2.47604,53.72135],[-2.47596,53.72247],[-2.47684,53.72291],[-2.47821,53.72283],[-2.47897,53.7224],[-2.48028,53.72291],[-2.48129,53.72367],[-2.48231,53.72371],[-2.48516,53.72402],[-2.485,53.72548],[-2.48567,53.726],[-2.4862,53.72592],[-2.48767,53.7266],[-2.48748,53.72833],[-2.4887,53.72996],[-2.48859,53.73072],[-2.49151,53.7316],[-2.4916,53.73185],[-2.49115,53.73234],[-2.49033,53.73346],[-2.48964,53.73638],[-2.48953,53.73484],[-2.48757,53.73434],[-2.48345,53.73528],[-2.48242,53.73424],[-2.47742,53.73508],[-2.47426,53.73658],[-2.47199,53.73562],[-2.47088,53.73484],[-2.4687,53.73287],[-2.46182,53.72386],[-2.46482,53.72354],[-2.46703,53.72316],[-2.46804,53.72295],[-2.46999,53.72308],[-2.4709,53.72298],[-2.47144,53.72265],[-2.47247,53.72212],[-2.47377,53.72171],[-2.47525,53.72154],[-2.47604,53.72135]]]]}},{"type":"Feature","properties":{"id":"H010","name":"St Mary and St John Southworth, Samlesbury","deaneryId":"H"},"geometry":{"type":"MultiPolygon","coordinates":[[[[-2.6344,53.76586],[-2.62657,53.76785],[-2.62281,53.77002],[-2.62142,53.7721],[-2.62159,53.77325],[-2.62462,53.77581],[-2.62883,53.77774],[-2.63306,53.77919],[-2.63523,53.78064],[-2.63423,53.78219],[-2.63169,53.78287],[-2.62814,53.78245],[-2.62367,53.78117],[-2.6202,53.77973],[-2.61297,53.77873],[-2.60748,53.77874],[-2.60381,53.77961],[-2.60011,53.78107],[-2.59949,53.78146],[-2.59509,53.78063],[-2.59287,53.77904],[-2.58894,53.78102],[-2.5853,53.7827],[-2.58257,53.77985],[-2.58088,53.77557],[-2.57865,53.7753],[-2.57674,53.7749],[-2.56346,53.7722],[-2.56174,53.77107],[-2.56094,53.76999],[-2.56091,53.76912],[-2.56427,53.762],[-2.56412,53.76069],[-2.56446,53.75788],[-2.56298,53.75713],[-2.56127,53.75679],[-2.56041,53.7562],[-2.55878,53.75669],[-2.55735,53.75727],[-2.55348,53.7577],[-2.55198,53.75736],[-2.55141,53.75654],[-2.55198,53.75414],[-2.55276,53.75157],[-2.55399,53.74969],[-2.5552,53.74955],[-2.55814,53.74907],[-2.55899,53.74761],[-2.56041,53.74729],[-2.5616,53.74689],[-2.56398,53.74888],[-2.56725,53.7496],[-2.57061,53.7502],[-2.57318,53.7514],[-2.57702,53.75118],[-2.57863,53.74986],[-2.57943,53.74803],[-2.5826,53.74625],[-2.58658,53.7429],[-2.59336,53.74198],[-2.59536,53.74168],[-2.59736,53.7412],[-2.5991,53.74071],[-2.5991,53.74071],[-2.6024,53.74198],[-2.60507,53.74236],[-2.60934,53.74347],[-2.61285,53.74433],[-2.61572,53.74553],[-2.6189,53.74686],[-2.62063,53.74758],[-2.62224,53.74825],[-2.62777,53.75056],[-2.629,53.74905],[-2.6298,53.75021],[-2.63037,53.75105],[-2.63111,53.75181],[-2.63113,53.75195],[-2.63117,53.75225],[-2.63138,53.75367],[-2.63034,53.75433],[-2.63363,53.76201],[-2.63617,53.76569],[-2.6344,53.76586]]]]}},{"type":"Feature","properties":{"id":"H011","name":"Ss Peter and Paul, Ribchester","deaneryId":"H"},"geometry":{"type":"MultiPolygon","coordinates":[[[[-2.57499,53.83019],[-2.57629,53.83063],[-2.57567,53.83191],[-2.56849,53.83413],[-2.56554,53.83502],[-2.55668,53.83696],[-2.55321,53.83764],[-2.55054,53.83792],[-2.54734,53.83871],[-2.54392,53.83864],[-2.53458,53.83825],[-2.53166,53.83769],[-2.52954,53.83613],[-2.52789,53.83484],[-2.5238,53.83523],[-2.5214,53.83519],[-2.51894,53.83545],[-2.5168,53.83459],[-2.51454,53.83317],[-2.51099,53.83311],[-2.50955,53.83348],[-2.5085,53.83264],[-2.5084,53.83145],[-2.49487,53.82814],[-2.49208,53.82662],[-2.48854,53.82591],[-2.48683,53.82485],[-2.48577,53.82423],[-2.48397,53.82348],[-2.49762,53.81594],[-2.51013,53.80302],[-2.51024,53.8012],[-2.51149,53.80167],[-2.51296,53.8025],[-2.51412,53.80377],[-2.52126,53.80964],[-2.52512,53.81154],[-2.52976,53.81169],[-2.53158,53.81029],[-2.53246,53.80864],[-2.5295,53.8065],[-2.52838,53.80527],[-2.52935,53.80466],[-2.53153,53.80432],[-2.53318,53.80411],[-2.5347,53.80424],[-2.53783,53.80505],[-2.5405,53.80534],[-2.54373,53.8056],[-2.54607,53.80605],[-2.54685,53.80663],[-2.54695,53.80753],[-2.54851,53.80897],[-2.55036,53.80899],[-2.55257,53.81067],[-2.55592,53.8111],[-2.55836,53.81242],[-2.55927,53.81361],[-2.56052,53.81261],[-2.56213,53.81323],[-2.56285,53.81337],[-2.56337,53.81396],[-2.56402,53.8141],[-2.5645,53.81528],[-2.56348,53.81692],[-2.56374,53.81801],[-2.56633,53.8198],[-2.5661,53.82073],[-2.56778,53.82121],[-2.56725,53.82207],[-2.56935,53.82339],[-2.57061,53.82517],[-2.57281,53.82649],[-2.57375,53.8276],[-2.5736,53.82907],[-2.57499,53.83019]]]]}},{"type":"Feature","properties":{"id":"H016","name":"St Mary, Bamber Bridge","deaneryId":"H"},"geometry":{"type":"MultiPolygon","coordinates":[[[[-2.65771,53.71744],[-2.65841,53.71826],[-2.65967,53.71869],[-2.66092,53.71929],[-2.66122,53.71981],[-2.66111,53.7203],[-2.66233,53.72069],[-2.66308,53.72051],[-2.6632,53.72205],[-2.66596,53.72211],[-2.66574,53.72326],[-2.667,53.72345],[-2.66644,53.72456],[-2.66776,53.72497],[-2.66994,53.72522],[-2.67205,53.72514],[-2.67295,53.72666],[-2.67698,53.72557],[-2.67733,53.72482],[-2.67547,53.724],[-2.67528,53.72327],[-2.67891,53.72159],[-2.6797,53.72163],[-2.6795,53.72257],[-2.68198,53.7247],[-2.68182,53.72772],[-2.68063,53.72926],[-2.68044,53.7297],[-2.68069,53.73142],[-2.68093,53.73279],[-2.68144,53.73389],[-2.68133,53.73458],[-2.68157,53.73539],[-2.68134,53.73601],[-2.67557,53.73668],[-2.65888,53.73865],[-2.65783,53.73889],[-2.65699,53.73711],[-2.65051,53.73897],[-2.64868,53.73528],[-2.64462,53.73229],[-2.63846,53.72881],[-2.63261,53.72501],[-2.6304,53.72158],[-2.62975,53.7184],[-2.63121,53.71017],[-2.63296,53.70947],[-2.63785,53.71004],[-2.64044,53.71239],[-2.64451,53.71366],[-2.64533,53.71381],[-2.64891,53.71304],[-2.65044,53.71218],[-2.65203,53.71194],[-2.65444,53.7126],[-2.65549,53.71241],[-2.6563,53.71296],[-2.65527,53.71399],[-2.65553,53.71472],[-2.6561,53.71567],[-2.65721,53.71637],[-2.65539,53.71737],[-2.65771,53.71744]]]]}},{"type":"Feature","properties":{"id":"H017","name":"St Mary, Chipping","deaneryId":"H"},"geometry":{"type":"MultiPolygon","coordinates":[[[[-2.62377,53.86705],[-2.62481,53.8682],[-2.62513,53.86897],[-2.62451,53.87082],[-2.62609,53.87361],[-2.62704,53.87458],[-2.62596,53.87549],[-2.62548,53.87568],[-2.62449,53.87556],[-2.6245,53.87607],[-2.62557,53.87702],[-2.6249,53.87763],[-2.62478,53.8788],[-2.625,53.87951],[-2.62409,53.88027],[-2.62468,53.88093],[-2.62881,53.88243],[-2.63148,53.88286],[-2.63462,53.88228],[-2.63595,53.8842],[-2.63502,53.88572],[-2.63466,53.88743],[-2.63346,53.88887],[-2.63553,53.89188],[-2.63984,53.89178],[-2.64276,53.89271],[-2.64418,53.89364],[-2.6445,53.89475],[-2.64369,53.89508],[-2.64255,53.89468],[-2.64164,53.89515],[-2.6377,53.89497],[-2.63259,53.89384],[-2.63144,53.89373],[-2.6291,53.89386],[-2.62769,53.89423],[-2.62282,53.89483],[-2.62045,53.89834],[-2.61655,53.89979],[-2.61393,53.90356],[-2.61245,53.90892],[-2.61097,53.9122],[-2.61487,53.91466],[-2.61747,53.91707],[-2.61584,53.91821],[-2.61545,53.91943],[-2.61427,53.91953],[-2.61383,53.92053],[-2.61286,53.92023],[-2.61236,53.9205],[-2.61026,53.92028],[-2.60857,53.91946],[-2.60579,53.91999],[-2.60218,53.92001],[-2.59938,53.92049],[-2.59753,53.91972],[-2.59466,53.9201],[-2.59251,53.92136],[-2.59017,53.92044],[-2.58819,53.92163],[-2.58531,53.92223],[-2.58195,53.92423],[-2.579,53.9234],[-2.57765,53.92344],[-2.57555,53.92265],[-2.57494,53.92176],[-2.5649,53.92558],[-2.56215,53.92549],[-2.55923,53.92488],[-2.55699,53.92584],[-2.55493,53.926],[-2.55289,53.92547],[-2.55048,53.92743],[-2.54584,53.93075],[-2.54122,53.93214],[-2.5369,53.93279],[-2.52631,53.92964],[-2.52346,53.92611],[-2.52323,53.92337],[-2.52437,53.92222],[-2.52384,53.91971],[-2.52023,53.9183],[-2.52001,53.91682],[-2.52238,53.91676],[-2.52334,53.91583],[-2.52426,53.91449],[-2.52888,53.91339],[-2.52955,53.90872],[-2.52997,53.90316],[-2.52675,53.90182],[-2.52712,53.89947],[-2.53053,53.89848],[-2.53215,53.89662],[-2.53098,53.89455],[-2.53254,53.89206],[-2.53397,53.89135],[-2.53299,53.88927],[-2.53439,53.8886],[-2.54116,53.88765],[-2.542,53.8869],[-2.54082,53.88581],[-2.53834,53.8859],[-2.53748,53.88542],[-2.53776,53.88461],[-2.53703,53.88323],[-2.53507,53.8832],[-2.53161,53.88239],[-2.52952,53.88181],[-2.52763,53.88286],[-2.523,53.88465],[-2.52134,53.88221],[-2.5166,53.88279],[-2.51688,53.88439],[-2.51495,53.88457],[-2.51236,53.88365],[-2.51237,53.88495],[-2.50771,53.88422],[-2.50345,53.88442],[-2.50024,53.88426],[-2.49885,53.88377],[-2.49878,53.88352],[-2.49507,53.8819],[-2.49219,53.88115],[-2.49207,53.88341],[-2.48879,53.88327],[-2.48762,53.88251],[-2.48808,53.87941],[-2.4901,53.87927],[-2.49357,53.87955],[-2.49837,53.87781],[-2.50219,53.87694],[-2.50676,53.87471],[-2.50726,53.87226],[-2.50459,53.87171],[-2.50453,53.86526],[-2.52687,53.86222],[-2.52853,53.86204],[-2.54132,53.85539],[-2.54672,53.85632],[-2.55001,53.85658],[-2.54925,53.85808],[-2.54789,53.85912],[-2.54689,53.8601],[-2.54557,53.8614],[-2.54953,53.86475],[-2.55333,53.86409],[-2.55775,53.86414],[-2.55958,53.86441],[-2.56079,53.86485],[-2.56361,53.86476],[-2.56513,53.86423],[-2.5663,53.86414],[-2.56796,53.86441],[-2.57325,53.86413],[-2.57604,53.86578],[-2.57881,53.86612],[-2.58561,53.86719],[-2.58816,53.86757],[-2.58872,53.86765],[-2.5926,53.86802],[-2.59505,53.86832],[-2.59723,53.86878],[-2.59818,53.86898],[-2.6011,53.86931],[-2.60228,53.86893],[-2.60443,53.86826],[-2.60694,53.86781],[-2.6104,53.86759],[-2.61864,53.86491],[-2.62077,53.86354],[-2.62633,53.86527],[-2.62649,53.86601],[-2.62533,53.86654],[-2.62377,53.86705]]]]}},{"type":"Feature","properties":{"id":"H018","name":"St Mary, Langho","deaneryId":"H"},"geometry":{"type":"MultiPolygon","coordinates":[[[[-2.51024,53.8012],[-2.51013,53.80302],[-2.49762,53.81594],[-2.48397,53.82348],[-2.48296,53.82385],[-2.47879,53.82455],[-2.47561,53.82518],[-2.47553,53.82715],[-2.4763,53.82872],[-2.4763,53.8304],[-2.47355,53.83116],[-2.46883,53.83075],[-2.46463,53.83065],[-2.46265,53.83192],[-2.46061,53.83451],[-2.45656,53.83511],[-2.45369,53.83295],[-2.45137,53.83098],[-2.44712,53.82898],[-2.44317,53.82938],[-2.44102,53.82913],[-2.43905,53.8306],[-2.43871,53.83298],[-2.43708,53.83374],[-2.43618,53.83243],[-2.43399,53.83045],[-2.43459,53.82857],[-2.4345,53.82533],[-2.43323,53.82479],[-2.4313,53.8253],[-2.42883,53.82685],[-2.42733,53.82676],[-2.42652,53.82533],[-2.4268,53.82238],[-2.42778,53.81449],[-2.41035,53.8107],[-2.42495,53.80219],[-2.43992,53.79529],[-2.44379,53.79149],[-2.4474,53.78989],[-2.45003,53.7885],[-2.4534,53.78678],[-2.45589,53.78563],[-2.45837,53.78511],[-2.46091,53.78393],[-2.46361,53.78493],[-2.46632,53.78556],[-2.46826,53.78596],[-2.4708,53.78598],[-2.47276,53.78651],[-2.47539,53.78674],[-2.47592,53.78712],[-2.47929,53.78831],[-2.48009,53.78914],[-2.4818,53.79001],[-2.48399,53.79039],[-2.48668,53.79091],[-2.49176,53.79151],[-2.49531,53.79259],[-2.49722,53.7936],[-2.49797,53.79457],[-2.50064,53.79573],[-2.50164,53.79643],[-2.50185,53.79788],[-2.50223,53.79848],[-2.50382,53.79868],[-2.50583,53.79855],[-2.50758,53.79817],[-2.50807,53.79844],[-2.51024,53.8012]]]]}},{"type":"Feature","properties":{"id":"H019","name":"St Mary, Osbaldeston","deaneryId":"H"},"geometry":{"type":"MultiPolygon","coordinates":[[[[-2.59949,53.78146],[-2.59878,53.7821],[-2.60022,53.78405],[-2.60182,53.78777],[-2.60107,53.79094],[-2.59955,53.79274],[-2.59765,53.79516],[-2.5955,53.79619],[-2.59166,53.79634],[-2.58814,53.79502],[-2.58659,53.79234],[-2.58316,53.79011],[-2.58026,53.78924],[-2.57612,53.7895],[-2.57458,53.79011],[-2.57415,53.79173],[-2.57621,53.79401],[-2.57741,53.7971],[-2.57801,53.79923],[-2.57878,53.8007],[-2.57638,53.80161],[-2.57355,53.80167],[-2.57071,53.79949],[-2.56702,53.79822],[-2.56359,53.79872],[-2.56136,53.80141],[-2.55964,53.80557],[-2.55861,53.80724],[-2.55509,53.80846],[-2.55026,53.80752],[-2.54685,53.80663],[-2.54607,53.80605],[-2.54373,53.8056],[-2.5405,53.80534],[-2.53783,53.80505],[-2.5347,53.80424],[-2.53318,53.80411],[-2.53153,53.80432],[-2.52935,53.80466],[-2.52838,53.80527],[-2.5295,53.8065],[-2.53246,53.80864],[-2.53158,53.81029],[-2.52976,53.81169],[-2.52512,53.81154],[-2.52126,53.80964],[-2.51412,53.80377],[-2.51296,53.8025],[-2.51149,53.80167],[-2.51024,53.8012],[-2.50807,53.79844],[-2.50758,53.79817],[-2.50583,53.79855],[-2.50382,53.79868],[-2.50223,53.79848],[-2.50185,53.79788],[-2.50164,53.79643],[-2.50064,53.79573],[-2.49797,53.79457],[-2.49722,53.7936],[-2.49531,53.79259],[-2.49176,53.79151],[-2.4926,53.78941],[-2.49674,53.78934],[-2.49977,53.78929],[-2.50309,53.78964],[-2.50431,53.78871],[-2.50484,53.78532],[-2.50469,53.78317],[-2.50555,53.78222],[-2.50892,53.77991],[-2.51019,53.77878],[-2.51091,53.77813],[-2.5092,53.77763],[-2.50441,53.77464],[-2.50285,53.77274],[-2.50156,53.77117],[-2.50015,53.76995],[-2.49897,53.76857],[-2.50026,53.76869],[-2.50215,53.76892],[-2.50469,53.76968],[-2.5086,53.76943],[-2.5097,53.7691],[-2.51009,53.76831],[-2.51126,53.76672],[-2.51278,53.76651],[-2.5147,53.76626],[-2.51544,53.76548],[-2.5156,53.7647],[-2.51682,53.76422],[-2.5186,53.76395],[-2.51933,53.76338],[-2.51981,53.76234],[-2.52077,53.76219],[-2.52151,53.76146],[-2.52238,53.76118],[-2.52362,53.76028],[-2.52421,53.76043],[-2.52569,53.75966],[-2.52723,53.7597],[-2.52831,53.75955],[-2.52897,53.75983],[-2.53171,53.75954],[-2.53235,53.75867],[-2.5332,53.75889],[-2.5345,53.7588],[-2.53491,53.7591],[-2.53634,53.75907],[-2.53657,53.75955],[-2.53972,53.7599],[-2.54299,53.75947],[-2.54701,53.75884],[-2.54919,53.75804],[-2.55141,53.75654],[-2.55198,53.75736],[-2.55348,53.7577],[-2.55735,53.75727],[-2.55878,53.75669],[-2.56041,53.7562],[-2.56127,53.75679],[-2.56298,53.75713],[-2.56446,53.75788],[-2.56412,53.76069],[-2.56427,53.762],[-2.56091,53.76912],[-2.56094,53.76999],[-2.56174,53.77107],[-2.56346,53.7722],[-2.57674,53.7749],[-2.57865,53.7753],[-2.58088,53.77557],[-2.58257,53.77985],[-2.5853,53.7827],[-2.58894,53.78102],[-2.59287,53.77904],[-2.59509,53.78063],[-2.59949,53.78146]]]]}},{"type":"Feature","properties":{"id":"H022","name":"St Peter and St Joseph, Stonyhurst","deaneryId":"H"},"geometry":{"type":"MultiPolygon","coordinates":[[[[-2.44317,53.82938],[-2.44712,53.82898],[-2.45137,53.83098],[-2.45369,53.83295],[-2.45656,53.83511],[-2.46061,53.83451],[-2.46265,53.83192],[-2.46463,53.83065],[-2.46883,53.83075],[-2.47355,53.83116],[-2.4763,53.8304],[-2.4763,53.82872],[-2.47553,53.82715],[-2.47561,53.82518],[-2.47879,53.82455],[-2.48296,53.82385],[-2.48397,53.82348],[-2.48577,53.82423],[-2.48683,53.82485],[-2.48854,53.82591],[-2.49208,53.82662],[-2.49487,53.82814],[-2.5084,53.83145],[-2.5085,53.83264],[-2.50955,53.83348],[-2.51099,53.83311],[-2.51454,53.83317],[-2.5168,53.83459],[-2.51894,53.83545],[-2.5214,53.83519],[-2.52258,53.83678],[-2.52158,53.8422],[-2.52377,53.85238],[-2.52687,53.86222],[-2.50453,53.86526],[-2.50459,53.87171],[-2.50726,53.87226],[-2.50676,53.87471],[-2.50219,53.87694],[-2.49837,53.87781],[-2.49357,53.87955],[-2.4901,53.87927],[-2.48808,53.87941],[-2.48797,53.87804],[-2.48591,53.87804],[-2.48403,53.87905],[-2.48214,53.87991],[-2.47922,53.87935],[-2.47773,53.87789],[-2.47639,53.87657],[-2.47313,53.87616],[-2.46926,53.87475],[-2.46978,53.87323],[-2.46952,53.87166],[-2.46458,53.87014],[-2.46083,53.86857],[-2.45984,53.86695],[-2.46111,53.86569],[-2.46225,53.86402],[-2.46077,53.86323],[-2.45603,53.86146],[-2.4555,53.86016],[-2.45965,53.85779],[-2.46031,53.85615],[-2.45175,53.85496],[-2.44652,53.85465],[-2.44675,53.85202],[-2.44823,53.85065],[-2.45094,53.84818],[-2.45202,53.84654],[-2.45089,53.84557],[-2.44832,53.84539],[-2.44321,53.84523],[-2.443,53.84427],[-2.44174,53.84122],[-2.44191,53.83896],[-2.44248,53.83577],[-2.44111,53.83328],[-2.44145,53.83136],[-2.44317,53.82938]]]]}},{"type":"Feature","properties":{"id":"H025","name":"St Wilfrid, Longridge","deaneryId":"H"},"geometry":{"type":"MultiPolygon","coordinates":[[[[-2.57797,53.83064],[-2.57909,53.83009],[-2.58161,53.82957],[-2.58374,53.83068],[-2.58581,53.82965],[-2.58772,53.8294],[-2.59117,53.82922],[-2.59408,53.82934],[-2.5977,53.82978],[-2.60208,53.82992],[-2.60601,53.83045],[-2.60689,53.8307],[-2.60986,53.83113],[-2.60982,53.83167],[-2.61117,53.83292],[-2.60919,53.83473],[-2.60983,53.83581],[-2.60982,53.83816],[-2.61022,53.84055],[-2.6137,53.8422],[-2.61663,53.84403],[-2.62014,53.84545],[-2.62249,53.84706],[-2.62078,53.84905],[-2.61815,53.84955],[-2.61742,53.85049],[-2.61593,53.85087],[-2.61408,53.85142],[-2.61427,53.85202],[-2.61533,53.8521],[-2.61601,53.85224],[-2.61674,53.85313],[-2.61899,53.85486],[-2.61867,53.85616],[-2.61991,53.85698],[-2.62224,53.85687],[-2.62366,53.85796],[-2.62615,53.85788],[-2.62801,53.8586],[-2.62808,53.85893],[-2.62887,53.85918],[-2.62843,53.85951],[-2.62868,53.86038],[-2.62857,53.86158],[-2.6292,53.86249],[-2.62687,53.86424],[-2.62627,53.86499],[-2.62633,53.86527],[-2.62633,53.86527],[-2.62077,53.86354],[-2.61864,53.86491],[-2.6104,53.86759],[-2.60706,53.86781],[-2.60694,53.86781],[-2.60443,53.86826],[-2.60228,53.86893],[-2.6011,53.86931],[-2.59818,53.86898],[-2.59723,53.86878],[-2.59505,53.86832],[-2.59271,53.86803],[-2.5926,53.86802],[-2.58872,53.86765],[-2.58816,53.86757],[-2.58561,53.86719],[-2.57881,53.86612],[-2.57604,53.86578],[-2.57325,53.86413],[-2.56796,53.86441],[-2.5663,53.86414],[-2.56513,53.86423],[-2.56361,53.86476],[-2.56079,53.86485],[-2.55958,53.86441],[-2.55775,53.86414],[-2.55333,53.86409],[-2.54953,53.86475],[-2.54557,53.8614],[-2.54789,53.85912],[-2.54925,53.85808],[-2.55001,53.85658],[-2.54672,53.85632],[-2.54132,53.85539],[-2.52853,53.86204],[-2.52687,53.86222],[-2.52377,53.85238],[-2.52158,53.8422],[-2.52258,53.83678],[-2.5214,53.83519],[-2.5238,53.83523],[-2.52789,53.83484],[-2.52954,53.83613],[-2.53166,53.83769],[-2.53458,53.83825],[-2.54392,53.83864],[-2.54734,53.83871],[-2.55054,53.83792],[-2.55321,53.83764],[-2.55668,53.83696],[-2.56554,53.83502],[-2.56849,53.83413],[-2.57567,53.83191],[-2.57629,53.83063],[-2.57797,53.83064]]]]}},{"type":"Feature","properties":{"id":"H035","name":"Sacred Heart, Darwen","deaneryId":"H"},"geometry":{"type":"MultiPolygon","coordinates":[[[[-2.51841,53.67658],[-2.5184,53.67736],[-2.5184,53.67808],[-2.51806,53.67885],[-2.51789,53.6801],[-2.51824,53.6831],[-2.51712,53.68464],[-2.5178,53.68541],[-2.51697,53.68833],[-2.51582,53.69065],[-2.51633,53.69263],[-2.5194,53.69379],[-2.52219,53.69513],[-2.52549,53.69494],[-2.52718,53.6952],[-2.52932,53.69576],[-2.53193,53.69647],[-2.53656,53.70006],[-2.53803,53.70131],[-2.53909,53.70183],[-2.54205,53.70513],[-2.54252,53.70702],[-2.54145,53.70795],[-2.54202,53.70889],[-2.54309,53.70966],[-2.54243,53.71057],[-2.54126,53.71102],[-2.54043,53.7126],[-2.53911,53.71312],[-2.53943,53.7145],[-2.53864,53.71458],[-2.52753,53.71301],[-2.52464,53.71273],[-2.51956,53.71281],[-2.51213,53.71306],[-2.50332,53.71365],[-2.4934,53.71494],[-2.48384,53.71639],[-2.48395,53.71682],[-2.48203,53.71769],[-2.48061,53.71887],[-2.47888,53.72003],[-2.47844,53.72076],[-2.47666,53.72111],[-2.47649,53.72137],[-2.47604,53.72135],[-2.47525,53.72154],[-2.47377,53.72171],[-2.47247,53.72212],[-2.47144,53.72265],[-2.4709,53.72298],[-2.46999,53.72308],[-2.46804,53.72295],[-2.46703,53.72316],[-2.46482,53.72354],[-2.46182,53.72386],[-2.46111,53.72277],[-2.45957,53.72058],[-2.45849,53.71904],[-2.45793,53.71825],[-2.45781,53.71763],[-2.4577,53.71707],[-2.45758,53.71645],[-2.45665,53.71625],[-2.45542,53.71577],[-2.4548,53.71553],[-2.45519,53.71523],[-2.4548,53.71482],[-2.45377,53.71472],[-2.4533,53.71418],[-2.4521,53.71436],[-2.45128,53.71413],[-2.45051,53.71446],[-2.44995,53.71416],[-2.44965,53.71368],[-2.44836,53.71424],[-2.44699,53.7137],[-2.44592,53.7144],[-2.44501,53.71335],[-2.43175,53.71451],[-2.42631,53.71511],[-2.41495,53.71507],[-2.41176,53.71457],[-2.40877,53.71273],[-2.40634,53.70812],[-2.40456,53.7065],[-2.4058,53.70603],[-2.40685,53.70563],[-2.40881,53.70521],[-2.41103,53.70522],[-2.4105,53.70488],[-2.409,53.7032],[-2.40787,53.702],[-2.4064,53.7004],[-2.40564,53.69944],[-2.40335,53.69708],[-2.40288,53.69657],[-2.40528,53.6949],[-2.40999,53.69407],[-2.41194,53.69418],[-2.41106,53.68535],[-2.41143,53.68226],[-2.41398,53.68142],[-2.42097,53.68042],[-2.42084,53.67928],[-2.42131,53.6782],[-2.42088,53.67697],[-2.42215,53.67523],[-2.42214,53.67435],[-2.42306,53.67385],[-2.42309,53.67291],[-2.42532,53.67153],[-2.4271,53.67481],[-2.43349,53.67579],[-2.44806,53.67053],[-2.44776,53.66876],[-2.44678,53.66651],[-2.44498,53.66482],[-2.44478,53.66391],[-2.44523,53.66151],[-2.44536,53.66043],[-2.44507,53.65882],[-2.44449,53.65849],[-2.4469,53.65785],[-2.44794,53.6581],[-2.449,53.66015],[-2.45052,53.66136],[-2.45605,53.66287],[-2.46043,53.66439],[-2.46249,53.66446],[-2.46499,53.66373],[-2.46834,53.66355],[-2.47093,53.66429],[-2.47645,53.66385],[-2.48239,53.66428],[-2.48599,53.66487],[-2.48758,53.66545],[-2.4929,53.66528],[-2.4936,53.66698],[-2.49828,53.67203],[-2.49982,53.67117],[-2.50035,53.67032],[-2.50125,53.67009],[-2.50141,53.66929],[-2.50507,53.66851],[-2.50588,53.66858],[-2.50722,53.66837],[-2.50779,53.66793],[-2.50853,53.66765],[-2.50921,53.66829],[-2.51087,53.66923],[-2.51186,53.67096],[-2.51277,53.67146],[-2.51251,53.67223],[-2.51379,53.67345],[-2.51528,53.67453],[-2.51758,53.67495],[-2.51813,53.67529],[-2.5184,53.67546],[-2.51841,53.67658]],[[-2.45545,53.71456],[-2.45596,53.71517],[-2.45545,53.71456],[-2.45545,53.71456]]],[[[-2.51841,53.67658],[-2.5184,53.67736],[-2.5184,53.67808],[-2.51806,53.67885],[-2.51789,53.6801],[-2.51824,53.6831],[-2.51712,53.68464],[-2.5178,53.68541],[-2.51697,53.68833],[-2.51582,53.69065],[-2.51633,53.69263],[-2.5194,53.69379],[-2.52219,53.69513],[-2.52549,53.69494],[-2.52718,53.6952],[-2.52932,53.69576],[-2.53193,53.69647],[-2.53656,53.70006],[-2.53803,53.70131],[-2.53909,53.70183],[-2.54205,53.70513],[-2.54252,53.70702],[-2.54145,53.70795],[-2.54202,53.70889],[-2.54309,53.70966],[-2.54243,53.71057],[-2.54126,53.71102],[-2.54043,53.7126],[-2.53911,53.71312],[-2.53943,53.7145],[-2.53864,53.71458],[-2.52753,53.71301],[-2.52464,53.71273],[-2.51956,53.71281],[-2.51213,53.71306],[-2.50332,53.71365],[-2.4934,53.71494],[-2.48384,53.71639],[-2.48395,53.71682],[-2.48203,53.71769],[-2.48061,53.71887],[-2.47888,53.72003],[-2.47844,53.72076],[-2.47666,53.72111],[-2.47649,53.72137],[-2.47604,53.72135],[-2.47525,53.72154],[-2.47377,53.72171],[-2.47247,53.72212],[-2.47144,53.72265],[-2.4709,53.72298],[-2.46999,53.72308],[-2.46804,53.72295],[-2.46703,53.72316],[-2.46482,53.72354],[-2.46182,53.72386],[-2.46111,53.72277],[-2.45957,53.72058],[-2.45849,53.71904],[-2.45793,53.71825],[-2.45781,53.71763],[-2.4577,53.71707],[-2.45758,53.71645],[-2.45665,53.71625],[-2.45542,53.71577],[-2.4548,53.71553],[-2.45519,53.71523],[-2.4548,53.71482],[-2.45377,53.71472],[-2.4533,53.71418],[-2.4521,53.71436],[-2.45128,53.71413],[-2.45051,53.71446],[-2.44995,53.71416],[-2.44965,53.71368],[-2.44836,53.71424],[-2.44699,53.7137],[-2.44592,53.7144],[-2.44501,53.71335],[-2.43175,53.71451],[-2.42631,53.71511],[-2.41495,53.71507],[-2.41176,53.71457],[-2.40877,53.71273],[-2.40634,53.70812],[-2.40456,53.7065],[-2.4058,53.70603],[-2.40685,53.70563],[-2.40881,53.70521],[-2.41103,53.70522],[-2.4105,53.70488],[-2.409,53.7032],[-2.40787,53.702],[-2.4064,53.7004],[-2.40564,53.69944],[-2.40335,53.69708],[-2.40288,53.69657],[-2.40528,53.6949],[-2.40999,53.69407],[-2.41194,53.69418],[-2.41106,53.68535],[-2.41143,53.68226],[-2.41398,53.68142],[-2.42097,53.68042],[-2.42084,53.67928],[-2.42131,53.6782],[-2.42088,53.67697],[-2.42215,53.67523],[-2.42214,53.67435],[-2.42306,53.67385],[-2.42309,53.67291],[-2.42532,53.67153],[-2.4271,53.67481],[-2.43349,53.67579],[-2.44806,53.67053],[-2.44776,53.66876],[-2.44678,53.66651],[-2.44498,53.66482],[-2.44478,53.66391],[-2.44523,53.66151],[-2.44536,53.66043],[-2.44507,53.65882],[-2.44449,53.65849],[-2.4469,53.65785],[-2.44794,53.6581],[-2.449,53.66015],[-2.45052,53.66136],[-2.45605,53.66287],[-2.46043,53.66439],[-2.46249,53.66446],[-2.46499,53.66373],[-2.46834,53.66355],[-2.47093,53.66429],[-2.47645,53.66385],[-2.48239,53.66428],[-2.48599,53.66487],[-2.48758,53.66545],[-2.4929,53.66528],[-2.4936,53.66698],[-2.49828,53.67203],[-2.49982,53.67117],[-2.50035,53.67032],[-2.50125,53.67009],[-2.50141,53.66929],[-2.50507,53.66851],[-2.50588,53.66858],[-2.50722,53.66837],[-2.50779,53.66793],[-2.50853,53.66765],[-2.50921,53.66829],[-2.51087,53.66923],[-2.51186,53.67096],[-2.51277,53.67146],[-2.51251,53.67223],[-2.51379,53.67345],[-2.51528,53.67453],[-2.51758,53.67495],[-2.51813,53.67529],[-2.5184,53.67546],[-2.51841,53.67658]],[[-2.45545,53.71456],[-2.45596,53.71517],[-2.45545,53.71456],[-2.45545,53.71456]]]]}},{"type":"Feature","properties":{"id":"H036","name":"Our Lady of the Valley, Clitheroe","deaneryId":"H"},"geometry":{"type":"MultiPolygon","coordinates":[[[[-2.31794,53.85526],[-2.31228,53.85394],[-2.30576,53.85334],[-2.30165,53.85216],[-2.29013,53.8532],[-2.28962,53.85127],[-2.28715,53.85107],[-2.28509,53.85159],[-2.2768,53.85145],[-2.27459,53.85178],[-2.27133,53.85238],[-2.27109,53.85208],[-2.2694,53.85252],[-2.26553,53.84926],[-2.26292,53.84676],[-2.26194,53.84582],[-2.26211,53.84428],[-2.26903,53.84053],[-2.27047,53.83979],[-2.2744,53.83804],[-2.27635,53.83726],[-2.27821,53.83652],[-2.28262,53.83475],[-2.2833,53.83469],[-2.28485,53.83435],[-2.28583,53.834],[-2.28528,53.83336],[-2.28526,53.83297],[-2.2867,53.83288],[-2.29119,53.83167],[-2.29271,53.83176],[-2.297,53.83111],[-2.30116,53.83047],[-2.30236,53.83038],[-2.30558,53.82956],[-2.30924,53.8289],[-2.31317,53.82868],[-2.31493,53.82845],[-2.31794,53.82771],[-2.32232,53.82685],[-2.32532,53.8265],[-2.33065,53.82579],[-2.33597,53.82427],[-2.33743,53.82457],[-2.34361,53.82259],[-2.34798,53.82133],[-2.35074,53.81949],[-2.35331,53.81886],[-2.35715,53.81756],[-2.35915,53.81612],[-2.36006,53.81529],[-2.3648,53.81311],[-2.36906,53.81291],[-2.37103,53.81266],[-2.37313,53.81304],[-2.37365,53.81337],[-2.37496,53.81334],[-2.37648,53.81352],[-2.37699,53.81408],[-2.37654,53.81408],[-2.37587,53.81411],[-2.37573,53.81536],[-2.37497,53.8159],[-2.3742,53.81584],[-2.37448,53.8165],[-2.37473,53.81728],[-2.37461,53.81791],[-2.37522,53.81886],[-2.37566,53.81966],[-2.37652,53.82055],[-2.37743,53.82137],[-2.37812,53.82201],[-2.38023,53.82305],[-2.37749,53.82538],[-2.37026,53.82987],[-2.36232,53.83527],[-2.35179,53.83869],[-2.35594,53.84181],[-2.39113,53.84643],[-2.42329,53.84972],[-2.42708,53.84473],[-2.43253,53.84448],[-2.43396,53.84336],[-2.43435,53.84065],[-2.43563,53.83983],[-2.43748,53.83993],[-2.44191,53.83896],[-2.44174,53.84122],[-2.443,53.84427],[-2.44321,53.84523],[-2.44832,53.84539],[-2.45089,53.84557],[-2.45202,53.84654],[-2.45094,53.84818],[-2.44823,53.85065],[-2.44675,53.85202],[-2.44652,53.85465],[-2.45175,53.85496],[-2.46031,53.85615],[-2.45965,53.85779],[-2.4555,53.86016],[-2.45603,53.86146],[-2.46077,53.86323],[-2.46225,53.86402],[-2.46111,53.86569],[-2.45984,53.86695],[-2.46083,53.86857],[-2.46458,53.87014],[-2.46952,53.87166],[-2.46978,53.87323],[-2.46926,53.87475],[-2.47313,53.87616],[-2.47639,53.87657],[-2.47922,53.87935],[-2.48214,53.87991],[-2.48403,53.87905],[-2.48591,53.87804],[-2.48797,53.87804],[-2.48808,53.87941],[-2.48762,53.88251],[-2.48879,53.88327],[-2.49207,53.88341],[-2.49219,53.88115],[-2.49507,53.8819],[-2.49878,53.88352],[-2.49885,53.88377],[-2.50024,53.88426],[-2.50345,53.88442],[-2.50771,53.88422],[-2.51237,53.88495],[-2.51236,53.88365],[-2.51495,53.88457],[-2.51688,53.88439],[-2.5166,53.88279],[-2.52134,53.88221],[-2.523,53.88465],[-2.52763,53.88286],[-2.52952,53.88181],[-2.53161,53.88239],[-2.53507,53.8832],[-2.53703,53.88323],[-2.53776,53.88461],[-2.53748,53.88542],[-2.53834,53.8859],[-2.54082,53.88581],[-2.542,53.8869],[-2.54116,53.88765],[-2.53439,53.8886],[-2.53299,53.88927],[-2.53397,53.89135],[-2.53254,53.89206],[-2.53098,53.89455],[-2.53215,53.89662],[-2.53053,53.89848],[-2.52712,53.89947],[-2.52675,53.90182],[-2.52997,53.90316],[-2.52955,53.90872],[-2.52888,53.91339],[-2.52426,53.91449],[-2.52334,53.91583],[-2.52238,53.91676],[-2.52001,53.91682],[-2.52023,53.9183],[-2.52384,53.91971],[-2.52437,53.92222],[-2.52323,53.92337],[-2.52346,53.92611],[-2.52631,53.92964],[-2.52947,53.93051],[-2.5369,53.93279],[-2.54122,53.93214],[-2.54584,53.93075],[-2.55048,53.92743],[-2.55289,53.92547],[-2.55493,53.926],[-2.55699,53.92584],[-2.55923,53.92488],[-2.56215,53.92549],[-2.5649,53.92558],[-2.57494,53.92176],[-2.57555,53.92265],[-2.57765,53.92344],[-2.579,53.9234],[-2.58195,53.92423],[-2.58531,53.92223],[-2.58819,53.92163],[-2.59017,53.92044],[-2.59251,53.92136],[-2.59466,53.9201],[-2.59753,53.91972],[-2.59938,53.92049],[-2.60218,53.92001],[-2.60579,53.91999],[-2.60857,53.91946],[-2.61026,53.92028],[-2.61236,53.9205],[-2.61286,53.92023],[-2.61383,53.92053],[-2.61427,53.91953],[-2.61493,53.92082],[-2.61635,53.92328],[-2.61816,53.92573],[-2.62245,53.92961],[-2.62958,53.93071],[-2.62671,53.9387],[-2.63938,53.94442],[-2.64844,53.94891],[-2.65109,53.95234],[-2.64733,53.95435],[-2.64389,53.95744],[-2.63769,53.95847],[-2.6304,53.95771],[-2.61823,53.95221],[-2.6156,53.95266],[-2.61253,53.9568],[-2.60096,53.95732],[-2.58591,53.96198],[-2.58038,53.96638],[-2.57732,53.97211],[-2.55753,53.97495],[-2.56634,53.97948],[-2.57391,53.98521],[-2.57331,53.98638],[-2.57094,53.98772],[-2.57136,53.98948],[-2.57695,53.99288],[-2.58074,54.00011],[-2.5797,54.00701],[-2.57218,54.01461],[-2.55727,54.01544],[-2.55272,54.01449],[-2.54919,54.01366],[-2.54584,54.01491],[-2.54424,54.01963],[-2.53917,54.02247],[-2.53109,54.0242],[-2.52746,54.02622],[-2.52359,54.0235],[-2.51868,54.02123],[-2.51288,54.02235],[-2.50268,54.02039],[-2.49786,54.02209],[-2.49893,54.02399],[-2.50049,54.02486],[-2.49929,54.02504],[-2.49776,54.02581],[-2.49789,54.02738],[-2.49565,54.02887],[-2.49435,54.03067],[-2.49287,54.03209],[-2.49283,54.03413],[-2.49399,54.03653],[-2.49226,54.04006],[-2.48792,54.04228],[-2.48197,54.04355],[-2.46955,54.0462],[-2.47109,54.05108],[-2.46899,54.05506],[-2.4639,54.06151],[-2.46554,54.07184],[-2.46426,54.07545],[-2.47076,54.07638],[-2.48037,54.08537],[-2.48625,54.08444],[-2.49256,54.08952],[-2.5089,54.09226],[-2.50929,54.09548],[-2.5239,54.09473],[-2.5263,54.09905],[-2.52418,54.10048],[-2.52483,54.10228],[-2.53465,54.1035],[-2.53707,54.10468],[-2.53822,54.10567],[-2.53668,54.10658],[-2.53665,54.10903],[-2.54046,54.11086],[-2.54616,54.11488],[-2.54471,54.11714],[-2.54783,54.11858],[-2.54406,54.11827],[-2.54275,54.11877],[-2.5408,54.11905],[-2.53731,54.11922],[-2.53477,54.11907],[-2.5333,54.11952],[-2.52647,54.11995],[-2.52406,54.12054],[-2.51824,54.11981],[-2.51579,54.11913],[-2.51488,54.11847],[-2.51064,54.11803],[-2.50677,54.11798],[-2.50187,54.11866],[-2.49625,54.11778],[-2.49407,54.11831],[-2.48555,54.11872],[-2.47859,54.11799],[-2.46519,54.11976],[-2.4575,54.11905],[-2.44647,54.11935],[-2.44387,54.12004],[-2.43456,54.11749],[-2.43223,54.1178],[-2.42854,54.1188],[-2.42295,54.11831],[-2.41737,54.11933],[-2.4141,54.11868],[-2.4108,54.11879],[-2.40674,54.11786],[-2.40445,54.11754],[-2.39809,54.11924],[-2.39631,54.11602],[-2.39482,54.11484],[-2.38362,54.10345],[-2.37733,54.09163],[-2.37222,54.07457],[-2.36482,54.06389],[-2.35963,54.04829],[-2.35559,54.04183],[-2.35195,54.03801],[-2.34981,54.03421],[-2.34874,54.02734],[-2.34207,54.01608],[-2.33877,54.00702],[-2.33834,54.00429],[-2.33411,53.99613],[-2.33528,53.994],[-2.3385,53.99021],[-2.33798,53.98923],[-2.33742,53.98829],[-2.33742,53.98769],[-2.33695,53.9875],[-2.33603,53.98622],[-2.33622,53.98579],[-2.33539,53.9852],[-2.3356,53.98486],[-2.33555,53.98431],[-2.33509,53.98352],[-2.33572,53.9831],[-2.33599,53.98253],[-2.33605,53.98198],[-2.33563,53.98178],[-2.33518,53.98181],[-2.33506,53.98165],[-2.33517,53.98155],[-2.33545,53.98151],[-2.33535,53.98113],[-2.33501,53.98079],[-2.33499,53.97917],[-2.3356,53.97841],[-2.33581,53.97823],[-2.33574,53.9779],[-2.33529,53.97794],[-2.33507,53.97778],[-2.33518,53.97679],[-2.33482,53.97607],[-2.33438,53.97579],[-2.33401,53.97538],[-2.33278,53.97544],[-2.33265,53.97489],[-2.33262,53.97404],[-2.33201,53.97381],[-2.33249,53.97334],[-2.33215,53.97291],[-2.33248,53.97243],[-2.33178,53.9719],[-2.33059,53.97063],[-2.33094,53.96975],[-2.32918,53.96872],[-2.32819,53.96776],[-2.32874,53.96644],[-2.32956,53.96591],[-2.33061,53.96566],[-2.33082,53.96516],[-2.33052,53.9647],[-2.33095,53.96432],[-2.3302,53.96341],[-2.33061,53.96227],[-2.32905,53.95246],[-2.32828,53.95198],[-2.32764,53.95168],[-2.32758,53.95122],[-2.32916,53.95046],[-2.32923,53.94978],[-2.3313,53.94815],[-2.33119,53.94719],[-2.33175,53.94657],[-2.33191,53.94498],[-2.33291,53.94436],[-2.33312,53.94385],[-2.33406,53.94337],[-2.33371,53.94268],[-2.33213,53.942],[-2.33208,53.94166],[-2.3309,53.94101],[-2.33082,53.93962],[-2.32865,53.93705],[-2.32984,53.9364],[-2.33153,53.93659],[-2.33045,53.93494],[-2.33345,53.93485],[-2.33406,53.93418],[-2.33684,53.93219],[-2.33494,53.93171],[-2.3335,53.93051],[-2.33371,53.92963],[-2.33541,53.92744],[-2.33407,53.92696],[-2.33416,53.92635],[-2.33522,53.92532],[-2.33857,53.92422],[-2.33989,53.9233],[-2.34008,53.92112],[-2.34165,53.91746],[-2.34039,53.91597],[-2.34142,53.91529],[-2.34362,53.91514],[-2.34567,53.91477],[-2.34826,53.9141],[-2.34733,53.91255],[-2.34505,53.91052],[-2.34215,53.90981],[-2.34111,53.909],[-2.34163,53.90837],[-2.34356,53.90731],[-2.34564,53.90679],[-2.34554,53.905],[-2.34554,53.905],[-2.34439,53.90451],[-2.34388,53.90384],[-2.34299,53.90393],[-2.34091,53.90381],[-2.33918,53.90371],[-2.33689,53.90359],[-2.33362,53.90396],[-2.33252,53.90405],[-2.33089,53.90431],[-2.33002,53.90379],[-2.32861,53.90376],[-2.32778,53.90324],[-2.32731,53.90253],[-2.32618,53.90217],[-2.3238,53.90175],[-2.32207,53.90092],[-2.32115,53.90254],[-2.31942,53.9016],[-2.31668,53.90152],[-2.31375,53.90091],[-2.31111,53.90053],[-2.30988,53.90054],[-2.30835,53.89988],[-2.3076,53.90076],[-2.30608,53.901],[-2.30366,53.90029],[-2.30211,53.89968],[-2.30085,53.89955],[-2.29986,53.89976],[-2.29912,53.9002],[-2.29638,53.90152],[-2.29297,53.90047],[-2.29007,53.90039],[-2.28864,53.9001],[-2.28642,53.90008],[-2.28212,53.89844],[-2.28025,53.89714],[-2.27964,53.89602],[-2.27867,53.89502],[-2.27784,53.89369],[-2.27357,53.89092],[-2.27437,53.88847],[-2.26948,53.88741],[-2.26718,53.88609],[-2.26607,53.88449],[-2.26249,53.88464],[-2.26159,53.88333],[-2.26006,53.88173],[-2.26024,53.88081],[-2.25902,53.87974],[-2.2593,53.87903],[-2.25938,53.87768],[-2.26585,53.87572],[-2.2703,53.87569],[-2.27349,53.87916],[-2.27971,53.87693],[-2.28604,53.87398],[-2.29477,53.87287],[-2.29904,53.87185],[-2.30373,53.87102],[-2.30612,53.87027],[-2.30789,53.86907],[-2.3106,53.86679],[-2.31365,53.86458],[-2.31755,53.86226],[-2.31965,53.86103],[-2.32,53.85941],[-2.31927,53.85805],[-2.318,53.85719],[-2.31794,53.85526]]]]}},{"type":"Feature","properties":{"id":"H037","name":"St Alban, Blackburn","deaneryId":"H"},"geometry":{"type":"MultiPolygon","coordinates":[[[[-2.4529,53.77033],[-2.45278,53.77015],[-2.45132,53.76908],[-2.44991,53.76835],[-2.44682,53.76678],[-2.44811,53.7657],[-2.4497,53.76353],[-2.44922,53.76221],[-2.44766,53.76084],[-2.45237,53.75907],[-2.46284,53.75499],[-2.46196,53.7539],[-2.46255,53.75383],[-2.46368,53.75318],[-2.46429,53.75263],[-2.46561,53.75221],[-2.46639,53.75158],[-2.46686,53.75079],[-2.46686,53.7503],[-2.46729,53.74988],[-2.46835,53.7498],[-2.47064,53.74962],[-2.47154,53.74929],[-2.47227,53.74902],[-2.47373,53.74876],[-2.47422,53.74859],[-2.4748,53.74838],[-2.47571,53.74705],[-2.47641,53.74719],[-2.47631,53.74799],[-2.47851,53.74663],[-2.47948,53.74721],[-2.48077,53.74842],[-2.48119,53.74882],[-2.48155,53.75031],[-2.48137,53.75155],[-2.48409,53.75164],[-2.48626,53.75139],[-2.48761,53.75108],[-2.48911,53.75193],[-2.49117,53.7522],[-2.49136,53.75265],[-2.49246,53.75349],[-2.49314,53.75443],[-2.49336,53.75506],[-2.49317,53.75589],[-2.49241,53.75707],[-2.49125,53.7577],[-2.49261,53.75871],[-2.49318,53.75966],[-2.49281,53.75986],[-2.4934,53.76045],[-2.49349,53.76133],[-2.49533,53.76222],[-2.49625,53.76387],[-2.49634,53.76426],[-2.49653,53.76517],[-2.49747,53.76671],[-2.49897,53.76857],[-2.50017,53.76996],[-2.50156,53.77117],[-2.50441,53.77464],[-2.5092,53.77763],[-2.51091,53.77813],[-2.50892,53.77991],[-2.50555,53.78222],[-2.50469,53.78317],[-2.50484,53.78532],[-2.50431,53.78871],[-2.50309,53.78964],[-2.49977,53.78929],[-2.4926,53.78941],[-2.49176,53.79151],[-2.48668,53.79091],[-2.48399,53.79039],[-2.4818,53.79001],[-2.48009,53.78914],[-2.47929,53.78831],[-2.47592,53.78712],[-2.47539,53.78674],[-2.47276,53.78651],[-2.4708,53.78598],[-2.46826,53.78596],[-2.46632,53.78556],[-2.46361,53.78493],[-2.46091,53.78393],[-2.46296,53.78261],[-2.46674,53.78106],[-2.46281,53.77847],[-2.46079,53.77803],[-2.45921,53.77677],[-2.45596,53.77423],[-2.45347,53.77324],[-2.45338,53.77111],[-2.4529,53.77033]]]]}},{"type":"Feature","properties":{"id":"H038","name":"St Oscar Romero, Blackburn","deaneryId":"H"},"geometry":{"type":"MultiPolygon","coordinates":[[[[-2.49115,53.73234],[-2.4916,53.73185],[-2.49151,53.7316],[-2.48859,53.73072],[-2.4887,53.72996],[-2.48748,53.72833],[-2.48767,53.7266],[-2.4862,53.72592],[-2.48567,53.726],[-2.485,53.72548],[-2.48516,53.72402],[-2.48231,53.72371],[-2.48129,53.72367],[-2.48028,53.72291],[-2.47897,53.7224],[-2.47821,53.72283],[-2.47684,53.72291],[-2.47596,53.72247],[-2.47604,53.72135],[-2.47649,53.72137],[-2.47666,53.72111],[-2.47844,53.72076],[-2.47888,53.72003],[-2.48061,53.71887],[-2.48163,53.71802],[-2.48203,53.71769],[-2.48395,53.71682],[-2.48384,53.71639],[-2.48747,53.71584],[-2.4934,53.71494],[-2.49808,53.71433],[-2.50332,53.71365],[-2.51213,53.71306],[-2.51956,53.71281],[-2.52464,53.71273],[-2.52753,53.71301],[-2.53864,53.71458],[-2.53943,53.7145],[-2.53935,53.71533],[-2.53973,53.71608],[-2.53972,53.71725],[-2.53995,53.71808],[-2.54118,53.71854],[-2.54151,53.71895],[-2.54091,53.7196],[-2.5414,53.72009],[-2.54223,53.72015],[-2.54316,53.7211],[-2.54541,53.72186],[-2.54616,53.72305],[-2.54492,53.7238],[-2.54641,53.72503],[-2.5504,53.72653],[-2.55226,53.72631],[-2.55434,53.72545],[-2.55551,53.72519],[-2.55627,53.72621],[-2.55717,53.72735],[-2.56001,53.72804],[-2.5632,53.72763],[-2.56503,53.72909],[-2.56497,53.73197],[-2.56431,53.73363],[-2.56388,53.73478],[-2.56391,53.73544],[-2.56348,53.73609],[-2.56192,53.7374],[-2.56388,53.73833],[-2.56552,53.73959],[-2.5676,53.74068],[-2.56774,53.74177],[-2.56513,53.74211],[-2.56483,53.74283],[-2.56448,53.74385],[-2.56302,53.74406],[-2.56196,53.74461],[-2.56185,53.74526],[-2.5625,53.74585],[-2.56214,53.74689],[-2.5616,53.74689],[-2.56041,53.74729],[-2.55899,53.74761],[-2.55814,53.74907],[-2.5552,53.74955],[-2.55399,53.74969],[-2.55276,53.75157],[-2.55198,53.75414],[-2.55141,53.75654],[-2.55016,53.75738],[-2.54919,53.75804],[-2.54701,53.75884],[-2.54299,53.75947],[-2.53972,53.7599],[-2.53657,53.75955],[-2.53634,53.75907],[-2.53491,53.7591],[-2.5345,53.7588],[-2.5332,53.75889],[-2.53235,53.75867],[-2.53261,53.75514],[-2.53156,53.75239],[-2.53115,53.74954],[-2.52736,53.7498],[-2.52731,53.749],[-2.52726,53.74823],[-2.52677,53.74724],[-2.52605,53.74679],[-2.52345,53.74609],[-2.5192,53.7473],[-2.51668,53.74803],[-2.5139,53.74867],[-2.51273,53.74777],[-2.51065,53.74902],[-2.5098,53.74566],[-2.50729,53.74579],[-2.50559,53.74582],[-2.50076,53.74574],[-2.50002,53.74585],[-2.49951,53.74266],[-2.49744,53.74275],[-2.49452,53.74302],[-2.49284,53.74343],[-2.48893,53.74551],[-2.48669,53.74638],[-2.4855,53.74685],[-2.48464,53.74739],[-2.48466,53.74763],[-2.48455,53.74774],[-2.48328,53.74774],[-2.48077,53.74842],[-2.47948,53.74721],[-2.47851,53.74663],[-2.47952,53.746],[-2.48059,53.74514],[-2.48158,53.74435],[-2.48501,53.74211],[-2.48354,53.74136],[-2.48424,53.74089],[-2.48504,53.74037],[-2.48615,53.73949],[-2.48716,53.73869],[-2.48964,53.73638],[-2.49033,53.73346],[-2.49115,53.73234]]]]}},{"type":"Feature","properties":{"id":"H039","name":"Sacred Heart and St Anne, Blackburn","deaneryId":"H"},"geometry":{"type":"MultiPolygon","coordinates":[[[[-2.49117,53.7522],[-2.48911,53.75193],[-2.48761,53.75108],[-2.48626,53.75139],[-2.48409,53.75164],[-2.48137,53.75155],[-2.48155,53.75031],[-2.48119,53.74882],[-2.48077,53.74842],[-2.48328,53.74774],[-2.48455,53.74774],[-2.48466,53.74763],[-2.48464,53.74739],[-2.4855,53.74685],[-2.48841,53.74571],[-2.48893,53.74551],[-2.49174,53.74402],[-2.49284,53.74343],[-2.49452,53.74302],[-2.49744,53.74275],[-2.49951,53.74266],[-2.50002,53.74585],[-2.50076,53.74574],[-2.50285,53.74577],[-2.50559,53.74582],[-2.50729,53.74579],[-2.5098,53.74566],[-2.51065,53.74902],[-2.51273,53.74777],[-2.5139,53.74867],[-2.51668,53.74803],[-2.5192,53.7473],[-2.52345,53.74609],[-2.52605,53.74679],[-2.52677,53.74724],[-2.52726,53.74823],[-2.52736,53.7498],[-2.53115,53.74954],[-2.53156,53.75239],[-2.53261,53.75514],[-2.53235,53.75867],[-2.53171,53.75954],[-2.52897,53.75983],[-2.52831,53.75955],[-2.52723,53.7597],[-2.52569,53.75966],[-2.52421,53.76043],[-2.52362,53.76028],[-2.52238,53.76118],[-2.52151,53.76146],[-2.52077,53.76218],[-2.51981,53.76234],[-2.51933,53.76338],[-2.5186,53.76395],[-2.51682,53.76422],[-2.5156,53.7647],[-2.51544,53.76548],[-2.5147,53.76626],[-2.51278,53.76651],[-2.51126,53.76672],[-2.51009,53.76831],[-2.5097,53.7691],[-2.5086,53.76943],[-2.50469,53.76968],[-2.50215,53.76892],[-2.50026,53.76869],[-2.49897,53.76857],[-2.49747,53.76671],[-2.49653,53.76517],[-2.49634,53.76426],[-2.49625,53.76387],[-2.49533,53.76222],[-2.49349,53.76133],[-2.4934,53.76045],[-2.49281,53.75986],[-2.49318,53.75966],[-2.49261,53.75871],[-2.49125,53.7577],[-2.49241,53.75707],[-2.49282,53.75644],[-2.49317,53.75589],[-2.49336,53.75506],[-2.49314,53.75443],[-2.49246,53.75349],[-2.49136,53.75265],[-2.49117,53.7522]]]]}}]}
